design_id,binder_len,n_interface,n_epitope_hit,epitope_recall,interface_precision,n_catalytic_contacts,catalytic_ok,contacted_epitope,target_chain,status
KPC3_0004,12,18,7,0.389,0.389,1,True,103|104|129|131|165|166|215,A,ok
KPC3_0008,12,18,5,0.278,0.278,1,True,103|165|166|169|237,A,ok
KPC3_0008_2,12,18,5,0.278,0.278,1,True,103|165|166|169|237,A,ok
KPC3_0008_3,12,27,14,0.778,0.519,3,True,69|72|103|104|129|131|165|166|169|215|219|234|236|272,A,ok
KPC3_0008_4,12,23,15,0.833,0.652,3,True,69|72|103|104|131|165|166|169|215|219|234|235|236|237|272,A,ok
KPC3_0012,39,20,3,0.167,0.15,1,True,165|169|237,A,ok
KPC3_0017,39,11,3,0.167,0.273,1,True,103|165|166,A,ok
KPC3_0020,40,11,3,0.167,0.273,1,True,103|165|166,A,ok
KPC3_0025,40,16,3,0.167,0.188,1,True,103|165|166,A,ok
KPC3_0030,43,12,2,0.111,0.167,0,False,103|104,A,ok
KPC3_0031,43,11,1,0.056,0.091,1,True,165,A,ok
KPC3_0034,43,21,14,0.778,0.667,3,True,69|72|103|104|131|165|166|169|215|219|234|236|237|272,A,ok
KPC3_0037,43,15,2,0.111,0.133,1,True,165|166,A,ok
KPC3_0040,42,19,5,0.278,0.263,1,True,103|131|165|166|169,A,ok
KPC3_0043,42,31,1,0.056,0.032,1,True,165,A,ok
KPC3_0048,42,13,0,0.0,0.0,0,False,,A,ok
KPC3_0053,23,25,0,0.0,0.0,0,False,,A,ok
KPC3_0053_2,23,25,0,0.0,0.0,0,False,,A,ok
KPC3_0053_3,23,28,14,0.778,0.5,3,True,69|72|103|104|129|131|165|166|169|215|219|236|237|272,A,ok
KPC3_0053_4,23,26,4,0.222,0.154,1,True,103|131|165|166,A,ok
KPC3_0054,23,19,3,0.167,0.158,0,False,103|104|166,A,ok
KPC3_0055,23,14,0,0.0,0.0,0,False,,A,ok
KPC3_0056,23,8,1,0.056,0.125,0,False,166,A,ok
KPC3_0059,23,35,14,0.778,0.4,2,True,69|104|129|131|165|166|169|215|219|234|235|236|237|272,A,ok
KPC3_0072,13,27,12,0.667,0.444,3,True,69|72|104|129|131|165|166|169|215|236|237|272,A,ok
KPC3_0073,13,13,1,0.056,0.077,0,False,272,A,ok
KPC3_0077,13,16,3,0.167,0.188,1,True,103|165|166,A,ok
KPC3_0079,13,22,9,0.5,0.409,1,True,103|104|131|165|166|219|236|237|272,A,ok
KPC3_0090,18,21,10,0.556,0.476,2,True,68|69|103|104|131|165|166|169|236|237,A,ok
KPC3_0095,18,28,15,0.833,0.536,3,True,69|103|104|129|165|166|169|215|219|233|234|235|236|237|272,A,ok
KPC3_0096,18,20,12,0.667,0.6,2,True,103|104|129|131|165|166|215|219|233|234|236|272,A,ok
KPC3_0103,25,29,0,0.0,0.0,0,False,,A,ok
KPC3_0104,25,11,3,0.167,0.273,1,True,103|165|166,A,ok
KPC3_0104_2,25,11,3,0.167,0.273,1,True,103|165|166,A,ok
KPC3_0104_3,25,15,0,0.0,0.0,0,False,,A,ok
KPC3_0104_4,25,10,5,0.278,0.5,0,False,103|104|215|236|272,A,ok
KPC3_0107,25,23,15,0.833,0.652,2,True,69|103|104|129|131|165|166|169|215|219|234|235|236|237|272,A,ok
KPC3_0113,21,22,10,0.556,0.455,3,True,69|72|103|104|131|165|166|169|236|237,A,ok
KPC3_0116,21,27,12,0.667,0.444,2,True,69|72|103|104|129|131|166|215|219|236|237|272,A,ok
KPC3_0117,21,14,0,0.0,0.0,0,False,,A,ok
KPC3_0121,19,13,5,0.278,0.385,1,True,103|165|166|236|237,A,ok
KPC3_0124,19,25,3,0.167,0.12,1,True,103|165|166,A,ok
KPC3_0128,19,13,3,0.167,0.231,1,True,131|165|166,A,ok
KPC3_0130,35,20,10,0.556,0.5,1,True,69|104|129|131|215|219|234|235|236|272,A,ok
KPC3_0131,35,29,13,0.722,0.448,3,True,69|72|103|104|129|131|165|166|169|219|236|237|272,A,ok
KPC3_0132,35,14,2,0.111,0.143,0,False,103|166,A,ok
KPC3_0133,35,14,0,0.0,0.0,0,False,,A,ok
KPC3_0134,35,14,4,0.222,0.286,1,True,103|131|165|166,A,ok
KPC3_0136,35,14,0,0.0,0.0,0,False,,A,ok
KPC3_0142,15,20,9,0.5,0.45,2,True,69|104|129|131|165|166|169|236|237,A,ok
KPC3_0142_2,15,20,9,0.5,0.45,2,True,69|104|129|131|165|166|169|236|237,A,ok
KPC3_0142_3,15,25,13,0.722,0.52,3,True,69|72|103|104|129|131|165|166|169|215|236|237|272,A,ok
KPC3_0142_4,15,27,12,0.667,0.444,2,True,69|104|129|131|165|166|169|215|219|236|237|272,A,ok
KPC3_0143,15,27,14,0.778,0.519,3,True,69|72|103|104|129|131|165|166|169|215|234|236|237|272,A,ok
KPC3_0152,24,21,9,0.5,0.429,1,True,103|104|165|166|215|219|236|237|272,A,ok
KPC3_0153,24,22,9,0.5,0.409,1,True,103|104|131|165|166|169|236|237|272,A,ok
KPC3_0156,24,18,3,0.167,0.167,1,True,103|165|166,A,ok
KPC3_0164,20,11,2,0.111,0.182,1,True,165|166,A,ok
KPC3_0172,16,12,2,0.111,0.167,0,False,103|166,A,ok
KPC3_0172_2,16,12,2,0.111,0.167,0,False,103|166,A,ok
KPC3_0172_3,16,15,3,0.167,0.2,0,False,103|104|166,A,ok
KPC3_0172_4,16,15,3,0.167,0.2,1,True,103|165|166,A,ok
KPC3_0173,16,9,3,0.167,0.333,1,True,103|165|166,A,ok
KPC3_0174,16,25,13,0.722,0.52,3,True,69|72|103|129|131|165|166|169|215|219|236|237|272,A,ok
KPC3_0175,16,23,6,0.333,0.261,1,True,103|165|166|169|236|237,A,ok
KPC3_0176,16,17,2,0.111,0.118,0,False,103|166,A,ok
KPC3_0181,43,22,11,0.611,0.5,0,False,103|104|129|131|166|169|215|219|236|237|272,A,ok
KPC3_0182,43,14,2,0.111,0.143,0,False,103|166,A,ok
KPC3_0185,43,12,1,0.056,0.083,1,True,165,A,ok
KPC3_0191,19,32,14,0.778,0.438,2,True,69|103|104|129|131|165|166|169|215|219|234|235|236|237,A,ok
KPC3_0196,19,34,16,0.889,0.471,4,True,69|72|103|104|129|131|165|166|169|215|233|234|235|236|237|272,A,ok
KPC3_0197,19,15,4,0.222,0.267,1,True,103|165|166|237,A,ok
KPC3_0199,19,26,13,0.722,0.5,2,True,69|72|103|104|129|131|166|169|215|219|236|237|272,A,ok
KPC3_0201,17,33,15,0.833,0.455,3,True,69|103|104|129|131|165|166|169|215|219|233|234|235|236|272,A,ok
KPC3_0203,17,11,2,0.111,0.182,1,True,165|166,A,ok
KPC3_0205,17,24,12,0.667,0.5,3,True,69|72|103|104|129|131|165|166|169|215|236|272,A,ok
KPC3_0207,17,10,3,0.167,0.3,1,True,103|165|166,A,ok
KPC3_0209,17,16,6,0.333,0.375,1,True,103|131|165|166|236|237,A,ok
KPC3_0212,36,11,1,0.056,0.091,1,True,165,A,ok
KPC3_0213,36,20,5,0.278,0.25,1,True,103|165|166|169|237,A,ok
KPC3_0220,39,14,2,0.111,0.143,0,False,103|166,A,ok
KPC3_0222,39,16,3,0.167,0.188,1,True,103|165|166,A,ok
KPC3_0224,39,8,0,0.0,0.0,0,False,,A,ok
KPC3_0225,39,15,2,0.111,0.133,0,False,103|166,A,ok
KPC3_0227,39,13,4,0.222,0.308,0,False,103|166|169|237,A,ok
KPC3_0228,39,32,0,0.0,0.0,0,False,,A,ok
KPC3_0234,35,15,0,0.0,0.0,0,False,,A,ok
KPC3_0241,17,16,6,0.333,0.375,1,True,103|104|165|166|169|237,A,ok
KPC3_0242,17,27,18,1.0,0.667,4,True,68|69|72|103|104|129|131|165|166|169|215|219|233|234|235|236|237|272,A,ok
KPC3_0243,17,13,2,0.111,0.154,1,True,165|166,A,ok
KPC3_0245,17,11,2,0.111,0.182,1,True,165|166,A,ok
KPC3_0247,17,13,0,0.0,0.0,0,False,,A,ok
KPC3_0255,43,20,5,0.278,0.25,1,True,103|104|131|165|166,A,ok
KPC3_0262,30,12,3,0.167,0.25,1,True,103|165|166,A,ok
KPC3_0264,30,25,2,0.111,0.08,0,False,103|104,A,ok
KPC3_0266,30,12,2,0.111,0.167,0,False,103|166,A,ok
KPC3_0267,30,20,3,0.167,0.15,1,True,103|165|166,A,ok
KPC3_0268,30,21,0,0.0,0.0,0,False,,A,ok
KPC3_0270,38,18,8,0.444,0.444,0,False,103|104|131|166|215|219|236|272,A,ok
KPC3_0274,38,7,2,0.111,0.286,1,True,165|166,A,ok
KPC3_0275,38,11,0,0.0,0.0,0,False,,A,ok
KPC3_0276,38,11,7,0.389,0.636,0,False,103|104|129|215|219|236|272,A,ok
KPC3_0278,38,32,7,0.389,0.219,1,True,103|104|165|166|215|236|272,A,ok
KPC3_0286,34,13,5,0.278,0.385,0,False,104|215|219|236|272,A,ok
KPC3_0288,34,10,2,0.111,0.2,0,False,104|272,A,ok
KPC3_0290,31,11,4,0.222,0.364,0,False,103|166|169|237,A,ok
KPC3_0293,31,16,0,0.0,0.0,0,False,,A,ok
KPC3_0295,31,22,16,0.889,0.727,3,True,69|72|103|104|129|131|166|169|215|219|233|234|235|236|237|272,A,ok
KPC3_0297,31,17,3,0.167,0.176,1,True,103|165|166,A,ok
KPC3_0300,35,12,2,0.111,0.167,1,True,165|166,A,ok
KPC3_0302,35,17,2,0.111,0.118,1,True,165|166,A,ok
KPC3_0305,35,16,2,0.111,0.125,1,True,165|166,A,ok
KPC3_0306,35,13,0,0.0,0.0,0,False,,A,ok
KPC3_0307,35,18,4,0.222,0.222,1,True,103|104|165|166,A,ok
KPC3_0310,17,13,3,0.167,0.231,1,True,103|165|166,A,ok
KPC3_0311,17,13,0,0.0,0.0,0,False,,A,ok
KPC3_0312,17,14,3,0.167,0.214,1,True,103|165|166,A,ok
KPC3_0313,17,29,14,0.778,0.483,3,True,68|69|72|103|104|131|165|166|169|219|235|236|237|272,A,ok
KPC3_0314,17,27,15,0.833,0.556,2,True,103|104|129|131|165|166|169|215|219|233|234|235|236|237|272,A,ok
KPC3_0318,17,18,1,0.056,0.056,1,True,165,A,ok
KPC3_0327,18,30,12,0.667,0.4,3,True,69|72|103|131|165|166|169|215|219|234|236|272,A,ok
KPC3_0329,18,18,0,0.0,0.0,0,False,,A,ok
KPC3_0331,33,18,9,0.5,0.5,0,False,103|104|131|166|169|215|236|237|272,A,ok
KPC3_0332,33,10,2,0.111,0.2,1,True,165|166,A,ok
KPC3_0334,33,25,11,0.611,0.44,2,True,69|103|104|129|165|166|215|234|235|236|237,A,ok
KPC3_0346,29,11,0,0.0,0.0,0,False,,A,ok
KPC3_0351,13,21,13,0.722,0.619,3,True,69|72|103|104|129|131|165|166|169|215|219|236|272,A,ok
KPC3_0352,13,18,13,0.722,0.722,1,True,69|103|104|129|131|166|169|215|219|234|235|236|237,A,ok
KPC3_0353,13,21,13,0.722,0.619,2,True,69|104|129|131|165|166|169|215|219|234|236|237|272,A,ok
KPC3_0355,13,13,5,0.278,0.385,1,True,103|104|131|165|166,A,ok
KPC3_0359,13,21,13,0.722,0.619,2,True,69|104|129|131|165|166|169|215|219|234|236|237|272,A,ok
KPC3_0362,44,11,4,0.222,0.364,1,True,103|131|165|166,A,ok
KPC3_0364,44,12,0,0.0,0.0,0,False,,A,ok
KPC3_0370,13,13,3,0.167,0.231,1,True,103|165|166,A,ok
KPC3_0372,13,17,4,0.222,0.235,1,True,103|165|166|272,A,ok
KPC3_0373,13,25,13,0.722,0.52,2,True,69|72|103|104|129|131|166|169|215|219|234|236|237,A,ok
KPC3_0374,13,22,14,0.778,0.636,3,True,69|103|104|129|131|165|166|169|215|233|234|235|236|272,A,ok
KPC3_0375,13,20,13,0.722,0.65,3,True,68|69|72|103|104|129|131|165|166|169|215|236|237,A,ok
KPC3_0376,13,31,15,0.833,0.484,4,True,69|72|103|104|129|131|165|166|215|219|233|234|236|237|272,A,ok
KPC3_0382,28,12,2,0.111,0.167,0,False,103|166,A,ok
KPC3_0386,28,15,5,0.278,0.333,1,True,103|104|165|166|237,A,ok
KPC3_0387,28,16,3,0.167,0.188,1,True,103|165|166,A,ok
KPC3_0389,28,20,15,0.833,0.75,3,True,69|72|103|104|129|131|165|166|169|215|219|234|236|237|272,A,ok
KPC3_0391,26,26,14,0.778,0.538,3,True,69|72|103|104|131|165|166|169|215|219|234|236|237|272,A,ok
KPC3_0392,26,16,0,0.0,0.0,0,False,,A,ok
KPC3_0393,26,23,2,0.111,0.087,1,True,165|166,A,ok
KPC3_0394,26,16,0,0.0,0.0,0,False,,A,ok
KPC3_0397,26,16,7,0.389,0.438,1,True,103|131|165|166|169|236|237,A,ok
KPC3_0398,26,29,3,0.167,0.103,1,True,103|165|166,A,ok
KPC3_0403,39,22,8,0.444,0.364,1,True,103|104|131|165|166|169|236|237,A,ok
KPC3_0404,39,17,4,0.222,0.235,0,False,103|104|166|169,A,ok
KPC3_0407,39,25,0,0.0,0.0,0,False,,A,ok
KPC3_0408,39,12,3,0.167,0.25,0,False,103|166|169,A,ok
KPC3_0413,22,16,0,0.0,0.0,0,False,,A,ok
KPC3_0414,22,13,2,0.111,0.154,0,False,103|166,A,ok
KPC3_0417,22,19,3,0.167,0.158,1,True,103|165|166,A,ok
KPC3_0418,22,25,10,0.556,0.4,1,True,103|104|129|131|165|166|215|234|236|272,A,ok
KPC3_0422,20,15,3,0.167,0.2,1,True,165|166|237,A,ok
KPC3_0430,18,8,1,0.056,0.125,1,True,165,A,ok
KPC3_0435,18,12,3,0.167,0.25,1,True,103|165|166,A,ok
KPC3_0443,12,14,3,0.167,0.214,1,True,103|165|166,A,ok
KPC3_0444,12,25,14,0.778,0.56,2,True,68|69|103|104|131|165|166|169|215|219|234|235|236|237,A,ok
KPC3_0446,12,19,12,0.667,0.632,2,True,103|104|129|165|166|215|219|233|234|235|236|272,A,ok
KPC3_0450,23,20,9,0.5,0.45,2,True,69|103|129|131|165|166|169|236|237,A,ok
KPC3_0453,23,21,11,0.611,0.524,1,True,103|104|131|165|166|169|215|219|236|237|272,A,ok
KPC3_0457,23,18,3,0.167,0.167,1,True,103|165|166,A,ok
KPC3_0459,23,17,0,0.0,0.0,0,False,,A,ok
KPC3_0460,45,16,3,0.167,0.188,1,True,103|165|166,A,ok
KPC3_0461,45,9,2,0.111,0.222,1,True,165|166,A,ok
KPC3_0464,45,14,3,0.167,0.214,0,False,103|166|169,A,ok
KPC3_0465,45,13,2,0.111,0.154,0,False,103|166,A,ok
KPC3_0472,25,29,16,0.889,0.552,3,True,69|72|103|104|129|131|165|166|169|215|219|234|235|236|237|272,A,ok
KPC3_0473,25,24,3,0.167,0.125,1,True,103|165|166,A,ok
KPC3_0474,25,30,15,0.833,0.5,3,True,69|72|103|104|129|131|165|166|169|215|219|234|236|237|272,A,ok
KPC3_0477,25,17,0,0.0,0.0,0,False,,A,ok
KPC3_0478,25,12,2,0.111,0.167,1,True,165|166,A,ok
KPC3_0479,25,25,11,0.611,0.44,2,True,72|103|104|131|165|166|215|219|234|236|272,A,ok
KPC3_0480,30,21,9,0.5,0.429,0,False,103|104|129|166|169|215|236|237|272,A,ok
KPC3_0484,30,15,0,0.0,0.0,0,False,,A,ok
KPC3_0486,30,19,8,0.444,0.421,0,False,103|104|215|219|234|236|237|272,A,ok
KPC3_0493,37,13,3,0.167,0.231,1,True,103|165|166,A,ok
KPC3_0495,37,27,1,0.056,0.037,1,True,165,A,ok
KPC3_0499,37,13,3,0.167,0.231,1,True,103|165|166,A,ok
KPC3_0502,28,16,8,0.444,0.5,0,False,104|129|131|215|219|236|237|272,A,ok
KPC3_0503,28,13,3,0.167,0.231,1,True,103|165|166,A,ok
KPC3_0504,28,20,2,0.111,0.1,1,True,165|166,A,ok
KPC3_0512,38,20,3,0.167,0.15,0,False,103|104|166,A,ok
KPC3_0517,38,24,6,0.333,0.25,0,False,103|104|131|166|215|272,A,ok
KPC3_0519,38,12,2,0.111,0.167,0,False,166|237,A,ok
KPC3_0521,13,11,2,0.111,0.182,1,True,165|166,A,ok
KPC3_0521_2,13,11,2,0.111,0.182,1,True,165|166,A,ok
KPC3_0521_3,13,27,12,0.667,0.444,1,True,103|104|129|165|166|215|219|234|235|236|237|272,A,ok
KPC3_0521_4,13,14,2,0.111,0.143,0,False,103|166,A,ok
KPC3_0522,13,13,5,0.278,0.385,1,True,103|104|131|165|166,A,ok
KPC3_0523,13,19,13,0.722,0.684,2,True,69|103|104|129|131|165|166|169|215|234|235|236|237,A,ok
KPC3_0524,13,26,11,0.611,0.423,3,True,69|72|104|129|131|165|166|169|215|236|237,A,ok
KPC3_0527,13,16,1,0.056,0.062,1,True,165,A,ok
KPC3_0529,13,16,2,0.111,0.125,1,True,165|166,A,ok
KPC3_0530,37,13,0,0.0,0.0,0,False,,A,ok
KPC3_0533,37,14,3,0.167,0.214,1,True,103|165|166,A,ok
KPC3_0536,37,30,8,0.444,0.267,1,True,103|104|165|166|169|236|237|272,A,ok
KPC3_0542,12,24,14,0.778,0.583,2,True,69|103|104|129|131|165|166|169|215|219|234|236|237|272,A,ok
KPC3_0544,12,16,11,0.611,0.688,1,True,103|104|131|165|166|169|215|219|236|237|272,A,ok
KPC3_0547,12,20,12,0.667,0.6,3,True,68|69|72|103|104|129|131|165|166|169|215|236,A,ok
KPC3_0553,16,19,1,0.056,0.053,1,True,165,A,ok
KPC3_0555,16,9,1,0.056,0.111,0,False,103,A,ok
KPC3_0559,16,19,3,0.167,0.158,1,True,103|165|166,A,ok
KPC3_0569,14,12,3,0.167,0.25,1,True,103|165|166,A,ok
KPC3_0571,17,10,3,0.167,0.3,1,True,103|165|166,A,ok
KPC3_0576,17,14,3,0.167,0.214,0,False,104|129|215,A,ok
KPC3_0578,17,16,3,0.167,0.188,1,True,103|165|166,A,ok
KPC3_0580,20,27,16,0.889,0.593,3,True,68|69|72|103|104|129|131|165|166|169|215|219|234|236|237|272,A,ok
KPC3_0581,20,23,5,0.278,0.217,1,True,103|104|131|165|166,A,ok
KPC3_0587,20,19,3,0.167,0.158,1,True,103|165|166,A,ok
KPC3_0588,20,28,14,0.778,0.5,3,True,69|72|103|104|129|131|165|166|169|215|219|236|237|272,A,ok
KPC3_0590,31,20,3,0.167,0.15,1,True,103|165|166,A,ok
KPC3_0593,31,29,3,0.167,0.103,1,True,103|165|166,A,ok
KPC3_0594,31,9,2,0.111,0.222,1,True,165|166,A,ok
KPC3_0595,31,12,0,0.0,0.0,0,False,,A,ok
KPC3_0599,31,29,3,0.167,0.103,1,True,103|165|166,A,ok
KPC3_0602,20,19,8,0.444,0.421,1,True,103|104|131|165|166|169|236|237,A,ok
KPC3_0602_2,20,19,8,0.444,0.421,1,True,103|104|131|165|166|169|236|237,A,ok
KPC3_0602_3,20,29,11,0.611,0.379,1,True,103|104|165|166|169|215|219|234|236|237|272,A,ok
KPC3_0602_4,20,18,3,0.167,0.167,1,True,103|165|166,A,ok
KPC3_0605,20,15,1,0.056,0.067,1,True,165,A,ok
KPC3_0610,15,13,2,0.111,0.154,1,True,165|166,A,ok
KPC3_0613,15,12,3,0.167,0.25,1,True,103|165|166,A,ok
KPC3_0616,15,13,3,0.167,0.231,1,True,103|165|166,A,ok
KPC3_0619,15,20,13,0.722,0.65,3,True,69|72|103|104|129|131|165|166|169|234|235|236|237,A,ok
KPC3_0620,34,19,6,0.333,0.316,0,False,103|104|166|169|236|237,A,ok
KPC3_0623,34,8,4,0.222,0.5,0,False,103|104|215|272,A,ok
KPC3_0624,34,25,12,0.667,0.48,2,True,69|103|104|131|165|166|169|215|219|236|237|272,A,ok
KPC3_0625,34,29,0,0.0,0.0,0,False,,A,ok
KPC3_0626,34,14,0,0.0,0.0,0,False,,A,ok
KPC3_0633,38,19,3,0.167,0.158,1,True,103|165|166,A,ok
KPC3_0638,38,14,0,0.0,0.0,0,False,,A,ok
KPC3_0639,38,14,3,0.167,0.214,1,True,103|165|166,A,ok
KPC3_0641,18,22,2,0.111,0.091,1,True,165|166,A,ok
KPC3_0641_2,18,22,2,0.111,0.091,1,True,165|166,A,ok
KPC3_0641_3,18,22,2,0.111,0.091,1,True,165|166,A,ok
KPC3_0641_4,18,17,2,0.111,0.118,1,True,165|166,A,ok
KPC3_0643,18,13,2,0.111,0.154,1,True,165|166,A,ok
KPC3_0644,18,18,2,0.111,0.111,1,True,165|166,A,ok
KPC3_0645,18,13,3,0.167,0.231,1,True,103|165|166,A,ok
KPC3_0650,32,31,0,0.0,0.0,0,False,,A,ok
KPC3_0652,32,28,3,0.167,0.107,1,True,103|165|166,A,ok
KPC3_0655,32,24,14,0.778,0.583,3,True,69|72|103|104|129|131|165|166|169|215|219|236|237|272,A,ok
KPC3_0656,32,16,13,0.722,0.812,2,True,69|103|104|129|131|166|215|219|233|234|235|236|272,A,ok
KPC3_0658,32,18,1,0.056,0.056,1,True,165,A,ok
KPC3_0661,31,25,3,0.167,0.12,1,True,103|165|166,A,ok
KPC3_0662,31,23,2,0.111,0.087,1,True,165|166,A,ok
KPC3_0664,31,10,2,0.111,0.2,1,True,165|166,A,ok
KPC3_0664_2,31,10,2,0.111,0.2,1,True,165|166,A,ok
KPC3_0664_3,31,20,1,0.056,0.05,0,False,103,A,ok
KPC3_0664_4,31,9,2,0.111,0.222,0,False,103|104,A,ok
KPC3_0665,31,11,3,0.167,0.273,1,True,103|165|166,A,ok
KPC3_0667,31,19,2,0.111,0.105,0,False,103|166,A,ok
KPC3_0671,36,21,3,0.167,0.143,1,True,103|165|166,A,ok
KPC3_0673,36,13,3,0.167,0.231,1,True,103|165|166,A,ok
KPC3_0675,36,10,0,0.0,0.0,0,False,,A,ok
KPC3_0683,31,18,1,0.056,0.056,1,True,165,A,ok
KPC3_0686,31,13,0,0.0,0.0,0,False,,A,ok
KPC3_0687,31,22,0,0.0,0.0,0,False,,A,ok
KPC3_0688,31,32,0,0.0,0.0,0,False,,A,ok
KPC3_0689_2,31,7,2,0.111,0.286,1,True,165|166,A,ok
KPC3_0689_3,31,8,2,0.111,0.25,1,True,165|166,A,ok
KPC3_0689_4,31,11,3,0.167,0.273,1,True,103|165|166,A,ok
KPC3_0690,34,13,3,0.167,0.231,1,True,103|165|166,A,ok
KPC3_0693,34,17,4,0.222,0.235,1,True,103|131|165|166,A,ok
KPC3_0702,20,17,3,0.167,0.176,1,True,103|165|166,A,ok
KPC3_0705,20,5,3,0.167,0.6,0,False,103|104|272,A,ok
KPC3_0708,20,13,1,0.056,0.077,1,True,165,A,ok
KPC3_0710,36,18,0,0.0,0.0,0,False,,A,ok
KPC3_0711,36,13,7,0.389,0.538,1,True,103|104|131|165|166|169|237,A,ok
KPC3_0712,36,14,6,0.333,0.429,0,False,104|215|219|234|236|272,A,ok
KPC3_0715,36,10,3,0.167,0.3,0,False,103|166|237,A,ok
KPC3_0722,19,24,7,0.389,0.292,1,True,103|104|165|166|169|215|237,A,ok
KPC3_0726,19,18,0,0.0,0.0,0,False,,A,ok
KPC3_0730,23,21,0,0.0,0.0,0,False,,A,ok
KPC3_0732,23,23,13,0.722,0.565,3,True,69|72|104|129|131|165|166|169|215|219|234|236|272,A,ok
KPC3_0733,23,27,15,0.833,0.556,3,True,68|69|72|103|104|129|131|165|166|169|215|219|236|237|272,A,ok
KPC3_0734,23,23,0,0.0,0.0,0,False,,A,ok
KPC3_0735,23,27,11,0.611,0.407,2,True,69|103|104|131|165|166|169|215|219|236|272,A,ok
KPC3_0736,23,28,9,0.5,0.321,1,True,103|104|131|165|166|215|219|236|272,A,ok
KPC3_0737,23,14,4,0.222,0.286,1,True,103|131|165|166,A,ok
KPC3_0739,23,18,10,0.556,0.556,2,True,69|103|104|131|165|166|169|236|237|272,A,ok
KPC3_0740,38,11,0,0.0,0.0,0,False,,A,ok
KPC3_0741,38,15,2,0.111,0.133,0,False,103|166,A,ok
KPC3_0742,38,11,6,0.333,0.545,0,False,103|104|215|219|236|272,A,ok
KPC3_0746,38,6,2,0.111,0.333,0,False,103|166,A,ok
KPC3_0748,38,17,0,0.0,0.0,0,False,,A,ok
KPC3_0758,45,6,0,0.0,0.0,0,False,,A,ok
KPC3_0761,39,18,4,0.222,0.222,1,True,103|165|166|169,A,ok
KPC3_0764,39,9,0,0.0,0.0,0,False,,A,ok
KPC3_0766,39,20,0,0.0,0.0,0,False,,A,ok
KPC3_0773,36,16,6,0.333,0.375,0,False,103|104|215|219|236|272,A,ok
KPC3_0774,36,10,3,0.167,0.3,0,False,103|104|166,A,ok
KPC3_0784,24,26,11,0.611,0.423,2,True,69|103|104|131|165|166|169|215|236|237|272,A,ok
KPC3_0786,24,15,2,0.111,0.133,1,True,165|166,A,ok
KPC3_0789,24,21,4,0.222,0.19,1,True,103|131|165|166,A,ok
KPC3_0791,24,20,2,0.111,0.1,1,True,165|166,A,ok
KPC3_0792,24,22,5,0.278,0.227,1,True,103|165|166|169|237,A,ok
KPC3_0793,24,32,11,0.611,0.344,1,True,103|104|129|131|165|166|169|215|236|237|272,A,ok
KPC3_0794,24,22,13,0.722,0.591,3,True,68|69|72|103|104|131|165|166|169|219|236|237|272,A,ok
KPC3_0794_2,24,22,13,0.722,0.591,3,True,68|69|72|103|104|131|165|166|169|219|236|237|272,A,ok
KPC3_0794_3,24,28,14,0.778,0.5,2,True,69|103|104|129|131|165|166|169|215|219|234|236|237|272,A,ok
KPC3_0794_4,24,22,14,0.778,0.636,3,True,69|72|103|104|131|165|166|169|215|219|234|236|237|272,A,ok
KPC3_0796,24,17,0,0.0,0.0,0,False,,A,ok
KPC3_0797,24,12,3,0.167,0.25,1,True,103|165|166,A,ok
KPC3_0800,14,25,15,0.833,0.6,3,True,69|103|104|129|131|165|166|169|215|219|233|234|235|236|237,A,ok
KPC3_0802,14,22,15,0.833,0.682,2,True,69|103|104|129|131|166|169|215|219|233|234|235|236|237|272,A,ok
KPC3_0805,14,27,15,0.833,0.556,3,True,69|103|104|129|131|165|166|169|215|219|233|234|235|236|237,A,ok
KPC3_0807,14,15,6,0.333,0.4,1,True,103|104|131|165|166|169,A,ok
KPC3_0808,14,12,3,0.167,0.25,1,True,103|165|166,A,ok
KPC3_0808_2,14,12,3,0.167,0.25,1,True,103|165|166,A,ok
KPC3_0808_3,14,14,1,0.056,0.071,1,True,165,A,ok
KPC3_0808_4,14,13,3,0.167,0.231,1,True,103|165|166,A,ok
KPC3_0809,14,23,14,0.778,0.609,3,True,69|72|104|129|131|166|215|219|233|234|235|236|237|272,A,ok
KPC3_0812,39,15,3,0.167,0.2,1,True,103|165|166,A,ok
KPC3_0816,39,8,0,0.0,0.0,0,False,,A,ok
KPC3_0818,39,20,0,0.0,0.0,0,False,,A,ok
KPC3_0820,15,21,15,0.833,0.714,2,True,69|103|104|129|131|165|166|169|215|219|234|235|236|237|272,A,ok
KPC3_0822,15,17,2,0.111,0.118,1,True,165|166,A,ok
KPC3_0831,23,15,4,0.222,0.267,1,True,165|166|169|237,A,ok
KPC3_0833,23,15,3,0.167,0.2,1,True,103|165|166,A,ok
KPC3_0834,23,33,15,0.833,0.455,3,True,69|103|104|129|131|165|166|169|215|219|233|234|235|236|237,A,ok
KPC3_0840,16,16,3,0.167,0.188,1,True,131|165|166,A,ok
KPC3_0841,16,12,2,0.111,0.167,1,True,165|166,A,ok
KPC3_0844,16,24,16,0.889,0.667,3,True,68|69|72|103|104|129|131|165|166|169|215|219|234|236|237|272,A,ok
KPC3_0845,16,21,14,0.778,0.667,3,True,69|72|103|104|129|131|165|166|169|215|219|236|237|272,A,ok
KPC3_0846,16,11,2,0.111,0.182,1,True,165|166,A,ok
KPC3_0852,28,20,0,0.0,0.0,0,False,,A,ok
KPC3_0853,28,23,11,0.611,0.478,2,True,68|69|103|104|131|165|166|169|235|236|237,A,ok
KPC3_0854,28,15,0,0.0,0.0,0,False,,A,ok
KPC3_0861,37,24,14,0.778,0.583,3,True,69|72|103|104|129|131|165|166|169|215|219|236|237|272,A,ok
KPC3_0862,37,17,1,0.056,0.059,0,False,103,A,ok
KPC3_0863,37,13,3,0.167,0.231,1,True,103|165|166,A,ok
KPC3_0865,37,17,0,0.0,0.0,0,False,,A,ok
KPC3_0866,37,13,8,0.444,0.615,2,True,69|72|103|104|129|131|166|236,A,ok
KPC3_0868,37,27,0,0.0,0.0,0,False,,A,ok
KPC3_0872,41,14,0,0.0,0.0,0,False,,A,ok
KPC3_0873,41,12,0,0.0,0.0,0,False,,A,ok
KPC3_0874,41,20,6,0.333,0.3,0,False,103|104|166|219|236|272,A,ok
KPC3_0875,41,11,2,0.111,0.182,1,True,165|166,A,ok
KPC3_0878,41,26,13,0.722,0.5,3,True,69|72|103|104|129|131|165|166|169|219|236|237|272,A,ok
KPC3_0880,27,15,2,0.111,0.133,1,True,165|166,A,ok
KPC3_0882,27,21,13,0.722,0.619,2,True,69|103|104|129|131|165|166|169|215|219|236|237|272,A,ok
KPC3_0883,27,8,3,0.167,0.375,1,True,103|165|166,A,ok
KPC3_0884,27,17,1,0.056,0.059,1,True,165,A,ok
KPC3_0885,27,20,7,0.389,0.35,1,True,103|165|166|169|236|237|272,A,ok
KPC3_0891,17,16,2,0.111,0.125,1,True,165|166,A,ok
KPC3_0896,17,18,0,0.0,0.0,0,False,,A,ok
KPC3_0905,14,25,11,0.611,0.44,3,True,69|72|104|129|131|165|166|169|215|236|237,A,ok
KPC3_0908,14,15,5,0.278,0.333,1,True,103|104|131|165|166,A,ok
KPC3_0909,14,31,17,0.944,0.548,4,True,69|72|103|104|129|131|165|166|169|215|219|233|234|235|236|237|272,A,ok
KPC3_0911,36,21,3,0.167,0.143,1,True,103|165|166,A,ok
KPC3_0916,36,23,0,0.0,0.0,0,False,,A,ok
KPC3_0918,36,20,1,0.056,0.05,0,False,104,A,ok
KPC3_0920,23,16,3,0.167,0.188,1,True,103|165|166,A,ok
KPC3_0922,23,13,2,0.111,0.154,1,True,165|166,A,ok
KPC3_0927,23,34,14,0.778,0.412,3,True,68|69|72|104|131|165|166|169|215|219|234|236|237|272,A,ok
KPC3_0929,23,14,0,0.0,0.0,0,False,,A,ok
KPC3_0933,43,13,0,0.0,0.0,0,False,,A,ok
KPC3_0934,43,7,0,0.0,0.0,0,False,,A,ok
KPC3_0935,43,10,4,0.222,0.4,0,False,103|104|236|237,A,ok
KPC3_0937,43,20,11,0.611,0.55,3,True,68|69|72|103|129|131|165|166|169|236|237,A,ok
KPC3_0941,17,30,14,0.778,0.467,3,True,69|72|103|104|129|131|165|166|169|215|219|236|237|272,A,ok
KPC3_0941_2,17,18,3,0.167,0.167,1,True,103|165|166,A,ok
KPC3_0941_3,17,18,4,0.222,0.222,1,True,103|131|165|166,A,ok
KPC3_0941_4,17,25,6,0.333,0.24,1,True,103|131|165|166|169|237,A,ok
KPC3_0944,17,16,2,0.111,0.125,1,True,165|166,A,ok
KPC3_0945,17,14,3,0.167,0.214,1,True,103|165|166,A,ok
KPC3_0948,17,18,4,0.222,0.222,1,True,103|104|165|166,A,ok
KPC3_0950,36,29,12,0.667,0.414,3,True,69|72|103|104|129|131|165|166|169|236|237|272,A,ok
KPC3_0951,36,16,3,0.167,0.188,1,True,103|165|166,A,ok
KPC3_0953,36,20,9,0.5,0.45,1,True,69|103|104|129|131|215|219|236|272,A,ok
KPC3_0958,36,15,0,0.0,0.0,0,False,,A,ok
KPC3_0961,26,27,15,0.833,0.556,3,True,69|72|103|104|129|131|165|166|169|215|219|234|236|237|272,A,ok
KPC3_0962,26,24,11,0.611,0.458,3,True,69|72|103|104|129|131|165|166|169|236|272,A,ok
KPC3_0963,26,17,3,0.167,0.176,1,True,103|165|166,A,ok
KPC3_0965,26,20,1,0.056,0.05,1,True,165,A,ok
KPC3_0967,26,17,3,0.167,0.176,1,True,103|165|166,A,ok
KPC3_0968,26,31,7,0.389,0.226,1,True,103|104|131|165|166|169|215,A,ok
KPC3_0971,15,18,10,0.556,0.556,2,True,69|72|103|104|129|131|166|169|236|237,A,ok
KPC3_0971_2,15,18,10,0.556,0.556,2,True,69|72|103|104|129|131|166|169|236|237,A,ok
KPC3_0971_3,15,29,13,0.722,0.448,2,True,69|103|104|129|131|165|166|169|215|234|236|237|272,A,ok
KPC3_0971_4,15,31,15,0.833,0.484,3,True,69|72|103|104|129|131|165|166|169|215|219|234|235|236|272,A,ok
KPC3_0972,15,10,1,0.056,0.1,0,False,104,A,ok
KPC3_0972_2,15,10,1,0.056,0.1,0,False,104,A,ok
KPC3_0972_3,15,11,0,0.0,0.0,0,False,,A,ok
KPC3_0972_4,15,10,1,0.056,0.1,0,False,104,A,ok
KPC3_0977,15,17,6,0.333,0.353,1,True,103|104|131|165|166|215,A,ok
KPC3_0979,15,25,17,0.944,0.68,3,True,68|69|72|103|104|129|131|165|166|169|215|219|234|235|236|237|272,A,ok
KPC3_0980,29,15,5,0.278,0.333,0,False,104|215|219|236|272,A,ok
KPC3_0985,29,30,5,0.278,0.167,0,False,104|129|215|236|272,A,ok
KPC3_0987,29,18,8,0.444,0.444,1,True,69|103|104|129|215|219|236|272,A,ok
KPC3_0987_2,29,18,8,0.444,0.444,1,True,69|103|104|129|215|219|236|272,A,ok
KPC3_0987_3,29,14,2,0.111,0.143,1,True,165|166,A,ok
KPC3_0987_4,29,12,3,0.167,0.25,1,True,103|165|166,A,ok
KPC3_0989,29,12,0,0.0,0.0,0,False,,A,ok
KPC3_0992,24,26,10,0.556,0.385,2,True,69|103|104|131|165|166|169|236|237|272,A,ok
KPC3_0995,24,31,12,0.667,0.387,3,True,69|72|103|104|129|131|165|166|215|219|236|272,A,ok
KPC3_0999,24,34,12,0.667,0.353,2,True,69|103|104|129|131|165|166|169|215|236|237|272,A,ok
KPC3_0_1,15,15,2,0.111,0.133,1,True,165|166,A,ok
KPC3_0_8,15,12,3,0.167,0.25,1,True,103|165|166,A,ok
KPC3_1000,16,23,10,0.556,0.435,3,True,69|72|103|104|131|165|166|169|236|272,A,ok
KPC3_1000_2,16,23,10,0.556,0.435,3,True,69|72|103|104|131|165|166|169|236|272,A,ok
KPC3_1000_3,16,25,14,0.778,0.56,2,True,69|103|104|129|131|165|166|169|215|219|234|236|237|272,A,ok
KPC3_1000_4,16,19,3,0.167,0.158,1,True,103|165|166,A,ok
KPC3_1006,16,25,11,0.611,0.44,2,True,69|103|104|129|131|165|166|219|234|236|272,A,ok
KPC3_1007,16,33,13,0.722,0.394,3,True,69|72|103|104|129|131|165|166|169|215|219|236|272,A,ok
KPC3_1008,16,26,13,0.722,0.5,2,True,69|103|104|129|131|165|166|169|215|219|236|237|272,A,ok
KPC3_1012,23,28,14,0.778,0.5,2,True,69|103|104|131|165|166|169|215|219|234|235|236|237|272,A,ok
KPC3_1015,23,18,0,0.0,0.0,0,False,,A,ok
KPC3_101_0,41,25,1,0.056,0.04,0,False,215,A,ok
KPC3_101_8,41,28,5,0.278,0.179,0,False,103|104|166|215|237,A,ok
KPC3_1025,34,14,2,0.111,0.143,1,True,165|166,A,ok
KPC3_1026,34,15,0,0.0,0.0,0,False,,A,ok
KPC3_1027,34,13,1,0.056,0.077,0,False,104,A,ok
KPC3_1031,31,13,0,0.0,0.0,0,False,,A,ok
KPC3_1031_2,31,13,0,0.0,0.0,0,False,,A,ok
KPC3_1031_3,31,12,4,0.222,0.333,0,False,103|166|169|237,A,ok
KPC3_1031_4,31,15,0,0.0,0.0,0,False,,A,ok
KPC3_1032,31,13,3,0.167,0.231,1,True,103|165|166,A,ok
KPC3_1032_2,31,13,3,0.167,0.231,1,True,103|165|166,A,ok
KPC3_1032_3,31,19,6,0.333,0.316,0,False,103|104|166|169|236|272,A,ok
KPC3_1032_4,31,15,4,0.222,0.267,0,False,103|104|166|237,A,ok
KPC3_1035,31,21,7,0.389,0.333,1,True,103|104|165|166|169|236|237,A,ok
KPC3_1037,31,14,2,0.111,0.143,1,True,165|166,A,ok
KPC3_103_6,18,14,3,0.167,0.214,1,True,103|165|166,A,ok
KPC3_1042,28,15,0,0.0,0.0,0,False,,A,ok
KPC3_1044,28,18,0,0.0,0.0,0,False,,A,ok
KPC3_104_7,22,13,3,0.167,0.231,1,True,103|165|166,A,ok
KPC3_1050,19,18,9,0.5,0.5,0,False,103|104|166|169|215|219|236|237|272,A,ok
KPC3_1051,19,30,8,0.444,0.267,1,True,103|104|165|166|169|236|237|272,A,ok
KPC3_1052,19,31,15,0.833,0.484,3,True,69|72|103|104|129|131|165|166|169|215|219|234|236|237|272,A,ok
KPC3_1054,19,18,3,0.167,0.167,1,True,103|165|166,A,ok
KPC3_1059,19,15,3,0.167,0.2,1,True,103|165|166,A,ok
KPC3_105_5,22,22,0,0.0,0.0,0,False,,A,ok
KPC3_105_9,22,10,3,0.167,0.3,0,False,103|166|169,A,ok
KPC3_1061,36,9,0,0.0,0.0,0,False,,A,ok
KPC3_1063,36,15,9,0.5,0.6,2,True,69|103|104|129|131|165|166|169|236,A,ok
KPC3_1066,36,20,6,0.333,0.3,1,True,103|104|131|165|166|169,A,ok
KPC3_1068,36,3,2,0.111,0.667,0,False,103|104,A,ok
KPC3_1069,36,17,9,0.5,0.529,2,True,72|103|104|129|131|165|166|236|237,A,ok
KPC3_106_1,26,21,0,0.0,0.0,0,False,,A,ok
KPC3_106_7,26,14,2,0.111,0.143,0,False,103|166,A,ok
KPC3_1074,18,15,0,0.0,0.0,0,False,,A,ok
KPC3_1074_2,18,15,0,0.0,0.0,0,False,,A,ok
KPC3_1074_3,18,11,2,0.111,0.182,0,False,103|166,A,ok
KPC3_1074_4,18,13,2,0.111,0.154,0,False,103|166,A,ok
KPC3_1075,18,12,1,0.056,0.083,1,True,165,A,ok
KPC3_1076,18,19,3,0.167,0.158,1,True,103|165|166,A,ok
KPC3_1078,18,29,15,0.833,0.517,2,True,69|103|104|129|131|165|166|169|215|219|234|235|236|237|272,A,ok
KPC3_1083,19,13,4,0.222,0.308,1,True,103|104|165|166,A,ok
KPC3_1086,19,9,2,0.111,0.222,1,True,165|166,A,ok
KPC3_1086_2,19,9,2,0.111,0.222,1,True,165|166,A,ok
KPC3_1086_3,19,8,0,0.0,0.0,0,False,,A,ok
KPC3_1086_4,19,11,3,0.167,0.273,1,True,103|165|166,A,ok
KPC3_1087,19,22,3,0.167,0.136,1,True,103|165|166,A,ok
KPC3_1088,19,24,2,0.111,0.083,1,True,103|165,A,ok
KPC3_108_0,13,16,6,0.333,0.375,1,True,103|104|165|166|169|237,A,ok
KPC3_1091,40,14,6,0.333,0.429,0,False,103|104|215|219|236|272,A,ok
KPC3_1094,40,16,3,0.167,0.188,1,True,103|165|166,A,ok
KPC3_1097,40,14,0,0.0,0.0,0,False,,A,ok
KPC3_109_1,42,21,8,0.444,0.381,1,True,69|103|104|129|166|169|215|236,A,ok
KPC3_109_3,42,24,2,0.111,0.083,1,True,165|166,A,ok
KPC3_109_8,42,15,0,0.0,0.0,0,False,,A,ok
KPC3_1102,14,22,13,0.722,0.591,3,True,69|103|104|129|131|165|166|215|219|233|234|235|236,A,ok
KPC3_1104,14,25,14,0.778,0.56,3,True,69|72|103|104|129|131|165|166|169|215|219|236|237|272,A,ok
KPC3_1106,14,12,3,0.167,0.25,1,True,103|165|166,A,ok
KPC3_110_3,32,20,2,0.111,0.1,1,True,165|166,A,ok
KPC3_110_4,32,30,0,0.0,0.0,0,False,,A,ok
KPC3_1111,36,18,9,0.5,0.5,1,True,69|103|104|129|131|215|219|236|272,A,ok
KPC3_1114,36,20,7,0.389,0.35,1,True,103|104|165|166|219|236|272,A,ok
KPC3_1115,36,12,3,0.167,0.25,1,True,103|165|166,A,ok
KPC3_1117,36,17,1,0.056,0.059,1,True,165,A,ok
KPC3_1119,36,38,13,0.722,0.342,3,True,69|72|103|104|129|131|165|166|169|215|236|237|272,A,ok
KPC3_1119_2,36,38,13,0.722,0.342,3,True,69|72|103|104|129|131|165|166|169|215|236|237|272,A,ok
KPC3_1119_3,36,36,15,0.833,0.417,3,True,69|72|103|104|129|131|165|166|169|215|219|234|236|237|272,A,ok
KPC3_1119_4,36,37,12,0.667,0.324,1,True,69|103|104|129|131|166|169|215|219|236|237|272,A,ok
KPC3_111_4,41,17,0,0.0,0.0,0,False,,A,ok
KPC3_111_7,41,23,3,0.167,0.13,1,True,103|165|166,A,ok
KPC3_111_8,41,34,0,0.0,0.0,0,False,,A,ok
KPC3_111_9,41,21,4,0.222,0.19,1,True,103|165|166|272,A,ok
KPC3_1120,26,21,5,0.278,0.238,1,True,103|104|131|165|166,A,ok
KPC3_1121,26,25,2,0.111,0.08,1,True,103|165,A,ok
KPC3_1122,26,13,1,0.056,0.077,1,True,165,A,ok
KPC3_1123,26,18,0,0.0,0.0,0,False,,A,ok
KPC3_1124,26,20,2,0.111,0.1,1,True,165|166,A,ok
KPC3_1127,26,16,3,0.167,0.188,1,True,103|165|166,A,ok
KPC3_1128,26,18,0,0.0,0.0,0,False,,A,ok
KPC3_1129,26,24,4,0.222,0.167,1,True,103|104|165|166,A,ok
KPC3_112_2,16,16,2,0.111,0.125,1,True,165|166,A,ok
KPC3_113_3,25,11,2,0.111,0.182,0,False,103|104,A,ok
KPC3_1140,33,10,1,0.056,0.1,1,True,165,A,ok
KPC3_1141,33,29,12,0.667,0.414,1,True,103|104|129|131|165|166|215|219|234|236|237|272,A,ok
KPC3_1143,33,16,4,0.222,0.25,1,True,103|165|166|169,A,ok
KPC3_1143_2,33,16,4,0.222,0.25,1,True,103|165|166|169,A,ok
KPC3_1143_3,33,14,5,0.278,0.357,1,True,103|165|166|169|237,A,ok
KPC3_1143_4,33,18,8,0.444,0.444,0,False,103|104|129|166|215|219|236|272,A,ok
KPC3_1147,33,17,2,0.111,0.118,1,True,165|166,A,ok
KPC3_1148,33,22,2,0.111,0.091,1,True,103|165,A,ok
KPC3_115_1,16,16,3,0.167,0.188,1,True,103|165|166,A,ok
KPC3_1161,17,25,12,0.667,0.48,1,True,103|104|129|131|165|166|215|219|234|236|237|272,A,ok
KPC3_1162,17,19,11,0.611,0.579,0,False,103|104|129|166|169|215|219|234|236|237|272,A,ok
KPC3_1164,17,15,8,0.444,0.533,0,False,103|104|166|169|215|236|237|272,A,ok
KPC3_1165,17,19,8,0.444,0.421,2,True,69|103|131|165|166|169|236|237,A,ok
KPC3_1166,17,36,12,0.667,0.333,2,True,69|103|104|129|166|169|215|233|234|235|236|237,A,ok
KPC3_1168,17,13,3,0.167,0.231,1,True,103|165|166,A,ok
KPC3_116_0,23,25,0,0.0,0.0,0,False,,A,ok
KPC3_116_2,23,12,4,0.222,0.333,1,True,103|131|165|166,A,ok
KPC3_1172,23,22,0,0.0,0.0,0,False,,A,ok
KPC3_1175,23,30,15,0.833,0.5,3,True,69|103|104|129|131|165|166|169|215|233|234|235|236|237|272,A,ok
KPC3_117_8,43,24,0,0.0,0.0,0,False,,A,ok
KPC3_1184,21,20,14,0.778,0.7,2,True,69|103|104|129|131|169|215|219|233|234|235|236|237|272,A,ok
KPC3_1187,21,20,4,0.222,0.2,1,True,103|131|165|166,A,ok
KPC3_1188,21,9,2,0.111,0.222,0,False,103|166,A,ok
KPC3_1192,27,24,7,0.389,0.292,1,True,103|104|129|165|166|215|234,A,ok
KPC3_1195,27,21,11,0.611,0.524,1,True,103|104|131|165|166|169|215|219|236|237|272,A,ok
KPC3_1196,27,27,16,0.889,0.593,3,True,68|69|72|103|104|129|131|165|166|169|215|219|234|235|236|237,A,ok
KPC3_1197,27,17,3,0.167,0.176,1,True,165|166|169,A,ok
KPC3_1198,27,38,12,0.667,0.316,3,True,69|72|104|129|131|165|166|169|215|236|237|272,A,ok
KPC3_1198_2,27,38,12,0.667,0.316,3,True,69|72|104|129|131|165|166|169|215|236|237|272,A,ok
KPC3_1198_3,27,31,1,0.056,0.032,1,True,165,A,ok
KPC3_1198_4,27,23,9,0.5,0.391,0,False,103|104|166|169|215|219|236|237|272,A,ok
KPC3_119_3,29,17,5,0.278,0.294,0,False,103|104|129|215|272,A,ok
KPC3_119_8,29,15,3,0.167,0.2,1,True,103|165|166,A,ok
KPC3_1200,22,36,14,0.778,0.389,3,True,69|72|103|104|129|131|165|166|169|215|219|236|237|272,A,ok
KPC3_1201,22,14,9,0.5,0.643,0,False,103|104|166|169|215|219|236|237|272,A,ok
KPC3_1201_2,22,14,9,0.5,0.643,0,False,103|104|166|169|215|219|236|237|272,A,ok
KPC3_1201_3,22,10,6,0.333,0.6,0,False,103|104|166|215|236|272,A,ok
KPC3_1201_4,22,9,0,0.0,0.0,0,False,,A,ok
KPC3_1205,22,21,4,0.222,0.19,1,True,103|131|165|166,A,ok
KPC3_1209,22,14,2,0.111,0.143,0,False,103|166,A,ok
KPC3_120_0,19,17,3,0.167,0.176,1,True,103|165|166,A,ok
KPC3_120_6,19,18,0,0.0,0.0,0,False,,A,ok
KPC3_1212,28,27,16,0.889,0.593,3,True,69|103|104|129|131|165|166|169|215|219|233|234|235|236|237|272,A,ok
KPC3_1213,28,23,12,0.667,0.522,3,True,69|72|103|104|129|131|165|166|169|215|236|237,A,ok
KPC3_1215,28,22,15,0.833,0.682,3,True,68|69|72|103|104|129|131|165|169|215|219|234|236|237|272,A,ok
KPC3_1217,28,20,0,0.0,0.0,0,False,,A,ok
KPC3_121_1,25,18,2,0.111,0.111,1,True,165|166,A,ok
KPC3_121_3,25,18,6,0.333,0.333,1,True,103|165|166|169|236|237,A,ok
KPC3_1223,22,24,11,0.611,0.458,3,True,69|72|103|104|129|131|165|166|169|236|237,A,ok
KPC3_1224,22,27,15,0.833,0.556,2,True,69|103|104|129|131|165|166|169|215|219|234|235|236|237|272,A,ok
KPC3_1225,22,13,3,0.167,0.231,1,True,103|165|166,A,ok
KPC3_1225_2,22,13,3,0.167,0.231,1,True,103|165|166,A,ok
KPC3_1225_3,22,18,2,0.111,0.111,1,True,165|166,A,ok
KPC3_1225_4,22,11,3,0.167,0.273,1,True,103|165|166,A,ok
KPC3_1226,22,15,0,0.0,0.0,0,False,,A,ok
KPC3_1227,22,25,10,0.556,0.4,1,True,103|104|129|131|165|166|215|219|236|272,A,ok
KPC3_1228,22,31,16,0.889,0.516,4,True,69|72|103|104|129|131|165|166|169|215|219|233|234|236|237|272,A,ok
KPC3_1229,22,17,3,0.167,0.176,1,True,103|165|166,A,ok
KPC3_122_2,39,28,2,0.111,0.071,1,True,165|166,A,ok
KPC3_122_3,39,17,3,0.167,0.176,0,False,103|104|166,A,ok
KPC3_122_7,39,14,0,0.0,0.0,0,False,,A,ok
KPC3_1233,31,15,8,0.444,0.533,0,False,104|129|131|215|219|234|236|272,A,ok
KPC3_1238,31,14,0,0.0,0.0,0,False,,A,ok
KPC3_1241,32,33,15,0.833,0.455,2,True,69|103|104|129|131|166|169|215|219|233|234|235|236|237|272,A,ok
KPC3_1244,32,14,0,0.0,0.0,0,False,,A,ok
KPC3_1246,32,25,11,0.611,0.44,3,True,69|72|103|104|129|131|165|166|219|236|272,A,ok
KPC3_1247,32,15,2,0.111,0.133,1,True,165|166,A,ok
KPC3_1247_2,32,15,2,0.111,0.133,1,True,165|166,A,ok
KPC3_1247_3,32,10,3,0.167,0.3,1,True,103|165|166,A,ok
KPC3_1247_4,32,11,2,0.111,0.182,1,True,165|166,A,ok
KPC3_1248,32,11,0,0.0,0.0,0,False,,A,ok
KPC3_124_2,26,13,3,0.167,0.231,1,True,103|165|166,A,ok
KPC3_1251,33,16,0,0.0,0.0,0,False,,A,ok
KPC3_1252,33,14,3,0.167,0.214,1,True,103|165|166,A,ok
KPC3_1257,33,25,16,0.889,0.64,3,True,68|69|72|103|104|129|131|165|166|169|215|219|234|236|237|272,A,ok
KPC3_1258,33,26,4,0.222,0.154,0,False,103|166|169|237,A,ok
KPC3_125_1,18,15,2,0.111,0.133,1,True,165|166,A,ok
KPC3_125_3,18,15,3,0.167,0.2,1,True,103|165|166,A,ok
KPC3_125_5,18,15,2,0.111,0.133,1,True,165|166,A,ok
KPC3_125_8,18,13,3,0.167,0.231,1,True,103|165|166,A,ok
KPC3_1263,29,31,3,0.167,0.097,1,True,103|165|166,A,ok
KPC3_1263_2,29,31,3,0.167,0.097,1,True,103|165|166,A,ok
KPC3_1263_3,29,18,0,0.0,0.0,0,False,,A,ok
KPC3_1263_4,29,18,0,0.0,0.0,0,False,,A,ok
KPC3_1265,29,17,0,0.0,0.0,0,False,,A,ok
KPC3_1268,29,18,0,0.0,0.0,0,False,,A,ok
KPC3_126_0,25,15,5,0.278,0.333,0,False,104|215|219|236|272,A,ok
KPC3_126_1,25,15,0,0.0,0.0,0,False,,A,ok
KPC3_126_3,25,11,0,0.0,0.0,0,False,,A,ok
KPC3_126_4,25,19,8,0.444,0.421,0,False,103|104|131|166|215|219|236|272,A,ok
KPC3_126_5,25,15,5,0.278,0.333,0,False,104|129|215|219|272,A,ok
KPC3_126_6,25,13,0,0.0,0.0,0,False,,A,ok
KPC3_126_7,25,17,9,0.5,0.529,1,True,103|104|131|165|166|169|236|237|272,A,ok
KPC3_126_8,25,15,4,0.222,0.267,0,False,103|104|215|272,A,ok
KPC3_1270,39,16,8,0.444,0.5,1,True,69|104|129|131|215|219|236|272,A,ok
KPC3_1271,39,8,2,0.111,0.25,0,False,103|166,A,ok
KPC3_1274,39,8,2,0.111,0.25,0,False,103|104,A,ok
KPC3_1275,39,18,0,0.0,0.0,0,False,,A,ok
KPC3_1279,39,18,8,0.444,0.444,0,False,103|104|131|166|219|236|237|272,A,ok
KPC3_127_1,27,27,4,0.222,0.148,1,True,131|165|166|169,A,ok
KPC3_127_2,27,18,7,0.389,0.389,0,False,104|166|169|219|236|237|272,A,ok
KPC3_127_5,27,16,0,0.0,0.0,0,False,,A,ok
KPC3_127_6,27,14,2,0.111,0.143,0,False,104|215,A,ok
KPC3_127_8,27,13,1,0.056,0.077,0,False,104,A,ok
KPC3_127_9,27,18,3,0.167,0.167,1,True,103|165|166,A,ok
KPC3_1280,37,12,2,0.111,0.167,1,True,165|166,A,ok
KPC3_1281,37,25,0,0.0,0.0,0,False,,A,ok
KPC3_1283,37,9,0,0.0,0.0,0,False,,A,ok
KPC3_1284,37,24,15,0.833,0.625,3,True,68|69|72|103|104|129|131|165|166|169|215|219|236|237|272,A,ok
KPC3_128_9,40,33,7,0.389,0.212,0,False,104|129|215|219|236|237|272,A,ok
KPC3_1294,35,22,3,0.167,0.136,1,True,131|165|166,A,ok
KPC3_1295,35,27,12,0.667,0.444,2,True,69|103|104|129|131|165|166|169|215|219|236|272,A,ok
KPC3_1297,35,11,3,0.167,0.273,1,True,103|165|166,A,ok
KPC3_129_0,39,12,0,0.0,0.0,0,False,,A,ok
KPC3_129_1,39,16,0,0.0,0.0,0,False,,A,ok
KPC3_129_2,39,17,0,0.0,0.0,0,False,,A,ok
KPC3_129_4,39,0,0,0.0,0.0,0,False,,A,ok
KPC3_129_6,39,16,2,0.111,0.125,0,False,103|166,A,ok
KPC3_1300,34,13,0,0.0,0.0,0,False,,A,ok
KPC3_1304,34,27,5,0.278,0.185,1,True,103|165|166|169|237,A,ok
KPC3_1308,34,29,17,0.944,0.586,4,True,69|72|103|104|129|131|165|166|169|215|219|233|234|235|236|237|272,A,ok
KPC3_130_1,36,21,9,0.5,0.429,0,False,103|104|166|215|219|234|236|237|272,A,ok
KPC3_130_2,36,16,2,0.111,0.125,0,False,104|215,A,ok
KPC3_130_3,36,15,4,0.222,0.267,0,False,103|104|166|237,A,ok
KPC3_130_4,36,15,1,0.056,0.067,0,False,104,A,ok
KPC3_130_8,36,27,10,0.556,0.37,1,True,69|103|104|129|131|166|169|215|236|237,A,ok
KPC3_1313,24,16,1,0.056,0.062,0,False,104,A,ok
KPC3_1317,24,18,6,0.333,0.333,1,True,103|104|165|166|169|237,A,ok
KPC3_131_6,39,28,3,0.167,0.107,1,True,103|165|166,A,ok
KPC3_1321,15,24,9,0.5,0.375,1,True,103|104|131|165|166|219|236|237|272,A,ok
KPC3_1324,15,16,2,0.111,0.125,1,True,165|166,A,ok
KPC3_1325,15,23,15,0.833,0.652,2,True,69|103|104|129|131|166|169|215|219|233|234|235|236|237|272,A,ok
KPC3_1328,15,14,5,0.278,0.357,1,True,103|165|166|169|237,A,ok
KPC3_132_0,36,18,3,0.167,0.167,1,True,103|165|166,A,ok
KPC3_132_1,36,25,2,0.111,0.08,1,True,165|166,A,ok
KPC3_132_4,36,28,15,0.833,0.536,3,True,69|72|103|104|129|131|165|166|169|215|219|234|236|237|272,A,ok
KPC3_1330,13,11,3,0.167,0.273,1,True,103|165|166,A,ok
KPC3_1332,13,22,10,0.556,0.455,2,True,69|103|104|129|131|165|166|215|234|236,A,ok
KPC3_1333,13,23,14,0.778,0.609,3,True,69|72|103|104|129|131|165|166|169|215|219|236|237|272,A,ok
KPC3_1338,13,16,4,0.222,0.25,0,False,103|166|169|237,A,ok
KPC3_1339,13,19,11,0.611,0.579,0,False,103|104|131|166|169|215|219|234|236|237|272,A,ok
KPC3_1342,31,18,0,0.0,0.0,0,False,,A,ok
KPC3_1343,31,9,3,0.167,0.333,1,True,103|165|166,A,ok
KPC3_1343_2,31,9,3,0.167,0.333,1,True,103|165|166,A,ok
KPC3_1343_3,31,13,0,0.0,0.0,0,False,,A,ok
KPC3_1343_4,31,7,0,0.0,0.0,0,False,,A,ok
KPC3_1344,31,19,13,0.722,0.684,2,True,69|72|103|104|129|131|166|169|215|219|236|237|272,A,ok
KPC3_1345,31,19,11,0.611,0.579,2,True,69|72|104|129|131|166|169|215|234|236|272,A,ok
KPC3_1347,31,20,13,0.722,0.65,2,True,69|103|104|129|131|165|166|169|215|219|236|237|272,A,ok
KPC3_1353,33,16,3,0.167,0.188,1,True,103|165|166,A,ok
KPC3_1354,33,16,5,0.278,0.312,0,False,104|215|219|236|272,A,ok
KPC3_1355,33,15,0,0.0,0.0,0,False,,A,ok
KPC3_1356,33,19,0,0.0,0.0,0,False,,A,ok
KPC3_1357,33,18,7,0.389,0.389,0,False,104|129|215|219|234|236|272,A,ok
KPC3_1358,33,23,0,0.0,0.0,0,False,,A,ok
KPC3_1358_2,33,23,0,0.0,0.0,0,False,,A,ok
KPC3_1358_3,33,5,1,0.056,0.2,0,False,103,A,ok
KPC3_1358_4,33,8,4,0.222,0.5,0,False,103|104|166|215,A,ok
KPC3_135_5,24,24,2,0.111,0.083,1,True,165|166,A,ok
KPC3_135_9,24,27,13,0.722,0.481,2,True,69|72|103|104|129|131|166|169|215|219|236|237|272,A,ok
KPC3_1362,26,21,3,0.167,0.143,1,True,103|165|166,A,ok
KPC3_1366,26,20,0,0.0,0.0,0,False,,A,ok
KPC3_1367,26,24,9,0.5,0.375,1,True,103|104|165|166|169|215|236|237|272,A,ok
KPC3_1369,26,28,0,0.0,0.0,0,False,,A,ok
KPC3_136_6,33,26,2,0.111,0.077,1,True,165|166,A,ok
KPC3_1371,23,11,3,0.167,0.273,1,True,103|165|166,A,ok
KPC3_1377,23,15,2,0.111,0.133,1,True,165|166,A,ok
KPC3_1378,23,26,7,0.389,0.269,1,True,103|104|165|215|219|236|272,A,ok
KPC3_137_2,17,12,3,0.167,0.25,1,True,103|165|166,A,ok
KPC3_137_4,17,9,1,0.056,0.111,0,False,104,A,ok
KPC3_137_5,17,13,4,0.222,0.308,1,True,103|104|165|166,A,ok
KPC3_137_9,17,8,0,0.0,0.0,0,False,,A,ok
KPC3_1387,27,18,3,0.167,0.167,1,True,103|165|166,A,ok
KPC3_138_0,36,33,11,0.611,0.333,1,True,69|103|104|131|166|169|215|219|236|237|272,A,ok
KPC3_138_2,36,22,2,0.111,0.091,1,True,165|166,A,ok
KPC3_138_4,36,15,2,0.111,0.133,1,True,165|166,A,ok
KPC3_138_6,36,24,0,0.0,0.0,0,False,,A,ok
KPC3_138_8,36,27,7,0.389,0.259,1,True,103|104|131|165|166|215|272,A,ok
KPC3_1393,26,31,15,0.833,0.484,3,True,69|72|103|104|129|131|165|166|169|215|219|234|236|237|272,A,ok
KPC3_1394,26,18,2,0.111,0.111,1,True,103|165,A,ok
KPC3_1396,26,19,2,0.111,0.105,1,True,165|166,A,ok
KPC3_1397,26,27,11,0.611,0.407,3,True,69|72|104|129|165|166|169|215|236|237|272,A,ok
KPC3_139_7,32,14,6,0.333,0.429,0,False,104|166|169|236|237|272,A,ok
KPC3_13_4,14,14,0,0.0,0.0,0,False,,A,ok
KPC3_13_7,14,11,2,0.111,0.182,0,False,103|166,A,ok
KPC3_1402,40,15,5,0.278,0.333,1,True,103|131|165|166|169,A,ok
KPC3_1408,40,14,5,0.278,0.357,0,False,103|104|215|236|272,A,ok
KPC3_1413,33,16,0,0.0,0.0,0,False,,A,ok
KPC3_1415,33,15,3,0.167,0.2,1,True,103|165|166,A,ok
KPC3_1415_2,33,15,3,0.167,0.2,1,True,103|165|166,A,ok
KPC3_1415_3,33,24,3,0.167,0.125,1,True,103|165|166,A,ok
KPC3_1415_4,33,19,0,0.0,0.0,0,False,,A,ok
KPC3_141_0,16,14,4,0.222,0.286,1,True,103|131|165|166,A,ok
KPC3_141_8,16,13,4,0.222,0.308,1,True,103|131|165|166,A,ok
KPC3_1420,15,12,8,0.444,0.667,1,True,103|104|165|166|215|219|236|272,A,ok
KPC3_1420_2,15,12,8,0.444,0.667,1,True,103|104|165|166|215|219|236|272,A,ok
KPC3_1420_3,15,24,11,0.611,0.458,3,True,69|72|103|104|129|131|165|166|236|237|272,A,ok
KPC3_1420_4,15,23,13,0.722,0.565,3,True,69|72|103|104|129|131|165|166|169|215|236|237|272,A,ok
KPC3_1421,15,13,5,0.278,0.385,1,True,103|104|131|165|166,A,ok
KPC3_1425,15,20,3,0.167,0.15,1,True,103|165|166,A,ok
KPC3_1425_2,15,20,3,0.167,0.15,1,True,103|165|166,A,ok
KPC3_1425_3,15,25,13,0.722,0.52,3,True,69|72|104|129|131|165|166|169|215|219|236|237|272,A,ok
KPC3_1425_4,15,12,3,0.167,0.25,1,True,103|165|166,A,ok
KPC3_1426,15,20,9,0.5,0.45,1,True,103|104|129|131|165|166|169|236|237,A,ok
KPC3_1426_2,15,20,9,0.5,0.45,1,True,103|104|129|131|165|166|169|236|237,A,ok
KPC3_1426_3,15,15,2,0.111,0.133,1,True,165|166,A,ok
KPC3_1426_4,15,23,12,0.667,0.522,3,True,69|72|103|104|129|131|165|166|169|234|236|237,A,ok
KPC3_1427,15,20,3,0.167,0.15,1,True,103|165|166,A,ok
KPC3_142_0,16,27,13,0.722,0.481,2,True,69|103|104|129|131|165|166|169|215|219|234|236|272,A,ok
KPC3_142_5,16,16,4,0.222,0.25,1,True,103|131|165|166,A,ok
KPC3_142_8,16,19,11,0.611,0.579,1,True,103|104|131|165|166|215|219|234|236|237|272,A,ok
KPC3_1432,15,9,0,0.0,0.0,0,False,,A,ok
KPC3_1433,15,14,2,0.111,0.143,1,True,165|166,A,ok
KPC3_1436,15,25,16,0.889,0.64,3,True,69|72|103|104|129|131|165|166|169|215|219|234|235|236|237|272,A,ok
KPC3_1437,15,18,13,0.722,0.722,2,True,69|72|103|104|129|131|166|169|215|219|236|237|272,A,ok
KPC3_1438,15,14,8,0.444,0.571,1,True,103|104|131|165|166|169|236|237,A,ok
KPC3_1442,32,10,0,0.0,0.0,0,False,,A,ok
KPC3_1444,32,15,0,0.0,0.0,0,False,,A,ok
KPC3_1445,32,15,0,0.0,0.0,0,False,,A,ok
KPC3_1446,32,11,0,0.0,0.0,0,False,,A,ok
KPC3_1449,32,17,6,0.333,0.353,0,False,103|104|215|219|236|272,A,ok
KPC3_144_4,43,17,0,0.0,0.0,0,False,,A,ok
KPC3_144_8,43,17,0,0.0,0.0,0,False,,A,ok
KPC3_1453,40,15,3,0.167,0.2,1,True,103|165|166,A,ok
KPC3_1454,40,15,7,0.389,0.467,0,False,103|104|131|166|215|236|272,A,ok
KPC3_145_1,22,22,13,0.722,0.591,3,True,69|72|103|104|131|165|166|169|215|219|236|237|272,A,ok
KPC3_145_4,22,25,13,0.722,0.52,3,True,69|72|103|104|129|131|165|166|169|215|219|236|237,A,ok
KPC3_1460,35,13,3,0.167,0.231,1,True,103|165|166,A,ok
KPC3_1462,35,15,0,0.0,0.0,0,False,,A,ok
KPC3_1463,35,13,3,0.167,0.231,1,True,103|165|166,A,ok
KPC3_1464,35,12,3,0.167,0.25,1,True,103|165|166,A,ok
KPC3_1466,35,23,17,0.944,0.739,4,True,69|72|103|104|129|131|165|166|169|215|219|233|234|235|236|237|272,A,ok
KPC3_1467,35,16,0,0.0,0.0,0,False,,A,ok
KPC3_146_3,20,16,8,0.444,0.5,0,False,103|104|129|131|166|215|234|272,A,ok
KPC3_146_7,20,15,4,0.222,0.267,1,True,103|104|165|166,A,ok
KPC3_1476,15,15,0,0.0,0.0,0,False,,A,ok
KPC3_1478,15,27,15,0.833,0.556,3,True,69|72|103|104|129|131|165|166|169|215|219|234|236|237|272,A,ok
KPC3_1481,15,23,14,0.778,0.609,3,True,69|72|103|104|129|131|165|166|169|215|219|236|237|272,A,ok
KPC3_1483,15,23,3,0.167,0.13,1,True,103|165|166,A,ok
KPC3_1486,15,14,3,0.167,0.214,1,True,103|165|166,A,ok
KPC3_1489,15,13,13,0.722,1.0,3,True,69|72|103|104|129|131|165|166|169|215|234|236|237,A,ok
KPC3_148_0,28,15,3,0.167,0.2,1,True,103|165|166,A,ok
KPC3_1490,31,16,3,0.167,0.188,1,True,103|165|166,A,ok
KPC3_1491,31,19,10,0.556,0.526,0,False,103|104|129|166|215|219|234|236|237|272,A,ok
KPC3_1494,31,29,12,0.667,0.414,1,True,103|104|129|131|165|166|169|215|219|236|237|272,A,ok
KPC3_1495,31,19,0,0.0,0.0,0,False,,A,ok
KPC3_1497,31,13,2,0.111,0.154,0,False,166|237,A,ok
KPC3_1499,31,15,3,0.167,0.2,1,True,103|165|166,A,ok
KPC3_149_9,36,15,0,0.0,0.0,0,False,,A,ok
KPC3_1503,43,22,3,0.167,0.136,1,True,103|165|166,A,ok
KPC3_1504,43,18,4,0.222,0.222,0,False,103|104|166|169,A,ok
KPC3_150_5,15,12,0,0.0,0.0,0,False,,A,ok
KPC3_150_6,15,14,0,0.0,0.0,0,False,,A,ok
KPC3_150_9,15,18,4,0.222,0.222,1,True,103|131|165|166,A,ok
KPC3_1514,22,16,3,0.167,0.188,1,True,103|165|166,A,ok
KPC3_1516,22,11,0,0.0,0.0,0,False,,A,ok
KPC3_1517,22,18,0,0.0,0.0,0,False,,A,ok
KPC3_1523,31,20,2,0.111,0.1,1,True,165|166,A,ok
KPC3_1523_2,31,20,2,0.111,0.1,1,True,165|166,A,ok
KPC3_1523_3,31,13,2,0.111,0.154,1,True,165|166,A,ok
KPC3_1523_4,31,23,8,0.444,0.348,1,True,69|103|104|131|166|169|236|237,A,ok
KPC3_1526,31,13,5,0.278,0.385,1,True,103|104|131|165|166,A,ok
KPC3_1527,31,22,1,0.056,0.045,0,False,215,A,ok
KPC3_1528,31,25,0,0.0,0.0,0,False,,A,ok
KPC3_1536,21,14,3,0.167,0.214,1,True,103|165|166,A,ok
KPC3_1537,21,21,13,0.722,0.619,3,True,69|72|103|104|129|131|165|166|169|215|236|237|272,A,ok
KPC3_153_0,25,14,3,0.167,0.214,1,True,103|165|166,A,ok
KPC3_1542,37,25,11,0.611,0.44,1,True,69|103|104|129|131|166|169|215|219|236|272,A,ok
KPC3_1547,37,19,11,0.611,0.579,0,False,103|104|129|131|166|169|215|219|236|237|272,A,ok
KPC3_1549,37,11,4,0.222,0.364,1,True,103|104|165|166,A,ok
KPC3_154_1,28,21,0,0.0,0.0,0,False,,A,ok
KPC3_154_3,28,20,10,0.556,0.5,0,False,103|104|129|215|219|234|235|236|237|272,A,ok
KPC3_1552,27,23,0,0.0,0.0,0,False,,A,ok
KPC3_1555,27,12,0,0.0,0.0,0,False,,A,ok
KPC3_155_3,22,20,10,0.556,0.5,0,False,103|104|129|131|166|215|219|234|236|272,A,ok
KPC3_155_8,22,9,1,0.056,0.111,0,False,215,A,ok
KPC3_1560,13,24,2,0.111,0.083,1,True,165|166,A,ok
KPC3_1564,13,13,5,0.278,0.385,1,True,103|104|131|165|166,A,ok
KPC3_1567,13,22,14,0.778,0.636,3,True,69|72|103|104|129|131|165|166|169|215|219|236|237|272,A,ok
KPC3_1568,13,22,12,0.667,0.545,1,True,103|104|129|131|165|166|169|215|219|236|237|272,A,ok
KPC3_156_8,15,18,0,0.0,0.0,0,False,,A,ok
KPC3_156_9,15,17,2,0.111,0.118,1,True,165|166,A,ok
KPC3_1570,16,21,3,0.167,0.143,1,True,131|165|166,A,ok
KPC3_1573,16,14,3,0.167,0.214,1,True,103|165|166,A,ok
KPC3_1577,16,14,0,0.0,0.0,0,False,,A,ok
KPC3_157_7,23,33,13,0.722,0.394,2,True,69|103|104|129|131|165|166|169|215|219|236|237|272,A,ok
KPC3_1584,40,25,6,0.333,0.24,0,False,103|104|166|215|237|272,A,ok
KPC3_158_3,12,11,1,0.056,0.091,0,False,104,A,ok
KPC3_1590,26,14,0,0.0,0.0,0,False,,A,ok
KPC3_1592,26,20,0,0.0,0.0,0,False,,A,ok
KPC3_1593,26,12,3,0.167,0.25,1,True,103|165|166,A,ok
KPC3_1595,26,13,3,0.167,0.231,1,True,103|165|166,A,ok
KPC3_1598,26,10,2,0.111,0.2,0,False,103|166,A,ok
KPC3_159_3,20,17,4,0.222,0.235,1,True,103|165|166|237,A,ok
KPC3_159_4,20,18,0,0.0,0.0,0,False,,A,ok
KPC3_159_7,20,18,3,0.167,0.167,1,True,103|165|166,A,ok
KPC3_15_0,42,19,3,0.167,0.158,1,True,103|165|166,A,ok
KPC3_15_4,42,25,2,0.111,0.08,1,True,165|166,A,ok
KPC3_15_8,42,14,0,0.0,0.0,0,False,,A,ok
KPC3_1602,32,11,2,0.111,0.182,1,True,165|166,A,ok
KPC3_1606,32,15,0,0.0,0.0,0,False,,A,ok
KPC3_1607,32,10,0,0.0,0.0,0,False,,A,ok
KPC3_1608,32,29,0,0.0,0.0,0,False,,A,ok
KPC3_160_2,43,11,2,0.111,0.182,1,True,165|166,A,ok
KPC3_160_5,43,22,0,0.0,0.0,0,False,,A,ok
KPC3_1611,37,18,6,0.333,0.333,1,True,103|104|165|166|169|237,A,ok
KPC3_1616,37,14,1,0.056,0.071,0,False,166,A,ok
KPC3_161_0,32,10,0,0.0,0.0,0,False,,A,ok
KPC3_161_3,32,12,1,0.056,0.083,0,False,166,A,ok
KPC3_161_5,32,17,0,0.0,0.0,0,False,,A,ok
KPC3_161_8,32,12,4,0.222,0.333,1,True,103|104|165|166,A,ok
KPC3_1620,44,11,3,0.167,0.273,0,False,104|215|272,A,ok
KPC3_1622,44,12,2,0.111,0.167,1,True,165|166,A,ok
KPC3_1628,44,20,11,0.611,0.55,1,True,69|103|104|129|131|166|215|219|236|237|272,A,ok
KPC3_162_4,33,18,1,0.056,0.056,0,False,104,A,ok
KPC3_1631,22,21,0,0.0,0.0,0,False,,A,ok
KPC3_1633,22,14,0,0.0,0.0,0,False,,A,ok
KPC3_1634,22,19,12,0.667,0.632,3,True,69|72|103|104|129|131|165|166|169|215|236|272,A,ok
KPC3_163_4,34,9,1,0.056,0.111,0,False,103,A,ok
KPC3_1640,13,26,12,0.667,0.462,2,True,69|104|129|131|165|166|169|215|219|236|237|272,A,ok
KPC3_1641,13,23,13,0.722,0.565,2,True,69|72|103|104|129|131|166|169|215|219|234|236|237,A,ok
KPC3_1643,13,22,14,0.778,0.636,2,True,69|103|104|129|131|165|166|169|215|219|234|235|236|237,A,ok
KPC3_1644,13,18,2,0.111,0.111,1,True,165|166,A,ok
KPC3_1647,13,19,13,0.722,0.684,2,True,69|103|104|129|131|165|166|169|215|234|235|236|237,A,ok
KPC3_1648,13,18,11,0.611,0.611,2,True,69|103|104|129|131|165|166|169|235|236|237,A,ok
KPC3_1649,13,15,3,0.167,0.2,1,True,103|165|166,A,ok
KPC3_164_3,22,12,2,0.111,0.167,1,True,165|166,A,ok
KPC3_164_6,22,13,5,0.278,0.385,0,False,103|104|219|236|272,A,ok
KPC3_164_8,22,19,4,0.222,0.211,1,True,165|166|169|237,A,ok
KPC3_1652,43,12,0,0.0,0.0,0,False,,A,ok
KPC3_1654,43,8,3,0.167,0.375,1,True,103|165|166,A,ok
KPC3_1659,43,13,0,0.0,0.0,0,False,,A,ok
KPC3_165_0,23,21,0,0.0,0.0,0,False,,A,ok
KPC3_165_1,23,12,0,0.0,0.0,0,False,,A,ok
KPC3_165_3,23,16,3,0.167,0.188,1,True,165|166|237,A,ok
KPC3_1660,15,19,10,0.556,0.526,1,True,103|104|131|165|166|169|215|236|237|272,A,ok
KPC3_166_2,19,14,0,0.0,0.0,0,False,,A,ok
KPC3_166_5,19,16,0,0.0,0.0,0,False,,A,ok
KPC3_1671,32,15,3,0.167,0.2,0,False,103|104|215,A,ok
KPC3_1674,32,14,2,0.111,0.143,1,True,165|166,A,ok
KPC3_1674_2,32,14,2,0.111,0.143,1,True,165|166,A,ok
KPC3_1674_3,32,35,15,0.833,0.429,3,True,69|72|103|104|129|131|165|166|169|215|219|234|236|237|272,A,ok
KPC3_1674_4,32,16,2,0.111,0.125,1,True,165|166,A,ok
KPC3_1675,32,17,0,0.0,0.0,0,False,,A,ok
KPC3_1676,32,14,3,0.167,0.214,1,True,103|165|166,A,ok
KPC3_1678,32,11,1,0.056,0.091,0,False,104,A,ok
KPC3_167_3,28,13,5,0.278,0.385,0,False,104|129|215|236|272,A,ok
KPC3_167_6,28,13,0,0.0,0.0,0,False,,A,ok
KPC3_167_7,28,18,0,0.0,0.0,0,False,,A,ok
KPC3_1680,44,13,2,0.111,0.154,0,False,166|169,A,ok
KPC3_1681,44,21,11,0.611,0.524,1,True,69|103|104|129|131|215|219|234|236|237|272,A,ok
KPC3_1687,44,20,10,0.556,0.5,3,True,69|72|103|104|129|131|165|166|169|236,A,ok
KPC3_1689,44,15,7,0.389,0.467,0,False,103|104|129|215|219|236|272,A,ok
KPC3_168_6,44,24,0,0.0,0.0,0,False,,A,ok
KPC3_1691,20,19,7,0.389,0.368,1,True,103|131|165|166|169|236|237,A,ok
KPC3_1692,20,12,10,0.556,0.833,1,True,69|104|129|131|215|219|234|235|236|272,A,ok
KPC3_1693,20,15,6,0.333,0.4,1,True,103|165|166|236|237|272,A,ok
KPC3_1695,20,19,10,0.556,0.526,0,False,103|104|131|166|169|215|219|236|237|272,A,ok
KPC3_1695_2,20,19,10,0.556,0.526,0,False,103|104|131|166|169|215|219|236|237|272,A,ok
KPC3_1695_3,20,15,2,0.111,0.133,1,True,165|166,A,ok
KPC3_1695_4,20,23,9,0.5,0.391,0,False,103|104|166|169|215|219|236|237|272,A,ok
KPC3_1696,20,24,13,0.722,0.542,1,True,69|103|104|129|131|166|169|215|219|234|236|237|272,A,ok
KPC3_1697,20,19,2,0.111,0.105,1,True,165|166,A,ok
KPC3_1698,20,18,4,0.222,0.222,1,True,103|131|165|166,A,ok
KPC3_169_1,14,15,3,0.167,0.2,1,True,103|165|166,A,ok
KPC3_169_6,14,14,0,0.0,0.0,0,False,,A,ok
KPC3_16_3,19,16,0,0.0,0.0,0,False,,A,ok
KPC3_1700,13,19,13,0.722,0.684,3,True,69|72|103|104|129|131|165|166|169|215|234|236|237,A,ok
KPC3_1701,13,11,8,0.444,0.727,0,False,103|104|131|166|169|236|237|272,A,ok
KPC3_1702,13,22,11,0.611,0.5,2,True,69|104|129|165|166|169|215|219|236|237|272,A,ok
KPC3_1708,13,12,3,0.167,0.25,1,True,103|165|166,A,ok
KPC3_1708_2,13,12,3,0.167,0.25,1,True,103|165|166,A,ok
KPC3_1708_3,13,10,3,0.167,0.3,1,True,103|165|166,A,ok
KPC3_1708_4,13,8,3,0.167,0.375,1,True,103|165|166,A,ok
KPC3_170_0,16,8,2,0.111,0.25,1,True,165|166,A,ok
KPC3_170_5,16,5,0,0.0,0.0,0,False,,A,ok
KPC3_170_7,16,16,3,0.167,0.188,1,True,131|165|166,A,ok
KPC3_1712,25,24,2,0.111,0.083,1,True,165|166,A,ok
KPC3_1716,25,10,1,0.056,0.1,1,True,165,A,ok
KPC3_1717,25,18,5,0.278,0.278,0,False,103|104|166|215|237,A,ok
KPC3_1720,45,16,2,0.111,0.125,1,True,165|166,A,ok
KPC3_1721,45,14,1,0.056,0.071,0,False,104,A,ok
KPC3_1724,45,15,6,0.333,0.4,2,True,69|103|104|131|165|166,A,ok
KPC3_1726,45,13,4,0.222,0.308,0,False,104|215|219|272,A,ok
KPC3_172_0,14,11,0,0.0,0.0,0,False,,A,ok
KPC3_172_5,14,12,2,0.111,0.167,1,True,165|166,A,ok
KPC3_172_6,14,13,3,0.167,0.231,1,True,103|165|166,A,ok
KPC3_1730,19,11,1,0.056,0.091,1,True,165,A,ok
KPC3_1732,19,16,0,0.0,0.0,0,False,,A,ok
KPC3_1733,19,18,0,0.0,0.0,0,False,,A,ok
KPC3_1735,19,11,3,0.167,0.273,1,True,103|165|166,A,ok
KPC3_1737,19,30,12,0.667,0.4,1,True,103|104|129|131|165|166|169|215|219|236|237|272,A,ok
KPC3_1739,19,16,3,0.167,0.188,1,True,103|165|166,A,ok
KPC3_1741,45,18,10,0.556,0.556,0,False,103|104|129|215|219|234|235|236|237|272,A,ok
KPC3_1748,45,7,2,0.111,0.286,0,False,103|166,A,ok
KPC3_174_6,45,22,6,0.333,0.273,1,True,103|104|131|165|166|237,A,ok
KPC3_174_8,45,20,0,0.0,0.0,0,False,,A,ok
KPC3_1751,32,12,2,0.111,0.167,0,False,103|166,A,ok
KPC3_1753,32,19,10,0.556,0.526,1,True,69|103|104|129|131|166|169|236|237|272,A,ok
KPC3_1754,32,16,8,0.444,0.5,0,False,103|104|129|131|215|219|236|272,A,ok
KPC3_1756,32,8,2,0.111,0.25,0,False,215|272,A,ok
KPC3_1759,32,11,2,0.111,0.182,1,True,165|166,A,ok
KPC3_175_2,14,11,3,0.167,0.273,1,True,103|165|166,A,ok
KPC3_175_4,14,10,3,0.167,0.3,1,True,103|165|166,A,ok
KPC3_1768,35,16,3,0.167,0.188,1,True,165|166|169,A,ok
KPC3_1768_2,35,16,3,0.167,0.188,1,True,165|166|169,A,ok
KPC3_1768_3,35,11,3,0.167,0.273,1,True,103|165|166,A,ok
KPC3_1768_4,35,16,2,0.111,0.125,1,True,165|166,A,ok
KPC3_1769,35,11,1,0.056,0.091,1,True,165,A,ok
KPC3_1772,23,14,0,0.0,0.0,0,False,,A,ok
KPC3_1773,23,19,1,0.056,0.053,1,True,165,A,ok
KPC3_1773_2,23,19,1,0.056,0.053,1,True,165,A,ok
KPC3_1773_3,23,21,15,0.833,0.714,3,True,69|72|103|104|129|131|165|166|169|215|219|234|236|237|272,A,ok
KPC3_1773_4,23,22,14,0.778,0.636,3,True,69|72|103|104|129|131|165|166|169|215|219|236|237|272,A,ok
KPC3_1775,23,10,2,0.111,0.2,1,True,165|166,A,ok
KPC3_1778,23,10,0,0.0,0.0,0,False,,A,ok
KPC3_1779,23,22,11,0.611,0.5,2,True,69|103|104|129|131|165|166|169|215|236|237,A,ok
KPC3_177_8,24,23,12,0.667,0.522,2,True,69|103|104|129|131|165|166|169|215|219|236|237,A,ok
KPC3_1781,27,11,3,0.167,0.273,1,True,103|165|166,A,ok
KPC3_1783,27,18,0,0.0,0.0,0,False,,A,ok
KPC3_1785,27,25,2,0.111,0.08,1,True,165|166,A,ok
KPC3_1789,27,10,0,0.0,0.0,0,False,,A,ok
KPC3_178_2,25,17,0,0.0,0.0,0,False,,A,ok
KPC3_178_4,25,14,2,0.111,0.143,0,False,104|215,A,ok
KPC3_178_5,25,11,3,0.167,0.273,1,True,103|165|166,A,ok
KPC3_178_6,25,20,2,0.111,0.1,1,True,165|166,A,ok
KPC3_1792,34,6,0,0.0,0.0,0,False,,A,ok
KPC3_1794,34,21,3,0.167,0.143,1,True,103|165|166,A,ok
KPC3_1795,34,14,3,0.167,0.214,1,True,103|165|166,A,ok
KPC3_1798,34,38,12,0.667,0.316,1,True,69|103|104|129|131|169|215|219|234|235|236|237,A,ok
KPC3_179_2,41,18,0,0.0,0.0,0,False,,A,ok
KPC3_17_8,27,15,0,0.0,0.0,0,False,,A,ok
KPC3_17_9,27,16,0,0.0,0.0,0,False,,A,ok
KPC3_1802,25,10,1,0.056,0.1,1,True,165,A,ok
KPC3_180_2,25,21,0,0.0,0.0,0,False,,A,ok
KPC3_180_3,25,19,5,0.278,0.263,0,False,103|104|166|169|237,A,ok
KPC3_1811,29,22,3,0.167,0.136,1,True,103|165|166,A,ok
KPC3_1811_2,29,22,3,0.167,0.136,1,True,103|165|166,A,ok
KPC3_1811_3,29,19,1,0.056,0.053,0,False,104,A,ok
KPC3_1811_4,29,17,2,0.111,0.118,1,True,103|165,A,ok
KPC3_1814,29,21,10,0.556,0.476,3,True,69|72|103|129|131|165|166|169|236|237,A,ok
KPC3_1816,29,24,0,0.0,0.0,0,False,,A,ok
KPC3_1819,29,24,0,0.0,0.0,0,False,,A,ok
KPC3_181_4,30,17,0,0.0,0.0,0,False,,A,ok
KPC3_181_8,30,16,0,0.0,0.0,0,False,,A,ok
KPC3_181_9,30,21,0,0.0,0.0,0,False,,A,ok
KPC3_1821,28,14,2,0.111,0.143,1,True,165|166,A,ok
KPC3_1824,28,15,4,0.222,0.267,1,True,103|104|165|166,A,ok
KPC3_1825,28,15,5,0.278,0.333,1,True,103|104|165|166|169,A,ok
KPC3_1826,28,20,14,0.778,0.7,2,True,69|103|104|129|131|166|169|215|233|234|235|236|237|272,A,ok
KPC3_1828,28,22,4,0.222,0.182,1,True,103|104|165|166,A,ok
KPC3_182_2,18,14,3,0.167,0.214,1,True,103|165|166,A,ok
KPC3_182_8,18,17,3,0.167,0.176,1,True,103|165|166,A,ok
KPC3_1836,44,12,0,0.0,0.0,0,False,,A,ok
KPC3_183_2,21,18,3,0.167,0.167,1,True,103|165|166,A,ok
KPC3_1847,45,16,5,0.278,0.312,0,False,103|104|215|236|272,A,ok
KPC3_1850,40,15,3,0.167,0.2,1,True,103|165|166,A,ok
KPC3_1851,40,14,2,0.111,0.143,0,False,103|166,A,ok
KPC3_1858,40,19,3,0.167,0.158,1,True,103|165|166,A,ok
KPC3_1861,45,13,3,0.167,0.231,1,True,103|165|166,A,ok
KPC3_1866,45,14,3,0.167,0.214,1,True,103|165|166,A,ok
KPC3_186_2,44,15,0,0.0,0.0,0,False,,A,ok
KPC3_186_6,44,27,14,0.778,0.519,2,True,69|103|104|129|131|166|169|215|233|234|235|236|237|272,A,ok
KPC3_1870,22,19,3,0.167,0.158,1,True,103|165|166,A,ok
KPC3_1875,22,20,15,0.833,0.75,3,True,69|72|103|104|129|131|165|166|169|215|219|235|236|237|272,A,ok
KPC3_1878,22,20,2,0.111,0.1,1,True,165|166,A,ok
KPC3_187_2,18,17,7,0.389,0.412,1,True,103|131|165|166|169|236|237,A,ok
KPC3_187_4,18,26,15,0.833,0.577,2,True,69|103|104|129|131|165|166|169|215|219|234|235|236|237|272,A,ok
KPC3_187_9,18,16,2,0.111,0.125,1,True,165|166,A,ok
KPC3_188_6,42,23,5,0.278,0.217,1,True,103|165|166|169|237,A,ok
KPC3_188_8,42,15,2,0.111,0.133,0,False,103|166,A,ok
KPC3_1894,17,24,14,0.778,0.583,2,True,69|103|104|131|165|166|169|215|219|234|235|236|237|272,A,ok
KPC3_189_2,42,26,9,0.5,0.346,0,False,103|104|131|166|169|215|236|237|272,A,ok
KPC3_189_5,42,18,1,0.056,0.056,1,True,165,A,ok
KPC3_189_7,42,10,3,0.167,0.3,0,False,104|215|272,A,ok
KPC3_189_8,42,12,3,0.167,0.25,0,False,104|166|272,A,ok
KPC3_18_4,17,10,2,0.111,0.2,0,False,103|166,A,ok
KPC3_18_6,17,25,15,0.833,0.6,3,True,69|103|104|129|131|165|166|169|215|219|233|234|236|237|272,A,ok
KPC3_18_7,17,16,2,0.111,0.125,1,True,165|166,A,ok
KPC3_1900,29,14,0,0.0,0.0,0,False,,A,ok
KPC3_1902,29,20,8,0.444,0.4,1,True,103|104|131|165|166|236|237|272,A,ok
KPC3_1903,29,10,2,0.111,0.2,0,False,103|166,A,ok
KPC3_1907,29,17,5,0.278,0.294,1,True,103|165|166|169|237,A,ok
KPC3_1907_2,29,17,5,0.278,0.294,1,True,103|165|166|169|237,A,ok
KPC3_1907_3,29,9,3,0.167,0.333,1,True,103|165|166,A,ok
KPC3_1907_4,29,25,11,0.611,0.44,3,True,69|72|103|104|129|131|165|166|169|236|237,A,ok
KPC3_190_5,19,17,0,0.0,0.0,0,False,,A,ok
KPC3_190_6,19,15,0,0.0,0.0,0,False,,A,ok
KPC3_190_7,19,13,0,0.0,0.0,0,False,,A,ok
KPC3_1910,22,19,0,0.0,0.0,0,False,,A,ok
KPC3_1914,22,16,5,0.278,0.312,0,False,104|131|215|236|272,A,ok
KPC3_1915,22,31,17,0.944,0.548,4,True,69|72|103|104|129|131|165|166|169|215|219|233|234|235|236|237|272,A,ok
KPC3_1916,22,29,11,0.611,0.379,1,True,69|103|104|129|166|169|215|219|236|237|272,A,ok
KPC3_1917,22,23,3,0.167,0.13,1,True,103|165|166,A,ok
KPC3_1919,22,29,2,0.111,0.069,1,True,165|166,A,ok
KPC3_1922,42,14,6,0.333,0.429,0,False,104|129|215|219|236|272,A,ok
KPC3_1923,42,11,0,0.0,0.0,0,False,,A,ok
KPC3_1930,23,42,13,0.722,0.31,3,True,69|72|103|104|129|131|165|166|169|219|236|237|272,A,ok
KPC3_1932,23,16,3,0.167,0.188,1,True,103|165|166,A,ok
KPC3_1933,23,24,3,0.167,0.125,1,True,103|165|166,A,ok
KPC3_1934,23,19,4,0.222,0.211,1,True,103|131|165|166,A,ok
KPC3_1936,23,21,0,0.0,0.0,0,False,,A,ok
KPC3_1937,23,19,2,0.111,0.105,1,True,165|166,A,ok
KPC3_193_4,28,23,4,0.222,0.174,1,True,165|166|169|237,A,ok
KPC3_193_7,28,13,4,0.222,0.308,1,True,103|131|165|166,A,ok
KPC3_1941,45,16,3,0.167,0.188,1,True,103|165|166,A,ok
KPC3_1947,45,13,3,0.167,0.231,1,True,103|165|166,A,ok
KPC3_1949,45,11,0,0.0,0.0,0,False,,A,ok
KPC3_194_0,37,29,2,0.111,0.069,1,True,165|166,A,ok
KPC3_194_3,37,25,0,0.0,0.0,0,False,,A,ok
KPC3_194_6,37,29,7,0.389,0.241,0,False,103|104|131|166|215|236|237,A,ok
KPC3_194_9,37,26,5,0.278,0.192,0,False,103|104|166|169|237,A,ok
KPC3_1950,15,13,8,0.444,0.615,0,False,103|104|215|219|234|235|236|272,A,ok
KPC3_1954,15,17,2,0.111,0.118,1,True,165|166,A,ok
KPC3_1958,15,16,0,0.0,0.0,0,False,,A,ok
KPC3_1959,15,10,3,0.167,0.3,1,True,103|165|166,A,ok
KPC3_195_6,35,24,4,0.222,0.167,0,False,103|104|166|237,A,ok
KPC3_1961,26,18,0,0.0,0.0,0,False,,A,ok
KPC3_1964,26,22,9,0.5,0.409,0,False,103|104|166|215|219|234|236|237|272,A,ok
KPC3_1965,26,13,3,0.167,0.231,1,True,103|165|166,A,ok
KPC3_1968,26,8,0,0.0,0.0,0,False,,A,ok
KPC3_196_9,12,13,0,0.0,0.0,0,False,,A,ok
KPC3_1971,25,21,14,0.778,0.667,3,True,68|69|72|103|104|129|131|165|166|169|215|236|237|272,A,ok
KPC3_1972,25,35,14,0.778,0.4,3,True,69|103|104|129|131|165|166|169|215|233|234|235|236|237,A,ok
KPC3_197_7,25,16,1,0.056,0.062,0,False,104,A,ok
KPC3_1984,36,28,0,0.0,0.0,0,False,,A,ok
KPC3_1985,36,21,15,0.833,0.714,2,True,69|103|104|129|131|166|169|215|219|233|234|235|236|237|272,A,ok
KPC3_1987,36,18,5,0.278,0.278,0,False,103|104|166|169|237,A,ok
KPC3_1988,36,17,6,0.333,0.353,0,False,103|104|215|219|236|272,A,ok
KPC3_1989,36,23,12,0.667,0.522,2,True,69|103|104|129|166|215|219|233|234|235|236|272,A,ok
KPC3_198_0,42,23,0,0.0,0.0,0,False,,A,ok
KPC3_198_7,42,14,0,0.0,0.0,0,False,,A,ok
KPC3_198_9,42,30,0,0.0,0.0,0,False,,A,ok
KPC3_1991,43,9,0,0.0,0.0,0,False,,A,ok
KPC3_1995,43,13,0,0.0,0.0,0,False,,A,ok
KPC3_1997,43,28,12,0.667,0.429,1,True,103|104|129|131|165|166|215|219|234|235|236|272,A,ok
KPC3_19_0,28,17,1,0.056,0.059,1,True,165,A,ok
KPC3_19_3,28,20,2,0.111,0.1,1,True,165|166,A,ok
KPC3_19_6,28,19,2,0.111,0.105,1,True,165|166,A,ok
KPC3_19_8,28,28,10,0.556,0.357,2,True,69|103|104|131|165|166|169|215|236|237,A,ok
KPC3_1_7,37,19,0,0.0,0.0,0,False,,A,ok
KPC3_2001,20,13,3,0.167,0.231,1,True,103|165|166,A,ok
KPC3_2002,20,22,11,0.611,0.5,3,True,69|72|103|104|129|131|165|166|169|215|236,A,ok
KPC3_2005,20,15,4,0.222,0.267,1,True,103|131|165|166,A,ok
KPC3_2006,20,11,3,0.167,0.273,1,True,103|165|166,A,ok
KPC3_2006_2,20,11,3,0.167,0.273,1,True,103|165|166,A,ok
KPC3_2006_3,20,17,4,0.222,0.235,1,True,103|165|166|237,A,ok
KPC3_2006_4,20,10,3,0.167,0.3,1,True,103|165|166,A,ok
KPC3_2007,20,17,2,0.111,0.118,1,True,165|166,A,ok
KPC3_2010,36,14,2,0.111,0.143,1,True,165|166,A,ok
KPC3_2011,36,25,15,0.833,0.6,3,True,68|69|72|103|104|129|131|165|166|169|215|219|234|236|272,A,ok
KPC3_2012,36,26,7,0.389,0.269,3,True,69|72|103|104|131|165|166,A,ok
KPC3_2013,36,20,16,0.889,0.8,4,True,69|72|103|104|129|131|165|166|169|215|233|234|235|236|237|272,A,ok
KPC3_2014,36,14,5,0.278,0.357,1,True,103|131|165|166|169,A,ok
KPC3_2015,36,21,10,0.556,0.476,1,True,103|104|129|131|165|166|215|236|237|272,A,ok
KPC3_2019,36,15,6,0.333,0.4,0,False,103|104|215|219|236|272,A,ok
KPC3_2026,44,18,4,0.222,0.222,1,True,103|104|165|166,A,ok
KPC3_2026_2,44,18,4,0.222,0.222,1,True,103|104|165|166,A,ok
KPC3_2026_3,44,29,3,0.167,0.103,1,True,103|165|166,A,ok
KPC3_2026_4,44,17,4,0.222,0.235,0,False,103|104|166|237,A,ok
KPC3_2027,44,12,3,0.167,0.25,1,True,103|165|166,A,ok
KPC3_2034,39,28,3,0.167,0.107,0,False,103|104|166,A,ok
KPC3_2036,39,16,3,0.167,0.188,1,True,103|165|166,A,ok
KPC3_2036_2,39,16,3,0.167,0.188,1,True,103|165|166,A,ok
KPC3_2036_3,39,19,11,0.611,0.579,2,True,69|72|103|104|131|166|169|215|236|237|272,A,ok
KPC3_2036_4,39,23,14,0.778,0.609,2,True,69|103|104|129|131|165|166|169|215|219|234|236|237|272,A,ok
KPC3_203_4,44,20,5,0.278,0.25,0,False,103|104|166|169|237,A,ok
KPC3_203_5,44,19,3,0.167,0.158,1,True,103|165|166,A,ok
KPC3_2042,22,15,5,0.278,0.333,1,True,103|104|131|165|166,A,ok
KPC3_2044,22,19,0,0.0,0.0,0,False,,A,ok
KPC3_2045,22,27,4,0.222,0.148,1,True,103|165|166|169,A,ok
KPC3_2049,22,22,3,0.167,0.136,1,True,103|165|166,A,ok
KPC3_204_0,19,15,3,0.167,0.2,1,True,103|165|166,A,ok
KPC3_204_1,19,7,1,0.056,0.143,0,False,104,A,ok
KPC3_204_3,19,13,2,0.111,0.154,1,True,165|166,A,ok
KPC3_204_8,19,13,3,0.167,0.231,1,True,103|165|166,A,ok
KPC3_2050,33,4,0,0.0,0.0,0,False,,A,ok
KPC3_2051,33,14,5,0.278,0.357,0,False,103|104|131|166|237,A,ok
KPC3_2051_2,33,14,5,0.278,0.357,0,False,103|104|131|166|237,A,ok
KPC3_2051_3,33,15,3,0.167,0.2,1,True,103|165|166,A,ok
KPC3_2051_4,33,11,4,0.222,0.364,1,True,103|104|165|166,A,ok
KPC3_2055,33,22,14,0.778,0.636,1,True,69|103|104|129|131|166|169|215|219|234|235|236|237|272,A,ok
KPC3_2058,33,12,3,0.167,0.25,1,True,103|165|166,A,ok
KPC3_205_5,24,14,4,0.222,0.286,1,True,103|131|165|166,A,ok
KPC3_2061,30,17,0,0.0,0.0,0,False,,A,ok
KPC3_2061_2,30,17,0,0.0,0.0,0,False,,A,ok
KPC3_2061_3,30,19,10,0.556,0.526,0,False,103|104|129|166|169|215|219|236|237|272,A,ok
KPC3_2061_4,30,14,0,0.0,0.0,0,False,,A,ok
KPC3_2062,30,15,0,0.0,0.0,0,False,,A,ok
KPC3_2063,30,18,6,0.333,0.333,1,True,103|104|165|166|169|237,A,ok
KPC3_2066,30,22,3,0.167,0.136,1,True,103|165|166,A,ok
KPC3_2069,30,9,2,0.111,0.222,1,True,165|166,A,ok
KPC3_206_1,17,12,2,0.111,0.167,1,True,165|166,A,ok
KPC3_2073,36,26,2,0.111,0.077,1,True,165|166,A,ok
KPC3_2074,36,13,0,0.0,0.0,0,False,,A,ok
KPC3_2079,36,22,0,0.0,0.0,0,False,,A,ok
KPC3_207_9,16,10,2,0.111,0.2,1,True,165|166,A,ok
KPC3_2087,43,18,6,0.333,0.333,1,True,103|104|165|166|169|237,A,ok
KPC3_2089,43,15,0,0.0,0.0,0,False,,A,ok
KPC3_208_8,17,15,0,0.0,0.0,0,False,,A,ok
KPC3_2092,30,29,4,0.222,0.138,1,True,103|104|165|166,A,ok
KPC3_2093,30,13,2,0.111,0.154,1,True,165|166,A,ok
KPC3_2096,30,10,6,0.333,0.6,0,False,104|129|215|219|236|272,A,ok
KPC3_2098,30,16,0,0.0,0.0,0,False,,A,ok
KPC3_209_1,44,25,10,0.556,0.4,0,False,103|104|129|166|169|215|219|236|237|272,A,ok
KPC3_209_5,44,13,8,0.444,0.615,0,False,104|131|215|219|234|235|236|272,A,ok
KPC3_209_6,44,13,0,0.0,0.0,0,False,,A,ok
KPC3_20_7,36,18,0,0.0,0.0,0,False,,A,ok
KPC3_2101,17,16,0,0.0,0.0,0,False,,A,ok
KPC3_2102,17,11,3,0.167,0.273,1,True,103|165|166,A,ok
KPC3_2109,17,16,0,0.0,0.0,0,False,,A,ok
KPC3_2109_2,17,16,0,0.0,0.0,0,False,,A,ok
KPC3_2109_3,17,10,2,0.111,0.2,0,False,103|166,A,ok
KPC3_2109_4,17,16,12,0.667,0.75,3,True,69|72|104|129|131|165|169|215|219|236|237|272,A,ok
KPC3_210_0,38,27,0,0.0,0.0,0,False,,A,ok
KPC3_2110,39,17,1,0.056,0.059,0,False,166,A,ok
KPC3_2111,39,12,2,0.111,0.167,1,True,165|166,A,ok
KPC3_2112,39,17,11,0.611,0.647,0,False,103|104|129|131|166|169|215|219|236|237|272,A,ok
KPC3_2115,39,28,13,0.722,0.464,3,True,68|69|72|103|104|129|131|165|166|169|236|237|272,A,ok
KPC3_211_6,12,17,12,0.667,0.706,2,True,69|72|103|104|129|131|166|169|215|234|236|237,A,ok
KPC3_2124,41,22,11,0.611,0.5,3,True,69|72|103|104|129|131|165|166|169|236|237,A,ok
KPC3_2125,41,24,6,0.333,0.25,0,False,104|129|215|219|236|272,A,ok
KPC3_2129,41,7,0,0.0,0.0,0,False,,A,ok
KPC3_2133,15,22,14,0.778,0.636,2,True,69|103|104|129|131|165|166|169|215|219|234|235|236|237,A,ok
KPC3_2137,15,23,1,0.056,0.043,1,True,165,A,ok
KPC3_213_2,38,20,4,0.222,0.2,1,True,103|104|165|166,A,ok
KPC3_213_3,38,12,0,0.0,0.0,0,False,,A,ok
KPC3_213_5,38,4,0,0.0,0.0,0,False,,A,ok
KPC3_213_6,38,7,2,0.111,0.286,0,False,103|104,A,ok
KPC3_213_7,38,17,0,0.0,0.0,0,False,,A,ok
KPC3_2141,34,22,12,0.667,0.545,2,True,69|72|103|104|131|166|169|215|219|236|237|272,A,ok
KPC3_2147,34,13,0,0.0,0.0,0,False,,A,ok
KPC3_2148,34,26,14,0.778,0.538,3,True,69|72|103|104|129|131|165|166|169|215|219|236|237|272,A,ok
KPC3_2149,34,17,0,0.0,0.0,0,False,,A,ok
KPC3_214_9,13,14,2,0.111,0.143,1,True,165|166,A,ok
KPC3_2150,43,27,5,0.278,0.185,1,True,103|104|165|166|272,A,ok
KPC3_2151,43,10,2,0.111,0.2,1,True,165|166,A,ok
KPC3_2157,43,15,3,0.167,0.2,1,True,103|165|166,A,ok
KPC3_215_7,14,15,2,0.111,0.133,1,True,165|166,A,ok
KPC3_2160,42,14,3,0.167,0.214,1,True,103|165|166,A,ok
KPC3_2164,42,19,11,0.611,0.579,3,True,69|72|104|129|131|165|169|215|236|237|272,A,ok
KPC3_2170,12,29,13,0.722,0.448,3,True,69|72|104|129|131|165|166|169|215|219|236|237|272,A,ok
KPC3_2175,12,20,15,0.833,0.75,3,True,69|72|103|104|129|131|165|166|169|215|219|234|236|237|272,A,ok
KPC3_217_2,12,12,3,0.167,0.25,1,True,103|165|166,A,ok
KPC3_2180,27,13,2,0.111,0.154,0,False,103|166,A,ok
KPC3_2183,27,29,0,0.0,0.0,0,False,,A,ok
KPC3_2183_2,27,29,0,0.0,0.0,0,False,,A,ok
KPC3_2183_3,27,30,0,0.0,0.0,0,False,,A,ok
KPC3_2183_4,27,22,0,0.0,0.0,0,False,,A,ok
KPC3_218_3,35,14,0,0.0,0.0,0,False,,A,ok
KPC3_2194,41,14,4,0.222,0.286,0,False,103|166|169|237,A,ok
KPC3_219_6,22,19,6,0.333,0.316,1,True,69|103|104|131|166|236,A,ok
KPC3_21_1,28,26,11,0.611,0.423,1,True,103|104|129|131|165|166|169|215|236|237|272,A,ok
KPC3_21_4,28,27,14,0.778,0.519,3,True,69|72|103|104|129|131|165|166|169|215|219|236|237|272,A,ok
KPC3_21_5,28,14,3,0.167,0.214,1,True,103|165|166,A,ok
KPC3_21_9,28,27,13,0.722,0.481,3,True,69|72|103|104|131|165|166|169|215|219|236|237|272,A,ok
KPC3_2202,28,11,1,0.056,0.091,1,True,165,A,ok
KPC3_2203,28,13,7,0.389,0.538,0,False,103|104|131|166|236|237|272,A,ok
KPC3_2203_2,28,13,7,0.389,0.538,0,False,103|104|131|166|236|237|272,A,ok
KPC3_2203_3,28,12,2,0.111,0.167,1,True,165|166,A,ok
KPC3_2203_4,28,7,2,0.111,0.286,0,False,103|104,A,ok
KPC3_2206,28,24,5,0.278,0.208,1,True,103|104|165|166|215,A,ok
KPC3_2207,28,26,11,0.611,0.423,3,True,69|72|103|104|129|131|165|166|169|236|237,A,ok
KPC3_2209,28,25,0,0.0,0.0,0,False,,A,ok
KPC3_220_0,27,13,3,0.167,0.231,1,True,103|165|166,A,ok
KPC3_2210,29,15,3,0.167,0.2,1,True,103|165|166,A,ok
KPC3_2217,29,34,14,0.778,0.412,3,True,69|72|103|104|129|131|165|166|169|215|219|234|236|237,A,ok
KPC3_2218,29,8,0,0.0,0.0,0,False,,A,ok
KPC3_221_4,42,14,4,0.222,0.286,1,True,103|104|165|166,A,ok
KPC3_221_8,42,26,7,0.389,0.269,1,True,103|104|131|165|166|169|237,A,ok
KPC3_2225,16,10,2,0.111,0.2,1,True,165|166,A,ok
KPC3_2226,16,12,3,0.167,0.25,1,True,103|165|166,A,ok
KPC3_2228,16,18,14,0.778,0.778,2,True,69|103|104|129|131|165|166|169|215|234|235|236|237|272,A,ok
KPC3_222_2,43,17,0,0.0,0.0,0,False,,A,ok
KPC3_222_5,43,25,6,0.333,0.24,1,True,103|104|165|166|169|215,A,ok
KPC3_2230,35,27,0,0.0,0.0,0,False,,A,ok
KPC3_2231,35,11,2,0.111,0.182,1,True,165|166,A,ok
KPC3_2232,35,12,2,0.111,0.167,1,True,165|166,A,ok
KPC3_2233,35,14,3,0.167,0.214,1,True,103|165|166,A,ok
KPC3_2235,35,26,8,0.444,0.308,1,True,103|104|131|165|166|169|236|237,A,ok
KPC3_2235_2,35,26,8,0.444,0.308,1,True,103|104|131|165|166|169|236|237,A,ok
KPC3_2235_3,35,19,13,0.722,0.684,2,True,69|72|103|104|129|131|166|169|215|234|236|237|272,A,ok
KPC3_2235_4,35,29,2,0.111,0.069,1,True,165|166,A,ok
KPC3_223_0,32,29,11,0.611,0.379,1,True,103|104|129|131|165|166|169|215|236|237|272,A,ok
KPC3_223_1,32,16,3,0.167,0.188,1,True,103|165|166,A,ok
KPC3_223_5,32,15,2,0.111,0.133,1,True,165|166,A,ok
KPC3_2240,23,29,15,0.833,0.517,3,True,69|72|103|104|129|131|165|166|169|215|219|234|236|237|272,A,ok
KPC3_2241,23,21,2,0.111,0.095,1,True,165|166,A,ok
KPC3_2244,23,17,2,0.111,0.118,1,True,165|166,A,ok
KPC3_2245,23,27,13,0.722,0.481,1,True,68|69|104|129|131|169|215|219|234|235|236|237|272,A,ok
KPC3_2257,34,17,3,0.167,0.176,1,True,103|165|166,A,ok
KPC3_2259,34,9,3,0.167,0.333,1,True,103|165|166,A,ok
KPC3_225_1,22,14,5,0.278,0.357,0,False,103|104|166|169|237,A,ok
KPC3_225_2,22,13,4,0.222,0.308,1,True,103|104|165|166,A,ok
KPC3_225_3,22,17,3,0.167,0.176,0,False,103|166|237,A,ok
KPC3_225_5,22,19,9,0.5,0.474,2,True,69|103|104|131|165|166|169|236|237,A,ok
KPC3_225_6,22,12,3,0.167,0.25,0,False,103|166|169,A,ok
KPC3_225_8,22,17,1,0.056,0.059,0,False,104,A,ok
KPC3_2261,27,23,0,0.0,0.0,0,False,,A,ok
KPC3_2263,27,11,3,0.167,0.273,1,True,103|165|166,A,ok
KPC3_2267,27,14,0,0.0,0.0,0,False,,A,ok
KPC3_2268,27,10,3,0.167,0.3,1,True,103|165|166,A,ok
KPC3_2269,27,20,0,0.0,0.0,0,False,,A,ok
KPC3_2272,17,17,2,0.111,0.118,0,False,166|169,A,ok
KPC3_2273,17,21,1,0.056,0.048,1,True,165,A,ok
KPC3_2275,17,11,2,0.111,0.182,0,False,103|166,A,ok
KPC3_2277,17,31,16,0.889,0.516,4,True,69|72|104|129|131|165|166|169|215|219|233|234|235|236|237|272,A,ok
KPC3_2278,17,28,9,0.5,0.321,1,True,103|104|129|131|165|166|169|215|272,A,ok
KPC3_2279,17,10,3,0.167,0.3,1,True,103|165|166,A,ok
KPC3_227_4,45,34,11,0.611,0.324,1,True,103|104|131|165|166|169|215|219|236|237|272,A,ok
KPC3_227_6,45,26,4,0.222,0.154,0,False,103|104|166|215,A,ok
KPC3_227_8,45,21,0,0.0,0.0,0,False,,A,ok
KPC3_2280,18,11,3,0.167,0.273,1,True,131|165|166,A,ok
KPC3_2285,18,12,2,0.111,0.167,1,True,103|165,A,ok
KPC3_2292,36,11,0,0.0,0.0,0,False,,A,ok
KPC3_2292_2,36,11,0,0.0,0.0,0,False,,A,ok
KPC3_2292_3,36,19,5,0.278,0.263,0,False,103|104|166|236|272,A,ok
KPC3_2292_4,36,17,5,0.278,0.294,0,False,103|104|219|236|272,A,ok
KPC3_2293,36,42,14,0.778,0.333,2,True,69|103|104|129|165|166|169|215|219|234|235|236|237|272,A,ok
KPC3_2295,36,27,10,0.556,0.37,1,True,103|104|131|165|166|169|215|219|236|272,A,ok
KPC3_229_5,20,10,0,0.0,0.0,0,False,,A,ok
KPC3_22_4,15,11,3,0.167,0.273,1,True,103|165|166,A,ok
KPC3_2301,34,23,2,0.111,0.087,1,True,165|166,A,ok
KPC3_2302,34,15,5,0.278,0.333,0,False,104|129|215|219|272,A,ok
KPC3_2305,34,16,2,0.111,0.125,1,True,165|166,A,ok
KPC3_2308,34,32,14,0.778,0.438,3,True,69|72|103|104|129|131|165|166|169|215|219|236|237|272,A,ok
KPC3_230_1,38,27,2,0.111,0.074,1,True,165|166,A,ok
KPC3_230_8,38,23,0,0.0,0.0,0,False,,A,ok
KPC3_2310,13,21,11,0.611,0.524,2,True,69|103|104|129|131|165|166|169|215|236|237,A,ok
KPC3_2311,13,12,4,0.222,0.333,0,False,103|166|169|237,A,ok
KPC3_2312,13,16,3,0.167,0.188,1,True,103|165|166,A,ok
KPC3_2312_2,13,16,3,0.167,0.188,1,True,103|165|166,A,ok
KPC3_2312_3,13,15,2,0.111,0.133,1,True,165|166,A,ok
KPC3_2312_4,13,15,2,0.111,0.133,1,True,165|166,A,ok
KPC3_2313,13,20,13,0.722,0.65,2,True,69|103|104|129|131|165|166|169|215|219|234|236|237,A,ok
KPC3_2314,13,25,15,0.833,0.6,3,True,69|72|103|104|129|131|165|166|169|215|219|234|236|237|272,A,ok
KPC3_231_0,22,19,0,0.0,0.0,0,False,,A,ok
KPC3_231_6,22,22,0,0.0,0.0,0,False,,A,ok
KPC3_231_7,22,17,3,0.167,0.176,0,False,103|104|166,A,ok
KPC3_2327,40,28,12,0.667,0.429,0,False,104|129|131|166|169|215|219|234|235|236|237|272,A,ok
KPC3_2329,40,12,0,0.0,0.0,0,False,,A,ok
KPC3_232_3,32,21,2,0.111,0.095,1,True,165|166,A,ok
KPC3_232_4,32,19,1,0.056,0.053,1,True,165,A,ok
KPC3_232_5,32,21,0,0.0,0.0,0,False,,A,ok
KPC3_232_6,32,21,3,0.167,0.143,1,True,103|165|166,A,ok
KPC3_232_8,32,26,1,0.056,0.038,1,True,165,A,ok
KPC3_2330,23,11,0,0.0,0.0,0,False,,A,ok
KPC3_2333,23,17,0,0.0,0.0,0,False,,A,ok
KPC3_2334,23,18,0,0.0,0.0,0,False,,A,ok
KPC3_2336,23,12,0,0.0,0.0,0,False,,A,ok
KPC3_233_1,37,24,2,0.111,0.083,1,True,165|166,A,ok
KPC3_233_6,37,28,2,0.111,0.071,0,False,103|166,A,ok
KPC3_233_7,37,28,4,0.222,0.143,1,True,103|104|165|166,A,ok
KPC3_2342,15,14,5,0.278,0.357,1,True,103|104|131|165|166,A,ok
KPC3_2344,15,30,15,0.833,0.5,3,True,69|103|104|129|131|165|166|169|215|233|234|235|236|237|272,A,ok
KPC3_2345,15,25,16,0.889,0.64,3,True,68|69|103|104|129|131|165|166|169|215|233|234|235|236|237|272,A,ok
KPC3_2348,15,16,10,0.556,0.625,0,False,103|104|131|166|169|215|219|236|237|272,A,ok
KPC3_234_2,41,21,4,0.222,0.19,1,True,103|165|166|169,A,ok
KPC3_234_5,41,20,2,0.111,0.1,0,False,103|166,A,ok
KPC3_234_6,41,21,0,0.0,0.0,0,False,,A,ok
KPC3_234_8,41,22,2,0.111,0.091,0,False,103|166,A,ok
KPC3_2351,20,32,13,0.722,0.406,2,True,69|103|104|131|165|166|169|215|219|234|236|237|272,A,ok
KPC3_2352,20,25,11,0.611,0.44,3,True,69|72|103|104|129|131|165|166|169|215|236,A,ok
KPC3_2355,20,17,8,0.444,0.471,1,True,103|104|165|166|215|219|236|272,A,ok
KPC3_2358,20,14,3,0.167,0.214,1,True,103|165|166,A,ok
KPC3_2359,20,30,12,0.667,0.4,3,True,69|72|103|104|131|165|166|169|215|219|236|272,A,ok
KPC3_235_2,18,13,3,0.167,0.231,1,True,103|165|166,A,ok
KPC3_235_3,18,13,2,0.111,0.154,0,False,103|166,A,ok
KPC3_235_7,18,13,3,0.167,0.231,1,True,103|165|166,A,ok
KPC3_2360,23,45,15,0.833,0.333,3,True,69|72|103|104|129|131|165|166|169|215|219|234|235|236|272,A,ok
KPC3_2363,23,10,0,0.0,0.0,0,False,,A,ok
KPC3_2365,23,20,7,0.389,0.35,0,False,103|104|131|166|169|236|237,A,ok
KPC3_2368,23,20,13,0.722,0.65,2,True,69|103|104|129|131|166|169|215|233|234|236|237|272,A,ok
KPC3_2369,23,30,15,0.833,0.5,3,True,69|103|104|129|131|165|166|169|215|219|233|234|235|236|237,A,ok
KPC3_236_1,22,21,11,0.611,0.524,0,False,103|104|129|131|166|169|215|219|236|237|272,A,ok
KPC3_236_3,22,27,15,0.833,0.556,3,True,69|72|103|104|129|131|165|166|169|215|219|234|236|237|272,A,ok
KPC3_236_4,22,17,6,0.333,0.353,0,False,104|129|215|219|236|272,A,ok
KPC3_236_7,22,21,11,0.611,0.524,2,True,69|103|104|131|165|166|169|215|236|237|272,A,ok
KPC3_2373,25,24,7,0.389,0.292,1,True,103|131|165|166|169|236|237,A,ok
KPC3_2378,25,27,14,0.778,0.519,3,True,69|72|104|129|131|165|166|169|215|234|235|236|237|272,A,ok
KPC3_2383,20,21,3,0.167,0.143,1,True,103|165|166,A,ok
KPC3_2384,20,16,6,0.333,0.375,1,True,103|165|166|169|236|237,A,ok
KPC3_2386,20,11,2,0.111,0.182,1,True,165|166,A,ok
KPC3_2389,20,21,1,0.056,0.048,0,False,104,A,ok
KPC3_2394,36,13,0,0.0,0.0,0,False,,A,ok
KPC3_2398,36,21,0,0.0,0.0,0,False,,A,ok
KPC3_239_4,24,14,3,0.167,0.214,1,True,103|165|166,A,ok
KPC3_23_0,31,13,4,0.222,0.308,1,True,103|104|165|166,A,ok
KPC3_2401,45,10,2,0.111,0.2,1,True,165|166,A,ok
KPC3_2403,45,16,3,0.167,0.188,1,True,103|165|166,A,ok
KPC3_240_5,17,14,3,0.167,0.214,1,True,103|165|166,A,ok
KPC3_240_8,17,18,2,0.111,0.111,1,True,165|166,A,ok
KPC3_2412,37,10,3,0.167,0.3,0,False,103|104|215,A,ok
KPC3_2413,37,25,3,0.167,0.12,1,True,103|165|166,A,ok
KPC3_2414,37,22,3,0.167,0.136,1,True,103|165|166,A,ok
KPC3_2415,37,19,3,0.167,0.158,1,True,103|165|166,A,ok
KPC3_2416,37,30,0,0.0,0.0,0,False,,A,ok
KPC3_2417,37,24,12,0.667,0.5,3,True,69|72|103|104|129|131|165|166|169|235|236|237,A,ok
KPC3_241_4,45,13,0,0.0,0.0,0,False,,A,ok
KPC3_241_7,45,11,0,0.0,0.0,0,False,,A,ok
KPC3_241_8,45,9,0,0.0,0.0,0,False,,A,ok
KPC3_2420,17,16,1,0.056,0.062,1,True,165,A,ok
KPC3_2429,17,12,0,0.0,0.0,0,False,,A,ok
KPC3_242_0,29,13,3,0.167,0.231,1,True,103|165|166,A,ok
KPC3_2430,40,10,0,0.0,0.0,0,False,,A,ok
KPC3_2431,40,28,16,0.889,0.571,3,True,68|69|72|103|104|129|131|165|166|169|215|219|234|236|237|272,A,ok
KPC3_2432,40,8,0,0.0,0.0,0,False,,A,ok
KPC3_2436,40,21,12,0.667,0.571,3,True,69|72|103|104|129|131|165|166|169|236|237|272,A,ok
KPC3_2438,40,14,6,0.333,0.429,0,False,103|104|215|219|236|272,A,ok
KPC3_243_6,20,14,5,0.278,0.357,1,True,103|104|131|165|166,A,ok
KPC3_243_7,20,19,0,0.0,0.0,0,False,,A,ok
KPC3_2446,22,24,5,0.278,0.208,1,True,103|165|166|169|237,A,ok
KPC3_2447,22,19,5,0.278,0.263,1,True,103|165|166|169|237,A,ok
KPC3_2448,22,23,8,0.444,0.348,1,True,104|131|165|166|169|236|237|272,A,ok
KPC3_2450,16,20,2,0.111,0.1,1,True,165|166,A,ok
KPC3_2451,16,26,14,0.778,0.538,2,True,69|103|104|129|131|165|166|169|215|219|234|236|237|272,A,ok
KPC3_2453,16,16,2,0.111,0.125,1,True,165|166,A,ok
KPC3_2454,16,18,5,0.278,0.278,1,True,103|165|166|237|272,A,ok
KPC3_2455,16,14,3,0.167,0.214,1,True,103|165|166,A,ok
KPC3_2463,42,12,3,0.167,0.25,0,False,103|166|169,A,ok
KPC3_2465,42,8,1,0.056,0.125,1,True,165,A,ok
KPC3_2466,42,13,5,0.278,0.385,0,False,104|215|219|236|272,A,ok
KPC3_246_3,39,28,0,0.0,0.0,0,False,,A,ok
KPC3_2470,45,20,9,0.5,0.45,2,True,69|103|104|131|165|166|169|236|237,A,ok
KPC3_2471,45,11,3,0.167,0.273,1,True,103|165|166,A,ok
KPC3_2472,45,23,9,0.5,0.391,1,True,69|103|104|129|215|219|234|235|236,A,ok
KPC3_2475,45,11,3,0.167,0.273,1,True,103|165|166,A,ok
KPC3_2476,45,13,5,0.278,0.385,0,False,103|104|129|131|166,A,ok
KPC3_247_9,28,12,0,0.0,0.0,0,False,,A,ok
KPC3_2486,29,32,14,0.778,0.438,3,True,69|72|103|104|129|131|165|166|169|215|235|236|237|272,A,ok
KPC3_2491,13,16,3,0.167,0.188,1,True,103|165|166,A,ok
KPC3_2494,13,23,17,0.944,0.739,4,True,69|72|103|104|129|131|165|166|169|215|219|233|234|235|236|237|272,A,ok
KPC3_2496,13,26,16,0.889,0.615,3,True,69|72|103|104|129|131|165|166|169|215|219|234|235|236|237|272,A,ok
KPC3_2499,13,17,3,0.167,0.176,1,True,103|165|166,A,ok
KPC3_249_0,19,23,14,0.778,0.609,2,True,69|103|104|129|131|165|166|169|215|219|234|236|237|272,A,ok
KPC3_249_5,19,12,4,0.222,0.333,0,False,104|215|236|272,A,ok
KPC3_249_7,19,6,3,0.167,0.5,1,True,103|165|166,A,ok
KPC3_24_5,24,18,0,0.0,0.0,0,False,,A,ok
KPC3_24_6,24,19,0,0.0,0.0,0,False,,A,ok
KPC3_2507,35,20,2,0.111,0.1,1,True,165|166,A,ok
KPC3_2509,35,20,3,0.167,0.15,1,True,103|165|166,A,ok
KPC3_251_2,15,11,3,0.167,0.273,1,True,103|165|166,A,ok
KPC3_2523,28,8,1,0.056,0.125,1,True,165,A,ok
KPC3_2526,28,3,0,0.0,0.0,0,False,,A,ok
KPC3_2529,28,18,3,0.167,0.167,1,True,103|165|166,A,ok
KPC3_252_1,33,24,0,0.0,0.0,0,False,,A,ok
KPC3_252_3,33,14,0,0.0,0.0,0,False,,A,ok
KPC3_252_9,33,14,3,0.167,0.214,1,True,103|104|165,A,ok
KPC3_2538,41,35,15,0.833,0.429,3,True,69|72|103|104|129|131|165|166|169|215|234|235|236|237|272,A,ok
KPC3_2542,33,37,6,0.333,0.162,1,True,103|104|129|131|165|166,A,ok
KPC3_2545,33,27,13,0.722,0.481,3,True,69|103|104|129|165|166|215|219|233|234|235|236|272,A,ok
KPC3_2546,33,16,9,0.5,0.562,2,True,69|103|104|129|131|165|166|169|236,A,ok
KPC3_254_1,17,10,3,0.167,0.3,1,True,103|165|166,A,ok
KPC3_254_6,17,14,3,0.167,0.214,1,True,103|165|166,A,ok
KPC3_2550,42,13,2,0.111,0.154,0,False,103|166,A,ok
KPC3_255_3,39,13,3,0.167,0.231,0,False,103|104|236,A,ok
KPC3_2560,39,31,17,0.944,0.548,3,True,68|69|72|103|104|129|131|165|166|169|215|219|234|235|236|237|272,A,ok
KPC3_2562,39,27,7,0.389,0.259,1,True,103|104|129|131|165|166|215,A,ok
KPC3_2564,39,24,0,0.0,0.0,0,False,,A,ok
KPC3_2569,39,21,10,0.556,0.476,3,True,69|72|103|131|165|166|169|236|237|272,A,ok
KPC3_256_2,20,11,2,0.111,0.182,1,True,165|166,A,ok
KPC3_256_3,20,19,4,0.222,0.211,1,True,104|131|165|166,A,ok
KPC3_256_8,20,12,3,0.167,0.25,1,True,103|165|166,A,ok
KPC3_2572,13,27,14,0.778,0.519,3,True,69|72|103|104|129|131|165|166|169|215|234|236|237|272,A,ok
KPC3_257_4,44,14,5,0.278,0.357,0,False,103|104|166|215|272,A,ok
KPC3_257_7,44,16,0,0.0,0.0,0,False,,A,ok
KPC3_2580,39,21,2,0.111,0.095,1,True,165|166,A,ok
KPC3_2583,39,15,5,0.278,0.333,1,True,103|165|166|169|237,A,ok
KPC3_2585,39,10,3,0.167,0.3,1,True,103|165|166,A,ok
KPC3_2586,39,23,7,0.389,0.304,0,False,103|104|166|215|219|236|272,A,ok
KPC3_2603,13,26,13,0.722,0.5,2,True,69|103|104|129|131|165|166|169|215|219|236|237|272,A,ok
KPC3_2607,13,22,12,0.667,0.545,2,True,69|103|104|131|165|166|169|215|219|236|237|272,A,ok
KPC3_2608,13,21,13,0.722,0.619,2,True,69|103|104|129|131|165|166|215|219|234|235|236|272,A,ok
KPC3_2617,23,19,7,0.389,0.368,1,True,103|104|131|165|166|236|237,A,ok
KPC3_2618,23,21,3,0.167,0.143,1,True,103|165|166,A,ok
KPC3_261_6,15,12,4,0.222,0.333,1,True,103|131|165|166,A,ok
KPC3_2627,39,13,3,0.167,0.231,1,True,131|165|166,A,ok
KPC3_262_8,23,16,3,0.167,0.188,1,True,103|165|166,A,ok
KPC3_2635,14,25,17,0.944,0.68,4,True,69|72|103|104|129|131|165|166|169|215|219|233|234|235|236|237|272,A,ok
KPC3_2638,14,14,0,0.0,0.0,0,False,,A,ok
KPC3_263_6,14,13,2,0.111,0.154,1,True,165|166,A,ok
KPC3_2640,18,13,2,0.111,0.154,1,True,165|166,A,ok
KPC3_2641,18,16,3,0.167,0.188,1,True,103|165|166,A,ok
KPC3_2643,18,14,3,0.167,0.214,1,True,103|165|166,A,ok
KPC3_2645,18,30,16,0.889,0.533,3,True,69|72|103|104|129|131|165|166|169|215|219|234|235|236|237|272,A,ok
KPC3_2646,18,13,3,0.167,0.231,1,True,103|165|166,A,ok
KPC3_264_0,32,13,2,0.111,0.154,0,False,103|104,A,ok
KPC3_264_4,32,12,3,0.167,0.25,1,True,103|165|166,A,ok
KPC3_264_8,32,16,3,0.167,0.188,0,False,103|166|169,A,ok
KPC3_264_9,32,21,2,0.111,0.095,1,True,165|166,A,ok
KPC3_2652,29,11,3,0.167,0.273,1,True,103|165|166,A,ok
KPC3_2653,29,18,2,0.111,0.111,0,False,103|104,A,ok
KPC3_2656,29,28,12,0.667,0.429,3,True,69|103|104|129|131|165|166|215|233|234|236|272,A,ok
KPC3_265_4,27,16,3,0.167,0.188,1,True,103|165|166,A,ok
KPC3_2667,32,19,0,0.0,0.0,0,False,,A,ok
KPC3_2670,36,16,3,0.167,0.188,1,True,103|165|166,A,ok
KPC3_2671,36,24,0,0.0,0.0,0,False,,A,ok
KPC3_2673,36,27,5,0.278,0.185,1,True,103|104|165|166|169,A,ok
KPC3_2679,36,14,3,0.167,0.214,1,True,103|165|166,A,ok
KPC3_267_3,17,15,5,0.278,0.333,1,True,103|129|131|165|166,A,ok
KPC3_2680,17,15,2,0.111,0.133,1,True,165|166,A,ok
KPC3_2681,17,17,11,0.611,0.647,1,True,103|131|165|166|169|215|219|234|236|237|272,A,ok
KPC3_2682,17,29,14,0.778,0.483,3,True,69|72|104|129|131|165|166|169|215|219|234|236|237|272,A,ok
KPC3_2683,17,27,17,0.944,0.63,4,True,69|72|103|104|129|131|165|166|169|215|219|233|234|235|236|237|272,A,ok
KPC3_2685,17,16,3,0.167,0.188,1,True,103|165|166,A,ok
KPC3_2688,17,22,4,0.222,0.182,1,True,103|131|165|166,A,ok
KPC3_2689,17,15,3,0.167,0.2,1,True,103|165|166,A,ok
KPC3_268_4,39,14,1,0.056,0.071,0,False,103,A,ok
KPC3_2691,22,17,0,0.0,0.0,0,False,,A,ok
KPC3_2693,22,26,15,0.833,0.577,3,True,69|103|104|129|131|165|166|169|215|219|233|234|236|237|272,A,ok
KPC3_2694,22,13,2,0.111,0.154,1,True,165|166,A,ok
KPC3_2696,22,14,2,0.111,0.143,1,True,165|166,A,ok
KPC3_2697,22,14,3,0.167,0.214,1,True,103|165|166,A,ok
KPC3_269_4,24,33,14,0.778,0.424,3,True,69|103|104|129|131|165|166|169|215|219|233|234|236|272,A,ok
KPC3_269_6,24,12,2,0.111,0.167,0,False,103|166,A,ok
KPC3_26_8,21,14,5,0.278,0.357,1,True,103|104|131|165|166,A,ok
KPC3_270_1,34,15,7,0.389,0.467,1,True,103|104|131|165|166|237|272,A,ok
KPC3_270_4,34,10,3,0.167,0.3,1,True,103|165|166,A,ok
KPC3_270_6,34,10,3,0.167,0.3,1,True,103|165|166,A,ok
KPC3_2713,22,16,3,0.167,0.188,1,True,165|166|169,A,ok
KPC3_2715,22,23,13,0.722,0.565,2,True,69|103|104|129|131|165|166|215|219|234|235|236|272,A,ok
KPC3_2717,22,20,8,0.444,0.4,1,True,69|104|129|166|169|215|236|237,A,ok
KPC3_2720,31,36,14,0.778,0.389,3,True,69|72|103|129|131|165|166|169|215|219|235|236|237|272,A,ok
KPC3_2730,19,17,5,0.278,0.294,1,True,103|165|166|169|237,A,ok
KPC3_2734,19,19,10,0.556,0.526,2,True,69|103|104|129|131|165|166|169|236|237,A,ok
KPC3_2739,19,21,10,0.556,0.476,1,True,103|104|165|166|215|219|234|236|237|272,A,ok
KPC3_273_1,36,15,2,0.111,0.133,0,False,103|166,A,ok
KPC3_273_7,36,17,4,0.222,0.235,1,True,103|165|166|237,A,ok
KPC3_2740,17,16,1,0.056,0.062,1,True,165,A,ok
KPC3_2743,17,25,16,0.889,0.64,3,True,69|72|103|104|129|131|165|166|169|215|219|234|235|236|237|272,A,ok
KPC3_2744,17,17,1,0.056,0.059,1,True,165,A,ok
KPC3_2748,17,14,2,0.111,0.143,1,True,165|166,A,ok
KPC3_2749,17,15,4,0.222,0.267,1,True,165|166|169|237,A,ok
KPC3_274_8,35,11,0,0.0,0.0,0,False,,A,ok
KPC3_2750,22,28,13,0.722,0.464,3,True,69|72|104|129|131|165|166|169|215|234|235|236|237,A,ok
KPC3_2752,22,25,3,0.167,0.12,1,True,103|165|166,A,ok
KPC3_2754,22,25,13,0.722,0.52,3,True,69|103|104|129|131|165|166|169|215|233|234|236|237,A,ok
KPC3_2757,22,24,3,0.167,0.125,1,True,103|165|166,A,ok
KPC3_2759,22,29,16,0.889,0.552,3,True,69|72|103|104|129|131|165|166|169|215|219|234|235|236|237|272,A,ok
KPC3_275_5,35,15,0,0.0,0.0,0,False,,A,ok
KPC3_2760,19,18,10,0.556,0.556,3,True,69|72|103|104|129|131|165|166|235|236,A,ok
KPC3_2761,19,14,2,0.111,0.143,0,False,104|215,A,ok
KPC3_2762,19,15,3,0.167,0.2,1,True,103|165|166,A,ok
KPC3_2763,19,22,12,0.667,0.545,2,True,69|103|104|129|131|165|166|215|219|234|236|272,A,ok
KPC3_2767,19,16,5,0.278,0.312,1,True,103|131|165|166|169,A,ok
KPC3_276_1,13,13,3,0.167,0.231,1,True,103|165|166,A,ok
KPC3_276_2,13,15,3,0.167,0.2,1,True,103|165|166,A,ok
KPC3_276_6,13,11,2,0.111,0.182,1,True,165|166,A,ok
KPC3_2770,41,10,2,0.111,0.2,1,True,165|166,A,ok
KPC3_2778,41,33,14,0.778,0.424,3,True,69|72|103|104|129|131|165|166|169|215|219|236|237|272,A,ok
KPC3_2779,41,14,3,0.167,0.214,1,True,103|165|166,A,ok
KPC3_2782,20,27,12,0.667,0.444,3,True,69|72|103|104|129|131|165|166|169|215|236|237,A,ok
KPC3_2787,20,25,16,0.889,0.64,3,True,69|72|103|104|129|131|165|166|169|215|219|234|235|236|237|272,A,ok
KPC3_278_2,29,21,0,0.0,0.0,0,False,,A,ok
KPC3_278_4,29,15,3,0.167,0.2,0,False,104|129|215,A,ok
KPC3_2790,17,27,14,0.778,0.519,2,True,69|103|104|129|131|166|169|215|233|234|235|236|237|272,A,ok
KPC3_2794,17,17,7,0.389,0.412,1,True,103|131|165|166|169|236|272,A,ok
KPC3_2799,17,18,10,0.556,0.556,1,True,103|104|165|166|215|219|234|236|237|272,A,ok
KPC3_27_5,31,11,0,0.0,0.0,0,False,,A,ok
KPC3_2800,33,14,2,0.111,0.143,1,True,165|166,A,ok
KPC3_2802,33,34,12,0.667,0.353,3,True,69|72|103|104|129|131|165|166|169|215|236|237,A,ok
KPC3_2805,33,26,8,0.444,0.308,1,True,104|165|166|169|215|236|237|272,A,ok
KPC3_280_6,27,22,7,0.389,0.318,1,True,103|131|165|166|169|236|237,A,ok
KPC3_2814,28,19,0,0.0,0.0,0,False,,A,ok
KPC3_2815,28,19,12,0.667,0.632,3,True,69|72|103|104|129|131|165|166|169|215|236|272,A,ok
KPC3_2819,28,28,14,0.778,0.5,3,True,69|72|103|104|129|131|165|166|169|215|219|234|236|237,A,ok
KPC3_2821,15,12,3,0.167,0.25,1,True,103|165|166,A,ok
KPC3_2827,15,22,9,0.5,0.409,1,True,103|104|131|165|166|169|236|237|272,A,ok
KPC3_2828,15,14,2,0.111,0.143,0,False,103|166,A,ok
KPC3_283_2,39,9,2,0.111,0.222,1,True,165|166,A,ok
KPC3_283_4,39,16,4,0.222,0.25,1,True,103|165|166|237,A,ok
KPC3_283_6,39,10,1,0.056,0.1,1,True,165,A,ok
KPC3_283_7,39,11,4,0.222,0.364,0,False,103|166|169|237,A,ok
KPC3_2842,13,24,13,0.722,0.542,3,True,69|72|103|104|129|131|165|166|169|215|219|236|272,A,ok
KPC3_2844,13,14,3,0.167,0.214,1,True,103|165|166,A,ok
KPC3_2846,13,14,5,0.278,0.357,1,True,103|104|131|165|166,A,ok
KPC3_2848,13,10,3,0.167,0.3,1,True,103|165|166,A,ok
KPC3_2850,13,16,3,0.167,0.188,1,True,165|166|237,A,ok
KPC3_2853,13,19,11,0.611,0.579,2,True,69|103|104|129|131|165|166|215|234|235|236,A,ok
KPC3_2855,13,12,3,0.167,0.25,1,True,103|165|166,A,ok
KPC3_2867,25,24,9,0.5,0.375,2,True,69|104|129|131|165|166|169|215|236,A,ok
KPC3_2872,24,20,10,0.556,0.5,2,True,69|103|104|129|131|165|166|169|236|237,A,ok
KPC3_2877,24,9,0,0.0,0.0,0,False,,A,ok
KPC3_2879,24,24,0,0.0,0.0,0,False,,A,ok
KPC3_287_2,44,14,5,0.278,0.357,0,False,103|104|166|169|237,A,ok
KPC3_287_5,44,23,2,0.111,0.087,0,False,104|272,A,ok
KPC3_287_9,44,25,4,0.222,0.16,0,False,104|215|219|272,A,ok
KPC3_2889,28,9,1,0.056,0.111,1,True,165,A,ok
KPC3_2890,17,24,11,0.611,0.458,1,True,103|131|165|166|169|215|219|234|236|237|272,A,ok
KPC3_2892,17,17,2,0.111,0.118,1,True,165|166,A,ok
KPC3_2894,17,19,9,0.5,0.474,1,True,103|104|131|165|166|169|219|236|272,A,ok
KPC3_2897,17,22,9,0.5,0.409,1,True,103|104|129|131|165|166|215|236|272,A,ok
KPC3_289_7,32,16,0,0.0,0.0,0,False,,A,ok
KPC3_2909,30,30,12,0.667,0.4,2,True,69|103|104|129|131|165|166|215|219|236|237|272,A,ok
KPC3_290_1,38,33,11,0.611,0.333,1,True,103|104|131|165|166|215|219|234|236|237|272,A,ok
KPC3_290_5,38,23,0,0.0,0.0,0,False,,A,ok
KPC3_290_6,38,31,0,0.0,0.0,0,False,,A,ok
KPC3_2912,40,19,1,0.056,0.053,0,False,272,A,ok
KPC3_2915,40,17,6,0.333,0.353,1,True,103|104|131|165|166|237,A,ok
KPC3_291_2,35,17,4,0.222,0.235,0,False,104|215|236|272,A,ok
KPC3_291_7,35,21,3,0.167,0.143,1,True,103|165|166,A,ok
KPC3_2923,26,24,12,0.667,0.5,3,True,69|103|104|129|165|166|215|219|233|234|236|272,A,ok
KPC3_2925,26,18,1,0.056,0.056,1,True,165,A,ok
KPC3_2926,26,28,13,0.722,0.464,3,True,69|72|103|104|129|131|165|166|169|234|236|237|272,A,ok
KPC3_2927,26,13,3,0.167,0.231,1,True,103|165|166,A,ok
KPC3_292_8,31,20,10,0.556,0.5,0,False,104|129|131|166|169|215|234|236|237|272,A,ok
KPC3_2930,36,25,3,0.167,0.12,1,True,103|165|166,A,ok
KPC3_2932,36,6,0,0.0,0.0,0,False,,A,ok
KPC3_293_4,37,22,3,0.167,0.136,1,True,103|165|166,A,ok
KPC3_293_6,37,26,2,0.111,0.077,0,False,103|104,A,ok
KPC3_293_7,37,22,2,0.111,0.091,1,True,165|166,A,ok
KPC3_2940,14,23,5,0.278,0.217,1,True,103|165|166|169|237,A,ok
KPC3_2946,14,11,2,0.111,0.182,1,True,165|166,A,ok
KPC3_2948,14,13,3,0.167,0.231,1,True,165|166|169,A,ok
KPC3_2949,14,25,14,0.778,0.56,2,True,69|103|104|129|165|166|169|215|219|234|235|236|237|272,A,ok
KPC3_294_1,21,16,1,0.056,0.062,0,False,104,A,ok
KPC3_2957,33,14,2,0.111,0.143,0,False,104|215,A,ok
KPC3_2958,33,32,8,0.444,0.25,0,False,103|104|131|166|169|236|237|272,A,ok
KPC3_2960,18,22,3,0.167,0.136,1,True,103|165|166,A,ok
KPC3_2961,18,16,3,0.167,0.188,1,True,103|165|166,A,ok
KPC3_2963,18,19,10,0.556,0.526,3,True,69|72|103|104|129|131|165|166|169|236,A,ok
KPC3_2965,18,26,16,0.889,0.615,3,True,69|72|103|104|129|131|165|166|169|215|219|234|235|236|237|272,A,ok
KPC3_2966,18,29,16,0.889,0.552,3,True,69|103|104|129|131|165|166|169|215|219|233|234|235|236|237|272,A,ok
KPC3_2975,39,16,2,0.111,0.125,1,True,165|166,A,ok
KPC3_2978,39,26,10,0.556,0.385,1,True,103|104|165|166|169|215|219|236|237|272,A,ok
KPC3_2979,39,16,6,0.333,0.375,0,False,104|215|219|236|237|272,A,ok
KPC3_297_1,40,10,3,0.167,0.3,1,True,103|165|166,A,ok
KPC3_297_3,40,16,5,0.278,0.312,0,False,104|215|219|236|272,A,ok
KPC3_2981,40,41,15,0.833,0.366,3,True,69|72|103|104|129|131|165|166|169|215|219|234|236|237|272,A,ok
KPC3_2983,40,35,17,0.944,0.486,4,True,69|72|103|104|129|131|165|166|169|215|219|233|234|235|236|237|272,A,ok
KPC3_2989,40,28,13,0.722,0.464,2,True,69|103|104|129|131|165|166|169|215|219|234|236|237,A,ok
KPC3_2989_2,40,28,13,0.722,0.464,2,True,69|103|104|129|131|165|166|169|215|219|234|236|237,A,ok
KPC3_2989_3,40,30,15,0.833,0.5,3,True,69|72|103|104|129|131|165|166|169|215|219|234|236|237|272,A,ok
KPC3_2989_4,40,47,15,0.833,0.319,3,True,69|72|103|104|129|131|165|166|169|215|219|234|235|236|237,A,ok
KPC3_298_0,33,26,15,0.833,0.577,4,True,69|72|103|104|129|131|165|166|169|215|233|234|236|237|272,A,ok
KPC3_298_5,33,30,3,0.167,0.1,1,True,131|165|166,A,ok
KPC3_2994,12,18,9,0.5,0.5,3,True,69|72|103|104|129|131|165|166|236,A,ok
KPC3_2996,12,16,2,0.111,0.125,1,True,165|166,A,ok
KPC3_2998,12,23,14,0.778,0.609,3,True,69|72|103|104|129|131|165|166|169|215|219|236|237|272,A,ok
KPC3_299_2,22,15,3,0.167,0.2,1,True,103|165|166,A,ok
KPC3_29_6,38,16,5,0.278,0.312,0,False,103|104|166|169|237,A,ok
KPC3_2_3,28,20,3,0.167,0.15,1,True,165|166|169,A,ok
KPC3_3011,28,19,0,0.0,0.0,0,False,,A,ok
KPC3_3013,28,22,14,0.778,0.636,3,True,69|72|103|104|129|131|165|166|169|215|219|236|237|272,A,ok
KPC3_3016,28,15,3,0.167,0.2,1,True,103|165|166,A,ok
KPC3_3022,29,26,11,0.611,0.423,3,True,69|72|104|129|131|165|166|169|215|236|237,A,ok
KPC3_3027,29,30,2,0.111,0.067,1,True,165|166,A,ok
KPC3_302_5,43,18,1,0.056,0.056,0,False,103,A,ok
KPC3_302_8,43,9,2,0.111,0.222,0,False,104|215,A,ok
KPC3_3036,33,25,3,0.167,0.12,1,True,103|165|166,A,ok
KPC3_3039,33,15,3,0.167,0.2,1,True,103|165|166,A,ok
KPC3_3040,26,13,1,0.056,0.077,1,True,165,A,ok
KPC3_3041,26,21,9,0.5,0.429,0,False,104|166|215|219|234|235|236|237|272,A,ok
KPC3_3042,26,26,7,0.389,0.269,1,True,103|104|131|165|166|169|237,A,ok
KPC3_3044,26,17,0,0.0,0.0,0,False,,A,ok
KPC3_3047,26,23,11,0.611,0.478,1,True,103|104|131|165|166|169|215|219|236|237|272,A,ok
KPC3_304_0,38,18,2,0.111,0.111,1,True,165|166,A,ok
KPC3_304_3,38,29,0,0.0,0.0,0,False,,A,ok
KPC3_304_7,38,14,2,0.111,0.143,1,True,103|165,A,ok
KPC3_3050,44,20,4,0.222,0.2,1,True,103|104|165|166,A,ok
KPC3_3054,44,37,11,0.611,0.297,3,True,69|72|103|104|129|131|165|166|169|236|237,A,ok
KPC3_3065,41,37,15,0.833,0.405,3,True,69|72|103|104|129|131|165|166|169|215|219|234|236|237|272,A,ok
KPC3_306_3,13,9,1,0.056,0.111,1,True,165,A,ok
KPC3_306_8,13,15,2,0.111,0.133,1,True,165|166,A,ok
KPC3_3076,21,17,3,0.167,0.176,1,True,103|165|166,A,ok
KPC3_307_2,36,17,2,0.111,0.118,0,False,104|215,A,ok
KPC3_307_8,36,18,9,0.5,0.5,0,False,103|104|131|166|169|215|236|237|272,A,ok
KPC3_3083,18,16,4,0.222,0.25,1,True,103|165|166|169,A,ok
KPC3_3086,18,12,3,0.167,0.25,1,True,103|165|166,A,ok
KPC3_3087,18,29,13,0.722,0.448,3,True,69|72|103|104|129|131|165|166|169|215|234|235|236,A,ok
KPC3_308_0,30,24,0,0.0,0.0,0,False,,A,ok
KPC3_308_9,30,24,3,0.167,0.125,1,True,103|165|166,A,ok
KPC3_3092,18,13,4,0.222,0.308,0,False,103|166|169|237,A,ok
KPC3_3095,18,13,3,0.167,0.231,1,True,103|165|166,A,ok
KPC3_3098,18,12,0,0.0,0.0,0,False,,A,ok
KPC3_3099,18,28,12,0.667,0.429,3,True,69|72|103|104|129|131|165|166|169|219|236|272,A,ok
KPC3_309_3,19,13,3,0.167,0.231,1,True,103|165|166,A,ok
KPC3_30_1,12,10,0,0.0,0.0,0,False,,A,ok
KPC3_30_6,12,14,2,0.111,0.143,1,True,165|166,A,ok
KPC3_30_7,12,10,0,0.0,0.0,0,False,,A,ok
KPC3_3100,19,12,4,0.222,0.333,1,True,103|131|165|166,A,ok
KPC3_3105,19,10,2,0.111,0.2,1,True,165|166,A,ok
KPC3_3106,19,23,14,0.778,0.609,3,True,69|72|104|129|131|165|166|169|215|219|234|236|237|272,A,ok
KPC3_3108,19,31,11,0.611,0.355,2,True,69|103|104|129|131|165|166|169|235|236|237,A,ok
KPC3_3109,19,25,3,0.167,0.12,1,True,103|165|166,A,ok
KPC3_310_0,18,14,2,0.111,0.143,1,True,165|166,A,ok
KPC3_310_2,18,25,15,0.833,0.6,3,True,69|72|103|104|129|131|165|166|169|215|219|234|236|237|272,A,ok
KPC3_310_3,18,17,4,0.222,0.235,1,True,103|104|165|166,A,ok
KPC3_310_4,18,15,2,0.111,0.133,1,True,165|166,A,ok
KPC3_3115,39,33,16,0.889,0.485,3,True,69|103|104|129|131|165|166|169|215|219|233|234|235|236|237|272,A,ok
KPC3_311_4,22,22,15,0.833,0.682,3,True,69|103|104|129|131|165|166|169|215|219|233|234|235|236|272,A,ok
KPC3_311_7,22,17,0,0.0,0.0,0,False,,A,ok
KPC3_3121,45,18,4,0.222,0.222,1,True,103|165|166|169,A,ok
KPC3_312_8,38,13,0,0.0,0.0,0,False,,A,ok
KPC3_312_9,38,11,3,0.167,0.273,1,True,103|165|166,A,ok
KPC3_3134,33,13,2,0.111,0.154,1,True,165|166,A,ok
KPC3_3138,33,37,14,0.778,0.378,3,True,68|69|72|103|104|129|131|165|166|169|219|236|237|272,A,ok
KPC3_313_0,28,20,0,0.0,0.0,0,False,,A,ok
KPC3_313_7,28,13,4,0.222,0.308,1,True,103|104|165|166,A,ok
KPC3_313_8,28,14,3,0.167,0.214,1,True,103|165|166,A,ok
KPC3_313_9,28,19,1,0.056,0.053,0,False,104,A,ok
KPC3_3145,35,16,3,0.167,0.188,1,True,103|165|166,A,ok
KPC3_3146,35,19,7,0.389,0.368,1,True,103|104|165|166|169|236|237,A,ok
KPC3_3148,35,27,12,0.667,0.444,2,True,69|103|104|131|165|166|169|215|219|236|237|272,A,ok
KPC3_314_7,16,17,2,0.111,0.118,1,True,165|166,A,ok
KPC3_314_9,16,16,5,0.278,0.312,1,True,103|104|131|165|166,A,ok
KPC3_3154,36,21,8,0.444,0.381,1,True,103|104|165|166|215|219|236|272,A,ok
KPC3_315_9,43,26,10,0.556,0.385,1,True,103|104|165|166|169|215|219|236|237|272,A,ok
KPC3_3168,32,27,15,0.833,0.556,2,True,69|103|104|129|131|165|166|169|215|219|234|235|236|237|272,A,ok
KPC3_3169,32,30,10,0.556,0.333,2,True,69|103|129|131|165|166|169|236|237|272,A,ok
KPC3_3170,24,26,10,0.556,0.385,1,True,103|104|129|131|165|166|169|215|234|236,A,ok
KPC3_3171,24,18,2,0.111,0.111,1,True,165|166,A,ok
KPC3_3175,24,19,3,0.167,0.158,1,True,103|165|166,A,ok
KPC3_3176,24,25,3,0.167,0.12,1,True,103|165|166,A,ok
KPC3_3177,24,16,2,0.111,0.125,1,True,165|166,A,ok
KPC3_317_0,14,13,2,0.111,0.154,1,True,165|166,A,ok
KPC3_3181,12,16,3,0.167,0.188,1,True,103|165|166,A,ok
KPC3_3182,12,23,13,0.722,0.565,3,True,69|72|104|129|131|165|166|169|215|234|236|237|272,A,ok
KPC3_3184,12,18,10,0.556,0.556,2,True,69|103|104|129|131|165|166|235|236|272,A,ok
KPC3_3185,12,22,13,0.722,0.591,3,True,69|72|103|104|129|131|165|166|169|215|234|236|237,A,ok
KPC3_3187,12,20,13,0.722,0.65,2,True,69|103|104|129|131|165|166|169|215|234|235|236|237,A,ok
KPC3_3189,12,21,16,0.889,0.762,3,True,69|103|104|129|131|165|166|169|215|219|233|234|235|236|237|272,A,ok
KPC3_3191,43,15,3,0.167,0.2,1,True,103|165|166,A,ok
KPC3_319_2,37,9,2,0.111,0.222,1,True,165|166,A,ok
KPC3_319_4,37,10,3,0.167,0.3,1,True,103|165|166,A,ok
KPC3_31_1,13,13,0,0.0,0.0,0,False,,A,ok
KPC3_31_6,13,16,0,0.0,0.0,0,False,,A,ok
KPC3_31_9,13,13,2,0.111,0.154,1,True,165|166,A,ok
KPC3_3202,36,19,4,0.222,0.211,1,True,103|104|165|166,A,ok
KPC3_320_9,44,22,1,0.056,0.045,1,True,165,A,ok
KPC3_3213,26,16,3,0.167,0.188,1,True,103|165|166,A,ok
KPC3_3213_2,26,16,3,0.167,0.188,1,True,103|165|166,A,ok
KPC3_3213_3,26,28,6,0.333,0.214,1,True,103|104|129|131|165|166,A,ok
KPC3_3213_4,26,25,11,0.611,0.44,1,True,103|104|131|165|166|169|215|219|236|237|272,A,ok
KPC3_3215,26,18,0,0.0,0.0,0,False,,A,ok
KPC3_3216,26,18,1,0.056,0.056,1,True,165,A,ok
KPC3_3216_2,26,18,1,0.056,0.056,1,True,165,A,ok
KPC3_3216_3,26,23,12,0.667,0.522,3,True,69|72|103|104|129|131|165|166|169|236|237|272,A,ok
KPC3_3216_4,26,24,14,0.778,0.583,3,True,69|72|103|104|129|131|165|166|169|215|219|236|237|272,A,ok
KPC3_321_4,21,15,3,0.167,0.2,1,True,103|165|166,A,ok
KPC3_3220,29,24,13,0.722,0.542,3,True,69|72|104|129|131|165|166|169|215|219|236|237|272,A,ok
KPC3_3223,29,31,1,0.056,0.032,1,True,165,A,ok
KPC3_3226,29,17,5,0.278,0.294,1,True,103|104|131|165|166,A,ok
KPC3_3230,43,34,10,0.556,0.294,3,True,69|72|103|104|131|165|166|169|236|237,A,ok
KPC3_3233,43,16,4,0.222,0.25,1,True,103|104|165|166,A,ok
KPC3_3235,43,23,12,0.667,0.522,2,True,69|72|103|104|129|166|169|215|219|236|237|272,A,ok
KPC3_3237,43,36,17,0.944,0.472,4,True,69|72|103|104|129|131|165|166|169|215|219|233|234|235|236|237|272,A,ok
KPC3_323_8,28,18,0,0.0,0.0,0,False,,A,ok
KPC3_3241,32,36,1,0.056,0.028,1,True,165,A,ok
KPC3_3244,32,31,14,0.778,0.452,1,True,69|103|104|129|131|166|169|215|219|234|235|236|237|272,A,ok
KPC3_3251,13,26,14,0.778,0.538,3,True,69|103|104|129|131|165|166|215|219|233|234|235|236|272,A,ok
KPC3_3253,13,20,14,0.778,0.7,3,True,69|72|103|104|129|165|166|169|215|219|234|235|236|272,A,ok
KPC3_3255,13,21,13,0.722,0.619,1,True,69|103|104|129|131|166|169|215|219|234|236|237|272,A,ok
KPC3_3256,13,12,4,0.222,0.333,1,True,103|131|165|166,A,ok
KPC3_325_2,12,12,3,0.167,0.25,1,True,103|165|166,A,ok
KPC3_325_8,12,12,3,0.167,0.25,1,True,103|165|166,A,ok
KPC3_3263,21,24,14,0.778,0.583,3,True,69|72|103|104|129|131|165|166|215|219|234|235|236|237,A,ok
KPC3_3264,21,33,14,0.778,0.424,3,True,69|72|103|104|129|131|165|166|169|215|219|236|237|272,A,ok
KPC3_3265,21,21,0,0.0,0.0,0,False,,A,ok
KPC3_3266,21,28,3,0.167,0.107,1,True,103|165|166,A,ok
KPC3_326_1,39,27,0,0.0,0.0,0,False,,A,ok
KPC3_3273,28,34,16,0.889,0.471,4,True,69|72|103|104|129|131|165|166|169|215|219|233|234|235|236|272,A,ok
KPC3_3277,28,35,16,0.889,0.457,3,True,68|69|72|103|104|129|131|165|166|169|215|219|234|236|237|272,A,ok
KPC3_327_4,12,14,2,0.111,0.143,1,True,165|166,A,ok
KPC3_3282,33,19,8,0.444,0.421,1,True,103|104|131|165|166|169|236|237,A,ok
KPC3_3290,37,14,3,0.167,0.214,1,True,103|165|166,A,ok
KPC3_3292,37,32,14,0.778,0.438,3,True,69|72|103|104|129|131|165|166|169|215|219|236|237|272,A,ok
KPC3_3295,37,14,3,0.167,0.214,0,False,166|169|237,A,ok
KPC3_3303,25,27,3,0.167,0.111,1,True,103|165|166,A,ok
KPC3_3305,25,19,5,0.278,0.263,1,True,103|104|165|166|215,A,ok
KPC3_3306,25,26,3,0.167,0.115,1,True,103|165|166,A,ok
KPC3_3308,25,27,12,0.667,0.444,3,True,69|72|103|104|129|131|165|166|169|236|237|272,A,ok
KPC3_3309,25,17,3,0.167,0.176,1,True,103|165|166,A,ok
KPC3_3309_2,25,17,3,0.167,0.176,1,True,103|165|166,A,ok
KPC3_3309_3,25,18,4,0.222,0.222,1,True,103|165|166|237,A,ok
KPC3_3309_4,25,18,5,0.278,0.278,1,True,103|165|166|169|237,A,ok
KPC3_330_8,42,12,3,0.167,0.25,1,True,103|165|166,A,ok
KPC3_3315,34,34,12,0.667,0.353,2,True,69|103|104|131|165|166|169|215|219|236|237|272,A,ok
KPC3_331_4,35,29,6,0.333,0.207,1,True,103|131|165|166|169|237,A,ok
KPC3_3320,40,23,1,0.056,0.043,0,False,272,A,ok
KPC3_3330,41,33,3,0.167,0.091,1,True,103|165|166,A,ok
KPC3_3336,41,18,0,0.0,0.0,0,False,,A,ok
KPC3_333_0,32,30,6,0.333,0.2,1,True,103|131|165|166|169|237,A,ok
KPC3_333_1,32,34,1,0.056,0.029,0,False,104,A,ok
KPC3_333_3,32,16,5,0.278,0.312,1,True,103|104|131|165|166,A,ok
KPC3_333_6,32,33,5,0.278,0.152,1,True,103|165|166|169|237,A,ok
KPC3_3345,40,22,3,0.167,0.136,1,True,103|165|166,A,ok
KPC3_3349,40,10,0,0.0,0.0,0,False,,A,ok
KPC3_334_6,34,21,8,0.444,0.381,1,True,69|103|104|131|166|169|215|236,A,ok
KPC3_3350,18,19,3,0.167,0.158,1,True,103|165|166,A,ok
KPC3_3352,18,28,15,0.833,0.536,3,True,69|72|103|104|129|131|165|166|169|215|219|234|236|237|272,A,ok
KPC3_3355,18,25,12,0.667,0.48,3,True,69|72|103|129|131|165|166|169|215|236|237|272,A,ok
KPC3_3355_2,18,25,12,0.667,0.48,3,True,69|72|103|129|131|165|166|169|215|236|237|272,A,ok
KPC3_3355_3,18,29,13,0.722,0.448,2,True,69|103|104|129|131|165|166|169|215|219|236|237|272,A,ok
KPC3_3355_4,18,18,5,0.278,0.278,1,True,103|104|165|166|237,A,ok
KPC3_3357,18,15,2,0.111,0.133,1,True,165|166,A,ok
KPC3_3358,18,17,9,0.5,0.529,0,False,103|104|166|169|215|219|236|237|272,A,ok
KPC3_3364,14,20,13,0.722,0.65,3,True,68|69|72|104|129|131|165|169|215|219|234|236|272,A,ok
KPC3_336_4,27,20,1,0.056,0.05,1,True,165,A,ok
KPC3_336_9,27,13,4,0.222,0.308,0,False,104|219|236|272,A,ok
KPC3_3371,20,20,9,0.5,0.45,2,True,69|103|104|129|131|165|166|236|272,A,ok
KPC3_3375,20,25,12,0.667,0.48,3,True,69|72|103|104|129|131|165|166|215|219|236|272,A,ok
KPC3_3376,20,18,9,0.5,0.5,2,True,69|103|129|131|165|166|169|236|237,A,ok
KPC3_3379,20,25,11,0.611,0.44,3,True,68|69|72|103|104|131|165|166|169|236|237,A,ok
KPC3_337_0,39,18,3,0.167,0.167,0,False,166|169|237,A,ok
KPC3_337_2,39,18,2,0.111,0.111,1,True,165|166,A,ok
KPC3_337_3,39,23,6,0.333,0.261,1,True,103|104|165|166|169|237,A,ok
KPC3_337_4,39,10,3,0.167,0.3,1,True,103|165|166,A,ok
KPC3_337_6,39,18,0,0.0,0.0,0,False,,A,ok
KPC3_337_7,39,17,6,0.333,0.353,0,False,104|215|219|234|236|272,A,ok
KPC3_337_9,39,18,7,0.389,0.389,1,True,103|104|165|166|236|237|272,A,ok
KPC3_3389,34,17,5,0.278,0.294,1,True,103|104|165|166|169,A,ok
KPC3_339_0,31,19,2,0.111,0.105,1,True,165|166,A,ok
KPC3_339_1,31,17,1,0.056,0.059,0,False,104,A,ok
KPC3_339_2,31,13,2,0.111,0.154,0,False,104|215,A,ok
KPC3_339_3,31,9,1,0.056,0.111,0,False,103,A,ok
KPC3_339_4,31,17,3,0.167,0.176,0,False,103|166|169,A,ok
KPC3_339_6,31,16,5,0.278,0.312,0,False,104|129|215|236|272,A,ok
KPC3_339_7,31,19,10,0.556,0.526,1,True,69|103|104|129|131|166|219|236|237|272,A,ok
KPC3_33_0,21,17,3,0.167,0.176,0,False,103|166|169,A,ok
KPC3_33_4,21,14,0,0.0,0.0,0,False,,A,ok
KPC3_33_5,21,17,0,0.0,0.0,0,False,,A,ok
KPC3_33_9,21,12,4,0.222,0.333,1,True,103|131|165|166,A,ok
KPC3_3400,41,32,3,0.167,0.094,1,True,165|166|169,A,ok
KPC3_340_0,36,19,0,0.0,0.0,0,False,,A,ok
KPC3_340_1,36,10,0,0.0,0.0,0,False,,A,ok
KPC3_340_2,36,12,3,0.167,0.25,1,True,103|165|166,A,ok
KPC3_340_6,36,16,2,0.111,0.125,0,False,103|166,A,ok
KPC3_340_8,36,15,2,0.111,0.133,0,False,169|237,A,ok
KPC3_340_9,36,23,5,0.278,0.217,0,False,103|104|166|169|237,A,ok
KPC3_3410,15,23,12,0.667,0.522,2,True,69|103|104|129|131|165|166|169|215|234|236|237,A,ok
KPC3_341_1,44,16,9,0.5,0.562,0,False,103|104|166|215|219|234|236|237|272,A,ok
KPC3_341_3,44,16,3,0.167,0.188,1,True,103|165|166,A,ok
KPC3_341_5,44,19,4,0.222,0.211,0,False,103|104|166|272,A,ok
KPC3_3422,19,30,13,0.722,0.433,3,True,69|72|104|129|131|165|166|169|215|234|235|236|237,A,ok
KPC3_3424,19,16,4,0.222,0.25,1,True,103|131|165|166,A,ok
KPC3_3426,19,25,13,0.722,0.52,2,True,69|103|104|129|131|165|166|169|215|234|235|236|237,A,ok
KPC3_3427,19,16,2,0.111,0.125,0,False,104|215,A,ok
KPC3_3429,19,16,2,0.111,0.125,1,True,165|166,A,ok
KPC3_342_3,27,12,0,0.0,0.0,0,False,,A,ok
KPC3_342_4,27,15,0,0.0,0.0,0,False,,A,ok
KPC3_342_9,27,32,14,0.778,0.438,2,True,72|103|104|129|131|165|166|169|215|219|234|236|237|272,A,ok
KPC3_3436,36,35,1,0.056,0.029,1,True,165,A,ok
KPC3_3437,36,22,10,0.556,0.455,1,True,103|104|131|165|166|169|219|236|237|272,A,ok
KPC3_3437_2,36,22,10,0.556,0.455,1,True,103|104|131|165|166|169|219|236|237|272,A,ok
KPC3_3437_3,36,9,4,0.222,0.444,0,False,103|166|169|237,A,ok
KPC3_3437_4,36,14,3,0.167,0.214,1,True,103|165|166,A,ok
KPC3_3439,36,6,0,0.0,0.0,0,False,,A,ok
KPC3_343_7,19,14,0,0.0,0.0,0,False,,A,ok
KPC3_3442,25,15,3,0.167,0.2,1,True,103|165|166,A,ok
KPC3_3444,25,12,6,0.333,0.5,0,False,103|104|215|219|236|272,A,ok
KPC3_3445,25,31,12,0.667,0.387,3,True,69|72|103|104|129|131|165|166|169|235|236|237,A,ok
KPC3_3446,25,29,16,0.889,0.552,3,True,69|103|104|129|131|165|166|169|215|219|233|234|235|236|237|272,A,ok
KPC3_3447,25,14,3,0.167,0.214,1,True,103|165|166,A,ok
KPC3_3449,25,14,2,0.111,0.143,1,True,165|166,A,ok
KPC3_3453,29,32,13,0.722,0.406,3,True,69|72|103|104|129|131|165|166|169|219|236|237|272,A,ok
KPC3_3455,29,22,2,0.111,0.091,1,True,165|166,A,ok
KPC3_345_6,21,17,5,0.278,0.294,0,False,104|129|215|219|272,A,ok
KPC3_3460,24,19,2,0.111,0.105,1,True,103|165,A,ok
KPC3_3464,24,23,5,0.278,0.217,1,True,103|165|166|169|237,A,ok
KPC3_3465,24,20,7,0.389,0.35,1,True,103|104|131|165|166|236|272,A,ok
KPC3_3467,24,15,3,0.167,0.2,1,True,103|165|166,A,ok
KPC3_346_0,43,29,0,0.0,0.0,0,False,,A,ok
KPC3_346_2,43,21,1,0.056,0.048,0,False,104,A,ok
KPC3_3472,40,33,14,0.778,0.424,3,True,69|72|103|104|129|131|165|166|215|219|234|235|236|272,A,ok
KPC3_3473,40,21,2,0.111,0.095,1,True,165|166,A,ok
KPC3_3474,40,27,14,0.778,0.519,3,True,69|72|103|104|129|131|165|166|169|215|234|235|236|237,A,ok
KPC3_3476,40,21,1,0.056,0.048,0,False,104,A,ok
KPC3_3481,12,15,11,0.611,0.733,3,True,69|72|104|129|131|165|166|169|215|236|237,A,ok
KPC3_3484,12,20,13,0.722,0.65,1,True,69|103|104|129|131|166|169|215|234|235|236|237|272,A,ok
KPC3_3485,12,17,13,0.722,0.765,2,True,69|72|103|104|129|131|166|215|219|234|235|236|272,A,ok
KPC3_3486,12,22,11,0.611,0.5,2,True,69|103|104|129|131|165|166|169|215|236|237,A,ok
KPC3_348_3,44,29,0,0.0,0.0,0,False,,A,ok
KPC3_3492,12,21,11,0.611,0.524,3,True,69|72|104|129|131|165|166|169|215|236|237,A,ok
KPC3_3495,12,18,13,0.722,0.722,3,True,68|69|72|103|104|129|131|165|166|169|215|236|237,A,ok
KPC3_349_1,45,21,14,0.778,0.667,2,True,69|72|103|104|129|131|166|169|215|219|234|236|237|272,A,ok
KPC3_349_8,45,36,0,0.0,0.0,0,False,,A,ok
KPC3_34_9,12,20,9,0.5,0.45,0,False,103|104|166|169|215|219|236|237|272,A,ok
KPC3_3501,16,26,14,0.778,0.538,3,True,69|72|103|104|129|131|165|166|169|215|219|236|237|272,A,ok
KPC3_3503,16,23,9,0.5,0.391,2,True,69|104|129|165|166|169|215|236|237,A,ok
KPC3_3504,16,20,7,0.389,0.35,1,True,103|104|131|165|166|215|236,A,ok
KPC3_3508,16,16,3,0.167,0.188,1,True,103|165|166,A,ok
KPC3_350_0,36,17,2,0.111,0.118,0,False,103|104,A,ok
KPC3_350_2,36,25,4,0.222,0.16,1,True,103|104|165|166,A,ok
KPC3_350_3,36,13,4,0.222,0.308,1,True,103|165|166|237,A,ok
KPC3_350_6,36,21,3,0.167,0.143,1,True,103|165|166,A,ok
KPC3_350_7,36,33,12,0.667,0.364,2,True,69|103|104|129|131|165|166|169|215|236|237|272,A,ok
KPC3_3513,31,18,3,0.167,0.167,1,True,103|165|166,A,ok
KPC3_351_8,27,24,12,0.667,0.5,3,True,69|72|103|104|129|131|165|166|169|219|236|272,A,ok
KPC3_352_2,44,6,0,0.0,0.0,0,False,,A,ok
KPC3_352_4,44,15,7,0.389,0.467,0,False,103|104|215|219|236|237|272,A,ok
KPC3_352_8,44,8,3,0.167,0.375,1,True,103|165|166,A,ok
KPC3_3536,26,28,15,0.833,0.536,3,True,69|103|104|129|131|165|166|169|215|219|233|234|235|236|272,A,ok
KPC3_3536_2,26,28,15,0.833,0.536,3,True,69|103|104|129|131|165|166|169|215|219|233|234|235|236|272,A,ok
KPC3_3536_3,26,24,10,0.556,0.417,0,False,103|104|129|131|166|169|219|236|237|272,A,ok
KPC3_3536_4,26,17,1,0.056,0.059,0,False,166,A,ok
KPC3_3541,19,22,11,0.611,0.5,2,True,69|104|129|131|165|166|169|215|234|236|237,A,ok
KPC3_3543,19,26,12,0.667,0.462,2,True,69|103|104|131|165|166|169|215|219|236|237|272,A,ok
KPC3_3544,19,23,9,0.5,0.391,1,True,103|104|131|165|166|169|236|237|272,A,ok
KPC3_3546,19,19,1,0.056,0.053,1,True,165,A,ok
KPC3_3547,19,23,13,0.722,0.565,2,True,69|103|104|129|131|165|166|169|215|219|234|235|236,A,ok
KPC3_3548,19,11,2,0.111,0.182,1,True,165|166,A,ok
KPC3_3549,19,16,3,0.167,0.188,0,False,166|169|237,A,ok
KPC3_354_0,44,21,1,0.056,0.048,0,False,104,A,ok
KPC3_354_5,44,19,3,0.167,0.158,1,True,103|165|166,A,ok
KPC3_354_7,44,18,0,0.0,0.0,0,False,,A,ok
KPC3_3552,35,15,0,0.0,0.0,0,False,,A,ok
KPC3_3555,35,9,3,0.167,0.333,0,False,103|104|215,A,ok
KPC3_3556,35,18,8,0.444,0.444,1,True,103|104|131|165|166|169|236|237,A,ok
KPC3_3557,35,23,4,0.222,0.174,1,True,103|104|165|166,A,ok
KPC3_355_1,25,24,11,0.611,0.458,0,False,103|104|129|131|166|169|215|219|236|237|272,A,ok
KPC3_356_4,45,12,0,0.0,0.0,0,False,,A,ok
KPC3_356_6,45,12,0,0.0,0.0,0,False,,A,ok
KPC3_356_8,45,10,2,0.111,0.2,1,True,165|166,A,ok
KPC3_356_9,45,12,4,0.222,0.333,0,False,103|166|169|237,A,ok
KPC3_3572,23,26,11,0.611,0.423,2,True,69|103|104|129|131|165|166|169|215|236|237,A,ok
KPC3_3575,23,26,14,0.778,0.538,2,True,68|69|103|104|129|131|165|166|169|215|219|236|237|272,A,ok
KPC3_3577,23,28,13,0.722,0.464,2,True,69|103|104|129|131|165|166|169|215|219|236|237|272,A,ok
KPC3_357_0,15,18,0,0.0,0.0,0,False,,A,ok
KPC3_357_3,15,13,0,0.0,0.0,0,False,,A,ok
KPC3_357_6,15,12,3,0.167,0.25,1,True,103|165|166,A,ok
KPC3_3584,21,21,9,0.5,0.429,2,True,69|103|104|131|165|166|169|236|237,A,ok
KPC3_3591,40,38,2,0.111,0.053,1,True,165|166,A,ok
KPC3_3599,40,30,1,0.056,0.033,1,True,165,A,ok
KPC3_359_7,13,23,14,0.778,0.609,3,True,69|72|103|104|129|131|165|166|169|215|219|236|237|272,A,ok
KPC3_35_0,45,17,4,0.222,0.235,0,False,103|104|215|272,A,ok
KPC3_35_1,45,16,0,0.0,0.0,0,False,,A,ok
KPC3_35_2,45,12,2,0.111,0.167,0,False,103|166,A,ok
KPC3_35_3,45,11,0,0.0,0.0,0,False,,A,ok
KPC3_35_7,45,15,1,0.056,0.067,1,True,165,A,ok
KPC3_35_9,45,20,10,0.556,0.5,0,False,103|104|129|131|166|215|219|236|237|272,A,ok
KPC3_3603,35,26,10,0.556,0.385,2,True,69|104|129|215|219|233|234|235|236|272,A,ok
KPC3_3604,35,23,3,0.167,0.13,1,True,103|165|166,A,ok
KPC3_3607,35,16,4,0.222,0.25,1,True,103|165|166|237,A,ok
KPC3_3609,35,31,5,0.278,0.161,1,True,165|166|236|237|272,A,ok
KPC3_360_1,32,15,1,0.056,0.067,0,False,103,A,ok
KPC3_360_2,32,15,1,0.056,0.067,1,True,165,A,ok
KPC3_360_9,32,18,0,0.0,0.0,0,False,,A,ok
KPC3_3610,43,38,0,0.0,0.0,0,False,,A,ok
KPC3_3617,43,15,0,0.0,0.0,0,False,,A,ok
KPC3_3622,32,22,4,0.222,0.182,1,True,165|166|169|237,A,ok
KPC3_3625,32,18,3,0.167,0.167,1,True,103|165|166,A,ok
KPC3_3627,32,20,0,0.0,0.0,0,False,,A,ok
KPC3_363_0,34,15,3,0.167,0.2,1,True,103|165|166,A,ok
KPC3_363_2,34,26,4,0.222,0.154,1,True,103|104|165|166,A,ok
KPC3_363_5,34,25,13,0.722,0.52,3,True,68|69|72|103|104|129|131|165|166|169|236|237|272,A,ok
KPC3_363_6,34,16,2,0.111,0.125,0,False,103|166,A,ok
KPC3_363_8,34,15,0,0.0,0.0,0,False,,A,ok
KPC3_364_1,37,16,1,0.056,0.062,1,True,165,A,ok
KPC3_364_2,37,15,3,0.167,0.2,0,False,103|104|166,A,ok
KPC3_364_8,37,11,2,0.111,0.182,0,False,166|169,A,ok
KPC3_3651,17,24,15,0.833,0.625,3,True,68|69|72|103|104|129|131|165|166|169|215|219|234|236|272,A,ok
KPC3_3655,17,15,3,0.167,0.2,1,True,131|165|166,A,ok
KPC3_3656,17,27,12,0.667,0.444,2,True,69|103|104|129|165|166|215|219|234|235|236|272,A,ok
KPC3_3657,17,16,3,0.167,0.188,1,True,103|165|166,A,ok
KPC3_3658,17,25,11,0.611,0.44,1,True,103|104|129|131|165|166|169|215|219|236|272,A,ok
KPC3_3658_2,17,25,11,0.611,0.44,1,True,103|104|129|131|165|166|169|215|219|236|272,A,ok
KPC3_3658_3,17,24,11,0.611,0.458,1,True,103|104|165|166|169|215|219|234|236|237|272,A,ok
KPC3_3658_4,17,22,11,0.611,0.5,2,True,69|72|103|104|129|131|166|169|236|237|272,A,ok
KPC3_3659,17,19,3,0.167,0.158,1,True,103|165|166,A,ok
KPC3_365_1,26,17,0,0.0,0.0,0,False,,A,ok
KPC3_365_2,26,11,0,0.0,0.0,0,False,,A,ok
KPC3_365_4,26,27,2,0.111,0.074,1,True,165|166,A,ok
KPC3_365_7,26,29,14,0.778,0.483,2,True,69|103|104|129|131|165|166|169|215|219|234|235|236|272,A,ok
KPC3_3666,28,30,10,0.556,0.333,2,True,69|103|104|129|165|166|169|215|236|237,A,ok
KPC3_3667,28,10,3,0.167,0.3,1,True,103|165|166,A,ok
KPC3_3668,28,28,11,0.611,0.393,2,True,69|72|104|129|131|166|215|234|236|237|272,A,ok
KPC3_366_2,44,13,3,0.167,0.231,1,True,103|165|166,A,ok
KPC3_366_3,44,18,0,0.0,0.0,0,False,,A,ok
KPC3_3687,23,12,3,0.167,0.25,1,True,103|165|166,A,ok
KPC3_3688,23,23,2,0.111,0.087,1,True,165|166,A,ok
KPC3_369_0,20,13,3,0.167,0.231,1,True,103|165|166,A,ok
KPC3_369_4,20,14,3,0.167,0.214,1,True,103|165|166,A,ok
KPC3_369_5,20,11,1,0.056,0.091,1,True,165,A,ok
KPC3_369_9,20,25,14,0.778,0.56,2,True,69|103|104|129|165|166|169|215|219|234|235|236|237|272,A,ok
KPC3_3701,25,6,2,0.111,0.333,0,False,103|104,A,ok
KPC3_3703,25,18,8,0.444,0.444,0,False,104|129|215|219|234|235|236|272,A,ok
KPC3_3705,25,16,2,0.111,0.125,1,True,165|166,A,ok
KPC3_3706,25,21,11,0.611,0.524,3,True,69|72|103|104|129|131|165|166|169|236|272,A,ok
KPC3_3707,25,31,8,0.444,0.258,0,False,103|104|129|166|169|215|236|237,A,ok
KPC3_3717,31,16,1,0.056,0.062,1,True,165,A,ok
KPC3_3718,31,33,16,0.889,0.485,3,True,69|103|104|129|131|165|166|169|215|219|233|234|235|236|237|272,A,ok
KPC3_3719,31,14,3,0.167,0.214,1,True,103|165|166,A,ok
KPC3_371_1,24,16,0,0.0,0.0,0,False,,A,ok
KPC3_371_5,24,14,2,0.111,0.143,1,True,165|166,A,ok
KPC3_3726,23,19,0,0.0,0.0,0,False,,A,ok
KPC3_3727,23,15,0,0.0,0.0,0,False,,A,ok
KPC3_372_3,14,16,0,0.0,0.0,0,False,,A,ok
KPC3_3730,38,23,2,0.111,0.087,1,True,165|166,A,ok
KPC3_3739,38,22,0,0.0,0.0,0,False,,A,ok
KPC3_3739_2,38,22,0,0.0,0.0,0,False,,A,ok
KPC3_3739_3,38,19,4,0.222,0.211,0,False,103|104|236|272,A,ok
KPC3_3739_4,38,14,5,0.278,0.357,0,False,103|104|166|236|272,A,ok
KPC3_373_4,40,24,3,0.167,0.125,1,True,165|166|169,A,ok
KPC3_3740,18,22,10,0.556,0.455,1,True,103|104|129|131|165|166|215|219|236|272,A,ok
KPC3_3743,18,14,6,0.333,0.429,1,True,103|104|131|165|166|236,A,ok
KPC3_3746,18,25,13,0.722,0.52,2,True,69|103|104|129|131|165|166|169|215|219|236|237|272,A,ok
KPC3_3749,18,26,14,0.778,0.538,3,True,69|103|104|129|131|165|166|169|215|233|234|235|236|237,A,ok
KPC3_374_1,27,14,0,0.0,0.0,0,False,,A,ok
KPC3_374_2,27,21,0,0.0,0.0,0,False,,A,ok
KPC3_374_4,27,14,2,0.111,0.143,1,True,165|166,A,ok
KPC3_374_7,27,15,0,0.0,0.0,0,False,,A,ok
KPC3_375_1,41,17,5,0.278,0.294,1,True,103|104|165|166|237,A,ok
KPC3_375_2,41,9,2,0.111,0.222,0,False,103|166,A,ok
KPC3_3761,13,19,6,0.333,0.316,1,True,103|131|165|166|169|237,A,ok
KPC3_3766,13,24,17,0.944,0.708,3,True,68|69|72|103|104|129|131|165|166|169|215|219|234|235|236|237|272,A,ok
KPC3_3767,13,22,14,0.778,0.636,3,True,69|103|104|129|131|165|166|169|215|233|234|236|237|272,A,ok
KPC3_3771,19,18,9,0.5,0.5,2,True,69|103|104|131|165|166|169|236|237,A,ok
KPC3_3776,19,32,16,0.889,0.5,3,True,69|72|103|104|129|131|165|166|169|215|219|234|235|236|237|272,A,ok
KPC3_3778,19,20,9,0.5,0.45,3,True,69|72|129|131|165|166|169|236|237,A,ok
KPC3_3781,18,31,17,0.944,0.548,3,True,68|69|72|103|104|129|131|165|166|169|215|219|234|235|236|237|272,A,ok
KPC3_3783,18,25,16,0.889,0.64,4,True,69|72|104|129|131|165|166|169|215|219|233|234|235|236|237|272,A,ok
KPC3_3786,18,13,3,0.167,0.231,1,True,103|165|166,A,ok
KPC3_3789,18,27,16,0.889,0.593,3,True,69|103|104|129|131|165|166|169|215|219|233|234|235|236|237|272,A,ok
KPC3_378_0,16,19,0,0.0,0.0,0,False,,A,ok
KPC3_378_1,16,11,3,0.167,0.273,1,True,103|165|166,A,ok
KPC3_378_2,16,28,18,1.0,0.643,4,True,68|69|72|103|104|129|131|165|166|169|215|219|233|234|235|236|237|272,A,ok
KPC3_3792,37,7,0,0.0,0.0,0,False,,A,ok
KPC3_3799,37,33,14,0.778,0.424,3,True,69|72|103|104|129|131|165|166|169|215|219|234|236|272,A,ok
KPC3_379_1,26,16,3,0.167,0.188,1,True,103|165|166,A,ok
KPC3_37_0,16,11,6,0.333,0.545,2,True,69|72|104|129|215|236,A,ok
KPC3_37_5,16,15,2,0.111,0.133,1,True,165|166,A,ok
KPC3_3803,21,16,2,0.111,0.125,1,True,165|166,A,ok
KPC3_3805,21,20,3,0.167,0.15,1,True,103|165|166,A,ok
KPC3_3806,21,25,15,0.833,0.6,3,True,69|103|104|129|131|165|166|169|215|219|233|234|235|236|237,A,ok
KPC3_3807,21,22,1,0.056,0.045,1,True,165,A,ok
KPC3_3809,21,17,4,0.222,0.235,1,True,103|104|165|166,A,ok
KPC3_380_5,25,25,0,0.0,0.0,0,False,,A,ok
KPC3_380_8,25,12,0,0.0,0.0,0,False,,A,ok
KPC3_3812,26,27,11,0.611,0.407,3,True,69|72|103|104|129|131|165|166|169|236|237,A,ok
KPC3_3818,26,30,6,0.333,0.2,1,True,103|131|165|166|169|237,A,ok
KPC3_381_0,41,10,2,0.111,0.2,0,False,103|166,A,ok
KPC3_381_4,41,15,3,0.167,0.2,1,True,103|165|166,A,ok
KPC3_381_5,41,17,4,0.222,0.235,0,False,103|104|215|272,A,ok
KPC3_381_8,41,24,4,0.222,0.167,0,False,103|166|169|237,A,ok
KPC3_3823,17,20,13,0.722,0.65,3,True,69|72|103|104|129|131|165|166|169|215|234|236|237,A,ok
KPC3_3827,17,21,12,0.667,0.571,1,True,103|104|129|131|165|166|169|215|219|234|236|272,A,ok
KPC3_382_9,29,13,0,0.0,0.0,0,False,,A,ok
KPC3_3833,32,16,5,0.278,0.312,1,True,103|104|131|165|166,A,ok
KPC3_383_1,14,16,0,0.0,0.0,0,False,,A,ok
KPC3_383_3,14,11,6,0.333,0.545,2,True,69|72|104|129|131|215,A,ok
KPC3_383_7,14,15,1,0.056,0.067,1,True,165,A,ok
KPC3_384_4,13,12,3,0.167,0.25,1,True,103|165|166,A,ok
KPC3_384_5,13,12,3,0.167,0.25,1,True,103|165|166,A,ok
KPC3_384_6,13,12,3,0.167,0.25,1,True,103|165|166,A,ok
KPC3_384_9,13,12,3,0.167,0.25,1,True,103|165|166,A,ok
KPC3_3850,43,22,0,0.0,0.0,0,False,,A,ok
KPC3_3856,43,27,11,0.611,0.407,2,True,69|103|104|129|165|166|215|219|236|237|272,A,ok
KPC3_3859,43,31,9,0.5,0.29,2,True,69|103|104|129|131|165|166|236|237,A,ok
KPC3_385_2,31,25,0,0.0,0.0,0,False,,A,ok
KPC3_385_4,31,15,0,0.0,0.0,0,False,,A,ok
KPC3_385_8,31,29,0,0.0,0.0,0,False,,A,ok
KPC3_3869,39,21,2,0.111,0.095,1,True,165|166,A,ok
KPC3_386_0,45,20,5,0.278,0.25,1,True,103|104|165|166|237,A,ok
KPC3_386_4,45,13,0,0.0,0.0,0,False,,A,ok
KPC3_386_6,45,15,6,0.333,0.4,0,False,103|104|166|236|237|272,A,ok
KPC3_386_9,45,15,2,0.111,0.133,1,True,165|166,A,ok
KPC3_3871,38,26,2,0.111,0.077,1,True,165|166,A,ok
KPC3_3886,45,10,2,0.111,0.2,0,False,103|166,A,ok
KPC3_388_0,23,17,0,0.0,0.0,0,False,,A,ok
KPC3_388_1,23,12,4,0.222,0.333,1,True,103|104|165|166,A,ok
KPC3_388_2,23,18,10,0.556,0.556,1,True,69|103|104|129|131|215|219|234|236|272,A,ok
KPC3_388_3,23,14,3,0.167,0.214,1,True,103|165|166,A,ok
KPC3_388_5,23,23,12,0.667,0.522,0,False,103|104|129|131|166|169|215|219|234|236|237|272,A,ok
KPC3_3890,36,23,0,0.0,0.0,0,False,,A,ok
KPC3_3891,36,27,0,0.0,0.0,0,False,,A,ok
KPC3_3894,36,14,0,0.0,0.0,0,False,,A,ok
KPC3_3897,36,39,15,0.833,0.385,3,True,69|72|103|104|129|131|165|166|169|215|219|234|236|237|272,A,ok
KPC3_3899,36,11,2,0.111,0.182,0,False,103|104,A,ok
KPC3_3902,26,24,11,0.611,0.458,2,True,69|103|104|129|131|165|166|215|219|236|272,A,ok
KPC3_3904,26,27,2,0.111,0.074,1,True,165|166,A,ok
KPC3_3906,26,23,10,0.556,0.435,2,True,69|103|104|129|165|166|215|219|236|272,A,ok
KPC3_3907,26,24,2,0.111,0.083,1,True,165|166,A,ok
KPC3_3907_2,26,24,2,0.111,0.083,1,True,165|166,A,ok
KPC3_3907_3,26,16,3,0.167,0.188,1,True,103|165|166,A,ok
KPC3_3907_4,26,10,2,0.111,0.2,1,True,165|166,A,ok
KPC3_3908,26,25,12,0.667,0.48,2,True,69|103|104|129|131|165|166|169|234|236|237|272,A,ok
KPC3_390_4,33,17,0,0.0,0.0,0,False,,A,ok
KPC3_390_5,33,11,2,0.111,0.182,0,False,103|104,A,ok
KPC3_3910,13,24,15,0.833,0.625,3,True,69|72|103|104|129|131|165|166|169|215|219|234|236|237|272,A,ok
KPC3_3910_2,13,24,15,0.833,0.625,3,True,69|72|103|104|129|131|165|166|169|215|219|234|236|237|272,A,ok
KPC3_3910_3,13,24,11,0.611,0.458,3,True,69|72|103|104|129|131|165|166|215|219|236,A,ok
KPC3_3910_4,13,24,16,0.889,0.667,3,True,69|72|103|104|129|131|165|166|169|215|219|234|235|236|237|272,A,ok
KPC3_3911,13,24,11,0.611,0.458,2,True,69|103|104|129|131|165|166|169|219|236|272,A,ok
KPC3_3915,13,22,12,0.667,0.545,2,True,69|72|103|104|129|131|166|169|215|235|236|237,A,ok
KPC3_3917,13,18,10,0.556,0.556,0,False,103|104|166|169|215|219|234|236|237|272,A,ok
KPC3_3918,13,26,13,0.722,0.5,2,True,69|103|104|129|131|165|166|169|215|234|236|237|272,A,ok
KPC3_391_1,23,14,0,0.0,0.0,0,False,,A,ok
KPC3_391_6,23,13,0,0.0,0.0,0,False,,A,ok
KPC3_391_7,23,14,2,0.111,0.143,1,True,165|166,A,ok
KPC3_391_8,23,13,0,0.0,0.0,0,False,,A,ok
KPC3_391_9,23,16,11,0.611,0.688,3,True,69|72|103|104|129|131|165|166|234|236|272,A,ok
KPC3_3920,26,17,2,0.111,0.118,1,True,165|166,A,ok
KPC3_3923,26,28,15,0.833,0.536,3,True,68|69|72|103|104|129|131|165|166|169|219|235|236|237|272,A,ok
KPC3_3924,26,24,13,0.722,0.542,3,True,69|72|103|104|129|131|165|166|169|215|236|237|272,A,ok
KPC3_3928,26,27,10,0.556,0.37,2,True,69|103|104|131|165|166|169|236|237|272,A,ok
KPC3_3929,26,24,15,0.833,0.625,2,True,69|103|104|129|131|165|166|169|215|219|234|235|236|237|272,A,ok
KPC3_3934,44,32,1,0.056,0.031,1,True,165,A,ok
KPC3_3937,44,20,3,0.167,0.15,1,True,103|165|166,A,ok
KPC3_3943,19,10,2,0.111,0.2,1,True,165|166,A,ok
KPC3_3944,19,28,3,0.167,0.107,1,True,103|165|166,A,ok
KPC3_3945,19,16,3,0.167,0.188,1,True,131|165|166,A,ok
KPC3_3949,19,12,3,0.167,0.25,1,True,103|165|166,A,ok
KPC3_394_1,13,23,0,0.0,0.0,0,False,,A,ok
KPC3_394_2,13,16,3,0.167,0.188,1,True,103|165|166,A,ok
KPC3_395_0,20,13,3,0.167,0.231,1,True,103|165|166,A,ok
KPC3_395_4,20,14,0,0.0,0.0,0,False,,A,ok
KPC3_395_8,20,14,0,0.0,0.0,0,False,,A,ok
KPC3_3962,24,21,3,0.167,0.143,1,True,103|165|166,A,ok
KPC3_3964,24,28,2,0.111,0.071,1,True,165|166,A,ok
KPC3_3966,24,10,2,0.111,0.2,1,True,165|166,A,ok
KPC3_3969,24,16,9,0.5,0.562,0,False,103|104|131|166|169|215|236|237|272,A,ok
KPC3_396_0,17,15,5,0.278,0.333,1,True,103|165|166|169|237,A,ok
KPC3_396_5,17,14,4,0.222,0.286,1,True,103|131|165|166,A,ok
KPC3_396_7,17,16,5,0.278,0.312,1,True,103|104|131|165|166,A,ok
KPC3_396_9,17,14,3,0.167,0.214,1,True,103|165|166,A,ok
KPC3_3979,35,30,9,0.5,0.3,1,True,103|104|131|165|166|169|236|237|272,A,ok
KPC3_3987,37,24,2,0.111,0.083,1,True,165|166,A,ok
KPC3_3989,37,24,7,0.389,0.292,1,True,103|104|131|165|166|236|237,A,ok
KPC3_398_5,17,12,3,0.167,0.25,0,False,104|129|215,A,ok
KPC3_398_8,17,15,1,0.056,0.067,0,False,104,A,ok
KPC3_3990,17,31,14,0.778,0.452,3,True,69|72|103|104|129|131|165|166|169|215|219|236|237|272,A,ok
KPC3_3998,17,20,11,0.611,0.55,3,True,69|72|103|129|131|165|166|169|219|236|272,A,ok
KPC3_3999,17,25,0,0.0,0.0,0,False,,A,ok
KPC3_399_0,42,30,9,0.5,0.3,0,False,103|104|166|215|219|234|236|237|272,A,ok
KPC3_399_1,42,18,3,0.167,0.167,1,True,103|165|166,A,ok
KPC3_399_4,42,17,4,0.222,0.235,1,True,103|104|165|166,A,ok
KPC3_399_9,42,21,3,0.167,0.143,1,True,103|165|166,A,ok
KPC3_39_0,18,18,4,0.222,0.222,1,True,103|165|166|237,A,ok
KPC3_39_3,18,17,8,0.444,0.471,1,True,69|104|129|131|215|219|236|272,A,ok
KPC3_4002,12,15,12,0.667,0.8,2,True,69|72|103|104|129|131|166|169|215|236|237|272,A,ok
KPC3_4003,12,26,15,0.833,0.577,3,True,69|104|129|131|165|166|169|215|219|233|234|235|236|237|272,A,ok
KPC3_4005,12,22,13,0.722,0.591,3,True,69|72|103|104|129|131|165|166|169|215|219|236|272,A,ok
KPC3_400_1,29,17,0,0.0,0.0,0,False,,A,ok
KPC3_400_2,29,30,2,0.111,0.067,1,True,165|166,A,ok
KPC3_400_4,29,15,0,0.0,0.0,0,False,,A,ok
KPC3_400_5,29,13,3,0.167,0.231,1,True,103|165|166,A,ok
KPC3_400_6,29,17,1,0.056,0.059,1,True,165,A,ok
KPC3_400_7,29,16,3,0.167,0.188,1,True,103|165|166,A,ok
KPC3_400_9,29,21,3,0.167,0.143,1,True,103|165|166,A,ok
KPC3_4021,12,15,0,0.0,0.0,0,False,,A,ok
KPC3_4029,12,27,17,0.944,0.63,4,True,68|69|72|103|104|129|131|165|166|169|215|233|234|235|236|237|272,A,ok
KPC3_402_6,35,11,0,0.0,0.0,0,False,,A,ok
KPC3_4030,23,23,12,0.667,0.522,3,True,69|72|103|104|129|131|165|166|169|215|236|237,A,ok
KPC3_4031,23,27,4,0.222,0.148,1,True,103|165|166|169,A,ok
KPC3_4040,34,23,0,0.0,0.0,0,False,,A,ok
KPC3_4047,34,11,0,0.0,0.0,0,False,,A,ok
KPC3_4048,34,8,3,0.167,0.375,0,False,103|104|166,A,ok
KPC3_404_4,25,12,4,0.222,0.333,1,True,103|104|165|166,A,ok
KPC3_404_8,25,11,0,0.0,0.0,0,False,,A,ok
KPC3_4051,30,31,11,0.611,0.355,3,True,69|72|104|129|131|165|166|169|215|236|237,A,ok
KPC3_4053,30,38,15,0.833,0.395,3,True,68|69|72|103|104|129|131|165|166|169|215|234|236|237|272,A,ok
KPC3_4054,30,14,0,0.0,0.0,0,False,,A,ok
KPC3_4056,30,25,4,0.222,0.16,1,True,103|165|166|169,A,ok
KPC3_4057,30,31,17,0.944,0.548,4,True,69|72|103|104|129|131|165|166|169|215|219|233|234|235|236|237|272,A,ok
KPC3_4059,30,31,15,0.833,0.484,4,True,69|72|103|104|129|131|165|166|169|215|219|233|234|236|272,A,ok
KPC3_405_1,28,18,0,0.0,0.0,0,False,,A,ok
KPC3_405_6,28,21,0,0.0,0.0,0,False,,A,ok
KPC3_405_7,28,14,3,0.167,0.214,1,True,103|165|166,A,ok
KPC3_4060,12,15,1,0.056,0.067,1,True,165,A,ok
KPC3_4061,12,9,0,0.0,0.0,0,False,,A,ok
KPC3_4070,16,22,17,0.944,0.773,4,True,69|72|103|104|129|131|165|166|169|215|219|233|234|235|236|237|272,A,ok
KPC3_4072,16,26,11,0.611,0.423,3,True,69|72|103|104|129|131|165|166|169|236|237,A,ok
KPC3_4073,16,12,2,0.111,0.167,1,True,165|166,A,ok
KPC3_4074,16,12,3,0.167,0.25,1,True,103|165|166,A,ok
KPC3_4076,16,24,8,0.444,0.333,1,True,103|104|131|165|166|169|236|237,A,ok
KPC3_407_7,26,17,0,0.0,0.0,0,False,,A,ok
KPC3_4080,15,21,13,0.722,0.619,2,True,69|103|104|129|131|165|166|169|215|219|236|237|272,A,ok
KPC3_4081,15,16,3,0.167,0.188,1,True,103|165|166,A,ok
KPC3_4088,15,19,2,0.111,0.105,1,True,165|166,A,ok
KPC3_408_6,29,24,13,0.722,0.542,3,True,69|72|103|104|129|131|165|166|169|219|236|237|272,A,ok
KPC3_408_7,29,16,0,0.0,0.0,0,False,,A,ok
KPC3_4093,27,31,14,0.778,0.452,3,True,69|72|103|104|129|131|165|166|169|215|219|236|237|272,A,ok
KPC3_4096,27,18,3,0.167,0.167,1,True,103|165|166,A,ok
KPC3_4097,27,31,16,0.889,0.516,3,True,69|103|104|129|131|165|166|169|215|219|233|234|235|236|237|272,A,ok
KPC3_409_8,27,23,3,0.167,0.13,1,True,103|165|166,A,ok
KPC3_4102,34,32,15,0.833,0.469,3,True,69|72|103|104|129|131|165|166|169|215|219|234|236|237|272,A,ok
KPC3_4112,16,25,11,0.611,0.44,2,True,69|103|104|131|165|166|169|219|236|237|272,A,ok
KPC3_4116,16,27,15,0.833,0.556,3,True,69|72|103|104|131|165|166|169|215|219|234|235|236|237|272,A,ok
KPC3_411_7,26,16,1,0.056,0.062,0,False,104,A,ok
KPC3_4120,28,16,3,0.167,0.188,1,True,103|165|166,A,ok
KPC3_4123,28,30,1,0.056,0.033,1,True,165,A,ok
KPC3_4124,28,17,13,0.722,0.765,3,True,69|72|103|104|129|131|165|166|169|215|236|237|272,A,ok
KPC3_4127,28,33,10,0.556,0.303,1,True,103|104|131|165|166|169|215|236|237|272,A,ok
KPC3_4128,28,35,17,0.944,0.486,4,True,69|72|103|104|129|131|165|166|169|215|219|233|234|235|236|237|272,A,ok
KPC3_412_0,28,27,12,0.667,0.444,3,True,69|72|103|104|131|165|166|169|215|236|237|272,A,ok
KPC3_412_1,28,18,0,0.0,0.0,0,False,,A,ok
KPC3_412_2,28,20,4,0.222,0.2,1,True,103|131|165|166,A,ok
KPC3_412_8,28,11,3,0.167,0.273,1,True,103|165|166,A,ok
KPC3_4132,43,13,2,0.111,0.154,1,True,165|166,A,ok
KPC3_4135,43,40,12,0.667,0.3,2,True,69|103|104|129|131|165|166|169|215|234|235|236,A,ok
KPC3_413_4,16,19,0,0.0,0.0,0,False,,A,ok
KPC3_413_8,16,19,0,0.0,0.0,0,False,,A,ok
KPC3_4146,22,22,2,0.111,0.091,1,True,165|166,A,ok
KPC3_4149,22,19,9,0.5,0.474,1,True,103|104|129|131|165|166|215|219|234,A,ok
KPC3_414_0,36,24,9,0.5,0.375,0,False,103|104|166|169|215|219|236|237|272,A,ok
KPC3_414_1,36,18,0,0.0,0.0,0,False,,A,ok
KPC3_414_4,36,23,5,0.278,0.217,0,False,104|129|215|236|272,A,ok
KPC3_414_5,36,19,0,0.0,0.0,0,False,,A,ok
KPC3_414_6,36,14,1,0.056,0.071,0,False,104,A,ok
KPC3_414_7,36,19,6,0.333,0.316,0,False,103|104|166|169|236|237,A,ok
KPC3_414_8,36,27,11,0.611,0.407,0,False,103|104|129|131|166|169|215|219|236|237|272,A,ok
KPC3_4154,17,27,14,0.778,0.519,3,True,69|104|129|131|165|166|169|215|219|233|234|235|236|272,A,ok
KPC3_4155,17,26,12,0.667,0.462,2,True,69|103|104|129|131|165|166|169|215|236|237|272,A,ok
KPC3_4156,17,27,14,0.778,0.519,2,True,69|103|104|129|131|165|166|169|215|219|234|235|236|237,A,ok
KPC3_4158,17,23,12,0.667,0.522,1,True,103|104|129|131|165|166|169|215|234|236|237|272,A,ok
KPC3_415_0,13,13,0,0.0,0.0,0,False,,A,ok
KPC3_415_2,13,16,3,0.167,0.188,1,True,103|165|166,A,ok
KPC3_415_3,13,13,0,0.0,0.0,0,False,,A,ok
KPC3_4168,41,38,15,0.833,0.395,3,True,69|72|103|104|129|131|165|166|169|215|219|234|236|237|272,A,ok
KPC3_416_0,37,14,2,0.111,0.143,1,True,165|166,A,ok
KPC3_416_4,37,11,0,0.0,0.0,0,False,,A,ok
KPC3_4171,41,19,3,0.167,0.158,1,True,103|165|166,A,ok
KPC3_4175,41,22,0,0.0,0.0,0,False,,A,ok
KPC3_417_9,14,20,11,0.611,0.55,1,True,69|103|104|129|166|169|215|219|236|237|272,A,ok
KPC3_4183,31,16,2,0.111,0.125,1,True,165|166,A,ok
KPC3_4185,31,32,17,0.944,0.531,3,True,68|69|72|103|104|129|131|165|166|169|215|219|234|235|236|237|272,A,ok
KPC3_4188,31,24,0,0.0,0.0,0,False,,A,ok
KPC3_418_5,34,24,13,0.722,0.542,2,True,69|103|104|131|165|166|169|215|219|234|236|237|272,A,ok
KPC3_4196,37,22,4,0.222,0.182,0,False,103|166|169|237,A,ok
KPC3_419_0,15,17,0,0.0,0.0,0,False,,A,ok
KPC3_419_4,15,14,0,0.0,0.0,0,False,,A,ok
KPC3_419_5,15,15,0,0.0,0.0,0,False,,A,ok
KPC3_419_9,15,16,3,0.167,0.188,1,True,103|165|166,A,ok
KPC3_41_9,24,17,6,0.333,0.353,0,False,103|104|166|215|236|272,A,ok
KPC3_4204,22,22,0,0.0,0.0,0,False,,A,ok
KPC3_420_0,29,26,0,0.0,0.0,0,False,,A,ok
KPC3_420_4,29,22,12,0.667,0.545,2,True,69|103|104|129|131|165|166|169|215|236|237|272,A,ok
KPC3_420_7,29,18,2,0.111,0.111,1,True,165|166,A,ok
KPC3_4210,36,21,5,0.278,0.238,1,True,103|104|131|165|166,A,ok
KPC3_4212,36,35,12,0.667,0.343,2,True,69|103|104|129|131|165|166|169|219|236|237|272,A,ok
KPC3_421_1,36,35,14,0.778,0.4,3,True,69|72|103|104|129|131|165|166|169|215|219|236|237|272,A,ok
KPC3_421_4,36,21,2,0.111,0.095,1,True,165|166,A,ok
KPC3_423_0,12,14,0,0.0,0.0,0,False,,A,ok
KPC3_423_1,12,12,2,0.111,0.167,1,True,165|166,A,ok
KPC3_423_2,12,10,3,0.167,0.3,0,False,104|215|272,A,ok
KPC3_4246,31,35,14,0.778,0.4,3,True,69|72|103|104|129|131|165|166|169|215|219|236|237|272,A,ok
KPC3_4253,34,23,8,0.444,0.348,1,True,103|104|131|165|166|236|237|272,A,ok
KPC3_425_8,29,20,4,0.222,0.2,0,False,103|104|166|169,A,ok
KPC3_4260,23,17,2,0.111,0.118,1,True,165|166,A,ok
KPC3_4263,23,23,13,0.722,0.565,4,True,69|72|103|129|131|165|166|169|233|234|235|236|237,A,ok
KPC3_4265,23,18,9,0.5,0.5,1,True,103|165|166|169|215|219|236|237|272,A,ok
KPC3_4266,23,20,1,0.056,0.05,1,True,165,A,ok
KPC3_426_5,13,12,3,0.167,0.25,1,True,103|165|166,A,ok
KPC3_426_8,13,13,3,0.167,0.231,1,True,103|165|166,A,ok
KPC3_4272,14,15,5,0.278,0.333,1,True,103|104|131|165|166,A,ok
KPC3_4273,14,24,15,0.833,0.625,3,True,69|103|104|129|131|165|166|169|215|233|234|235|236|237|272,A,ok
KPC3_4277,14,14,6,0.333,0.429,1,True,103|165|166|215|219|272,A,ok
KPC3_4278,14,24,13,0.722,0.542,1,True,69|103|104|129|131|166|169|215|219|234|236|237|272,A,ok
KPC3_427_5,21,22,13,0.722,0.591,1,True,69|103|104|129|131|166|169|215|219|234|236|237|272,A,ok
KPC3_428_3,18,15,3,0.167,0.2,1,True,103|165|166,A,ok
KPC3_428_6,18,25,14,0.778,0.56,1,True,69|103|104|129|131|166|169|215|219|234|235|236|237|272,A,ok
KPC3_428_9,18,13,2,0.111,0.154,1,True,165|166,A,ok
KPC3_4291,30,25,11,0.611,0.44,2,True,69|103|104|129|131|165|166|169|215|236|237,A,ok
KPC3_4297,30,15,5,0.278,0.333,0,False,103|166|169|236|237,A,ok
KPC3_429_9,28,21,9,0.5,0.429,2,True,69|103|104|131|165|166|169|236|237,A,ok
KPC3_4304,31,37,16,0.889,0.432,3,True,69|72|103|104|129|131|165|166|169|215|219|234|235|236|237|272,A,ok
KPC3_4306,31,28,10,0.556,0.357,2,True,69|103|104|131|165|166|169|236|237|272,A,ok
KPC3_430_0,18,20,12,0.667,0.6,2,True,69|103|104|131|165|166|169|215|219|236|237|272,A,ok
KPC3_430_1,18,25,14,0.778,0.56,3,True,69|72|103|104|129|131|165|166|169|215|219|236|237|272,A,ok
KPC3_430_3,18,9,1,0.056,0.111,0,False,103,A,ok
KPC3_430_4,18,12,3,0.167,0.25,1,True,103|165|166,A,ok
KPC3_430_7,18,19,11,0.611,0.579,1,True,103|104|129|131|166|215|219|233|234|236|272,A,ok
KPC3_4311,44,42,15,0.833,0.357,2,True,69|103|104|129|131|165|166|169|215|219|234|235|236|237|272,A,ok
KPC3_4312,44,41,0,0.0,0.0,0,False,,A,ok
KPC3_4316,44,25,0,0.0,0.0,0,False,,A,ok
KPC3_4328,42,20,4,0.222,0.2,1,True,103|104|165|166,A,ok
KPC3_432_1,12,21,2,0.111,0.095,1,True,165|166,A,ok
KPC3_432_4,12,10,2,0.111,0.2,1,True,165|166,A,ok
KPC3_432_5,12,15,2,0.111,0.133,1,True,165|166,A,ok
KPC3_432_8,12,10,0,0.0,0.0,0,False,,A,ok
KPC3_4331,41,24,3,0.167,0.125,1,True,131|165|166,A,ok
KPC3_4335,41,22,0,0.0,0.0,0,False,,A,ok
KPC3_433_0,17,12,1,0.056,0.083,1,True,165,A,ok
KPC3_433_4,17,14,0,0.0,0.0,0,False,,A,ok
KPC3_433_9,17,11,4,0.222,0.364,1,True,103|131|165|166,A,ok
KPC3_434_2,35,22,4,0.222,0.182,0,False,215|219|236|272,A,ok
KPC3_435_3,42,12,0,0.0,0.0,0,False,,A,ok
KPC3_435_6,42,18,0,0.0,0.0,0,False,,A,ok
KPC3_435_7,42,12,3,0.167,0.25,1,True,103|165|166,A,ok
KPC3_4361,15,23,12,0.667,0.522,3,True,69|72|129|131|165|166|169|215|234|236|237|272,A,ok
KPC3_4366,15,14,11,0.611,0.786,3,True,69|72|103|104|129|131|165|166|169|236|237,A,ok
KPC3_436_0,18,18,1,0.056,0.056,1,True,165,A,ok
KPC3_436_5,18,19,4,0.222,0.211,1,True,103|104|165|166,A,ok
KPC3_436_8,18,20,6,0.333,0.3,0,False,103|104|215|219|236|272,A,ok
KPC3_4372,38,17,3,0.167,0.176,1,True,103|165|166,A,ok
KPC3_4379,38,39,14,0.778,0.359,1,True,69|103|104|129|131|166|169|215|219|234|235|236|237|272,A,ok
KPC3_437_3,45,15,0,0.0,0.0,0,False,,A,ok
KPC3_437_8,45,14,4,0.222,0.286,1,True,103|104|165|166,A,ok
KPC3_4385,18,17,5,0.278,0.294,0,False,103|104|166|169|237,A,ok
KPC3_4388,18,20,16,0.889,0.8,3,True,69|72|103|104|129|131|165|166|169|215|219|234|235|236|237|272,A,ok
KPC3_438_0,41,25,11,0.611,0.44,1,True,103|104|129|131|165|166|169|215|236|237|272,A,ok
KPC3_438_4,41,29,13,0.722,0.448,3,True,69|72|103|104|129|131|165|166|169|215|219|234|236,A,ok
KPC3_438_7,41,35,4,0.222,0.114,0,False,104|215|219|272,A,ok
KPC3_4391,43,25,0,0.0,0.0,0,False,,A,ok
KPC3_4394,43,16,2,0.111,0.125,1,True,165|166,A,ok
KPC3_439_7,30,15,1,0.056,0.067,0,False,104,A,ok
KPC3_439_8,30,17,2,0.111,0.118,0,False,104|272,A,ok
KPC3_4400,36,7,1,0.056,0.143,1,True,165,A,ok
KPC3_4404,36,39,15,0.833,0.385,3,True,69|72|103|104|129|131|165|166|169|215|219|234|236|237|272,A,ok
KPC3_440_5,14,12,2,0.111,0.167,1,True,165|166,A,ok
KPC3_4419,43,25,11,0.611,0.44,3,True,69|72|103|104|129|131|165|166|169|236|237,A,ok
KPC3_441_0,38,10,2,0.111,0.2,0,False,103|166,A,ok
KPC3_441_1,38,10,1,0.056,0.1,1,True,165,A,ok
KPC3_441_2,38,11,3,0.167,0.273,1,True,103|165|166,A,ok
KPC3_441_4,38,11,2,0.111,0.182,0,False,104|215,A,ok
KPC3_441_7,38,13,1,0.056,0.077,1,True,165,A,ok
KPC3_4420,22,27,13,0.722,0.481,2,True,69|103|104|129|165|166|215|219|234|235|236|237|272,A,ok
KPC3_4421,22,22,14,0.778,0.636,3,True,69|72|104|129|131|166|215|219|233|234|235|236|237|272,A,ok
KPC3_4422,22,23,2,0.111,0.087,1,True,165|166,A,ok
KPC3_4424,22,25,16,0.889,0.64,3,True,69|72|103|104|129|131|165|166|169|215|219|234|235|236|237|272,A,ok
KPC3_4428,22,27,15,0.833,0.556,2,True,69|103|104|129|131|165|166|169|215|219|234|235|236|237|272,A,ok
KPC3_442_0,44,32,12,0.667,0.375,1,True,69|103|104|131|166|169|215|219|234|236|237|272,A,ok
KPC3_442_5,44,28,11,0.611,0.393,1,True,103|104|131|165|166|169|215|219|236|237|272,A,ok
KPC3_442_7,44,16,0,0.0,0.0,0,False,,A,ok
KPC3_4434,29,16,0,0.0,0.0,0,False,,A,ok
KPC3_443_1,12,16,3,0.167,0.188,1,True,103|165|166,A,ok
KPC3_443_2,12,15,2,0.111,0.133,1,True,165|166,A,ok
KPC3_443_3,12,14,2,0.111,0.143,1,True,165|166,A,ok
KPC3_444_1,36,22,4,0.222,0.182,1,True,103|131|165|166,A,ok
KPC3_444_3,36,23,6,0.333,0.261,1,True,103|131|165|166|169|237,A,ok
KPC3_444_5,36,13,2,0.111,0.154,0,False,103|166,A,ok
KPC3_4452,20,20,1,0.056,0.05,1,True,165,A,ok
KPC3_4455,20,19,0,0.0,0.0,0,False,,A,ok
KPC3_4458,20,20,12,0.667,0.6,1,True,69|103|104|129|131|166|169|215|219|236|237|272,A,ok
KPC3_4459,20,26,13,0.722,0.5,3,True,69|103|104|129|131|165|166|169|233|234|235|236|237,A,ok
KPC3_445_9,26,14,4,0.222,0.286,1,True,103|131|165|166,A,ok
KPC3_446_4,14,11,1,0.056,0.091,1,True,165,A,ok
KPC3_4471,20,30,16,0.889,0.533,3,True,69|72|103|104|129|131|165|166|169|215|219|234|235|236|237|272,A,ok
KPC3_4473,20,30,14,0.778,0.467,3,True,69|72|103|104|129|131|165|166|169|215|219|236|237|272,A,ok
KPC3_4478,20,18,9,0.5,0.5,3,True,69|72|103|131|165|166|169|236|237,A,ok
KPC3_447_9,20,12,1,0.056,0.083,1,True,165,A,ok
KPC3_4480,25,15,2,0.111,0.133,1,True,165|166,A,ok
KPC3_4482,25,18,6,0.333,0.333,0,False,104|131|215|219|236|272,A,ok
KPC3_4488,25,24,0,0.0,0.0,0,False,,A,ok
KPC3_448_2,43,21,3,0.167,0.143,0,False,104|215|272,A,ok
KPC3_448_7,43,12,2,0.111,0.167,1,True,165|166,A,ok
KPC3_448_9,43,17,2,0.111,0.118,1,True,165|166,A,ok
KPC3_449_0,41,31,6,0.333,0.194,1,True,103|131|165|166|169|237,A,ok
KPC3_449_1,41,33,0,0.0,0.0,0,False,,A,ok
KPC3_449_2,41,32,11,0.611,0.344,1,True,103|104|131|165|166|169|215|234|236|237|272,A,ok
KPC3_449_3,41,15,3,0.167,0.2,1,True,103|165|166,A,ok
KPC3_449_4,41,19,3,0.167,0.158,1,True,103|165|166,A,ok
KPC3_449_5,41,20,3,0.167,0.15,0,False,103|104|166,A,ok
KPC3_449_7,41,19,5,0.278,0.263,1,True,103|104|165|166|272,A,ok
KPC3_449_8,41,26,4,0.222,0.154,1,True,103|104|165|166,A,ok
KPC3_4501,13,15,3,0.167,0.2,1,True,103|165|166,A,ok
KPC3_4503,13,18,9,0.5,0.5,1,True,103|104|165|166|215|219|234|236|272,A,ok
KPC3_4506,13,25,15,0.833,0.6,4,True,69|72|103|104|129|131|165|166|169|215|233|234|235|236|272,A,ok
KPC3_4507,13,17,12,0.667,0.706,2,True,69|103|104|129|166|215|219|233|234|236|237|272,A,ok
KPC3_4508,13,14,7,0.389,0.5,1,True,103|104|131|165|166|219|272,A,ok
KPC3_450_6,26,22,11,0.611,0.5,1,True,103|104|131|165|166|169|215|219|236|237|272,A,ok
KPC3_451_0,42,15,0,0.0,0.0,0,False,,A,ok
KPC3_451_6,42,22,4,0.222,0.182,1,True,103|131|165|166,A,ok
KPC3_451_8,42,33,9,0.5,0.273,0,False,103|104|131|166|169|215|236|237|272,A,ok
KPC3_451_9,42,15,0,0.0,0.0,0,False,,A,ok
KPC3_4529,22,31,14,0.778,0.452,3,True,69|72|103|104|129|131|165|166|169|215|219|236|237|272,A,ok
KPC3_452_3,43,22,0,0.0,0.0,0,False,,A,ok
KPC3_4536,37,31,4,0.222,0.129,1,True,165|166|169|237,A,ok
KPC3_453_4,29,20,12,0.667,0.6,2,True,69|103|104|131|165|166|169|215|219|234|236|272,A,ok
KPC3_4541,40,27,8,0.444,0.296,0,False,103|104|166|215|219|236|237|272,A,ok
KPC3_4542,40,35,11,0.611,0.314,1,True,103|104|131|165|166|215|219|234|236|237|272,A,ok
KPC3_4543,40,32,0,0.0,0.0,0,False,,A,ok
KPC3_4544,40,31,13,0.722,0.419,3,True,69|72|103|104|129|131|165|166|169|219|236|237|272,A,ok
KPC3_4545,40,9,3,0.167,0.333,0,False,103|104|166,A,ok
KPC3_4547,40,20,8,0.444,0.4,0,False,103|104|131|166|169|236|237|272,A,ok
KPC3_454_0,14,11,1,0.056,0.091,1,True,165,A,ok
KPC3_454_6,14,11,3,0.167,0.273,1,True,103|165|166,A,ok
KPC3_4557,14,19,2,0.111,0.105,1,True,165|166,A,ok
KPC3_4559,14,25,13,0.722,0.52,3,True,69|72|103|104|129|131|165|166|169|215|236|237|272,A,ok
KPC3_4560,22,30,14,0.778,0.467,3,True,69|103|104|129|131|165|166|169|215|233|234|235|236|237,A,ok
KPC3_4564,22,16,2,0.111,0.125,1,True,165|166,A,ok
KPC3_4567,22,26,9,0.5,0.346,2,True,69|103|104|131|165|166|169|236|237,A,ok
KPC3_456_3,22,20,3,0.167,0.15,0,False,166|169|237,A,ok
KPC3_456_5,22,14,0,0.0,0.0,0,False,,A,ok
KPC3_456_6,22,12,3,0.167,0.25,0,False,104|215|272,A,ok
KPC3_4572,19,20,13,0.722,0.65,2,True,69|103|104|129|131|165|166|169|215|234|236|237|272,A,ok
KPC3_4576,19,26,15,0.833,0.577,3,True,69|72|103|104|129|131|165|166|169|215|219|234|236|237|272,A,ok
KPC3_4576_2,19,26,15,0.833,0.577,3,True,69|72|103|104|129|131|165|166|169|215|219|234|236|237|272,A,ok
KPC3_4576_3,19,28,15,0.833,0.536,3,True,69|72|103|104|129|131|165|166|169|215|219|234|236|237|272,A,ok
KPC3_4576_4,19,31,15,0.833,0.484,3,True,69|72|104|129|131|165|166|169|215|219|234|235|236|237|272,A,ok
KPC3_4578,19,17,5,0.278,0.294,1,True,103|104|131|165|166,A,ok
KPC3_457_2,18,14,2,0.111,0.143,0,False,104|215,A,ok
KPC3_457_3,18,15,0,0.0,0.0,0,False,,A,ok
KPC3_457_5,18,14,3,0.167,0.214,1,True,131|165|166,A,ok
KPC3_4581,12,15,3,0.167,0.2,1,True,103|165|166,A,ok
KPC3_4585,12,18,0,0.0,0.0,0,False,,A,ok
KPC3_4586,12,19,14,0.778,0.737,3,True,69|72|103|104|129|131|165|166|169|215|219|236|237|272,A,ok
KPC3_458_3,37,17,1,0.056,0.059,1,True,165,A,ok
KPC3_458_5,37,18,1,0.056,0.056,1,True,165,A,ok
KPC3_458_6,37,24,14,0.778,0.583,2,True,69|72|103|104|129|131|166|169|215|219|234|236|237|272,A,ok
KPC3_458_8,37,25,2,0.111,0.08,1,True,165|166,A,ok
KPC3_458_9,37,17,2,0.111,0.118,1,True,165|166,A,ok
KPC3_4593,16,13,3,0.167,0.231,1,True,103|165|166,A,ok
KPC3_4597,16,22,8,0.444,0.364,1,True,103|104|129|131|165|166|169|215,A,ok
KPC3_4599,16,26,13,0.722,0.5,2,True,69|103|104|129|131|165|166|169|215|219|234|236|237,A,ok
KPC3_459_2,15,16,2,0.111,0.125,1,True,165|166,A,ok
KPC3_45_1,37,19,0,0.0,0.0,0,False,,A,ok
KPC3_45_2,37,17,0,0.0,0.0,0,False,,A,ok
KPC3_4602,40,22,2,0.111,0.091,1,True,165|166,A,ok
KPC3_4606,40,20,9,0.5,0.45,0,False,103|104|131|166|215|219|236|237|272,A,ok
KPC3_4607,40,26,1,0.056,0.038,0,False,166,A,ok
KPC3_4615,43,39,7,0.389,0.179,1,True,103|104|165|166|236|237|272,A,ok
KPC3_461_3,22,17,0,0.0,0.0,0,False,,A,ok
KPC3_461_5,22,15,2,0.111,0.133,1,True,165|166,A,ok
KPC3_4623,14,24,13,0.722,0.542,3,True,69|72|103|129|131|165|166|169|215|219|236|237|272,A,ok
KPC3_4626,14,24,14,0.778,0.583,3,True,69|72|103|104|129|131|165|166|169|215|234|235|236|237,A,ok
KPC3_4627,14,25,13,0.722,0.52,3,True,69|72|103|104|129|131|165|166|169|215|236|237|272,A,ok
KPC3_4628,14,22,14,0.778,0.636,3,True,69|72|104|129|131|165|166|169|215|219|234|236|237|272,A,ok
KPC3_4631,24,28,15,0.833,0.536,4,True,69|72|103|104|129|131|165|166|219|233|234|235|236|237|272,A,ok
KPC3_4633,24,27,13,0.722,0.481,3,True,69|72|103|104|129|131|165|166|169|219|234|236|237,A,ok
KPC3_4636,24,13,2,0.111,0.154,1,True,165|166,A,ok
KPC3_463_1,15,13,3,0.167,0.231,1,True,103|165|166,A,ok
KPC3_463_6,15,13,3,0.167,0.231,1,True,103|165|166,A,ok
KPC3_463_8,15,12,3,0.167,0.25,1,True,103|165|166,A,ok
KPC3_4641,43,12,2,0.111,0.167,0,False,103|166,A,ok
KPC3_4645,43,17,3,0.167,0.176,1,True,103|165|166,A,ok
KPC3_4646,43,25,9,0.5,0.36,3,True,69|72|103|131|165|166|169|236|237,A,ok
KPC3_464_0,30,16,0,0.0,0.0,0,False,,A,ok
KPC3_4653,35,16,2,0.111,0.125,1,True,165|166,A,ok
KPC3_4654,35,25,11,0.611,0.44,1,True,103|104|129|131|165|166|215|219|236|237|272,A,ok
KPC3_4664,39,34,9,0.5,0.265,2,True,72|103|104|129|131|165|166|169|215,A,ok
KPC3_466_0,23,15,3,0.167,0.2,1,True,103|165|166,A,ok
KPC3_466_4,23,15,0,0.0,0.0,0,False,,A,ok
KPC3_4672,33,28,4,0.222,0.143,1,True,103|165|166|169,A,ok
KPC3_4674,33,32,3,0.167,0.094,1,True,103|165|166,A,ok
KPC3_4678,33,30,12,0.667,0.4,2,True,69|103|104|129|131|165|166|169|215|236|237|272,A,ok
KPC3_4681,12,23,15,0.833,0.652,3,True,68|69|72|104|129|131|165|166|169|215|219|234|236|237|272,A,ok
KPC3_4686,12,10,2,0.111,0.2,1,True,165|166,A,ok
KPC3_468_3,22,20,0,0.0,0.0,0,False,,A,ok
KPC3_4694,18,29,12,0.667,0.414,3,True,69|72|103|104|129|131|165|166|169|236|237|272,A,ok
KPC3_4695,18,24,16,0.889,0.667,3,True,69|72|103|104|129|131|165|166|169|215|219|234|235|236|237|272,A,ok
KPC3_4696,18,20,7,0.389,0.35,2,True,69|103|165|166|169|236|237,A,ok
KPC3_4697,18,24,10,0.556,0.417,1,True,103|104|131|165|166|169|219|236|237|272,A,ok
KPC3_4699,18,21,15,0.833,0.714,2,True,69|103|104|129|131|165|166|169|215|219|234|235|236|237|272,A,ok
KPC3_469_0,45,27,14,0.778,0.519,3,True,69|72|103|104|131|165|166|169|215|219|234|236|237|272,A,ok
KPC3_469_1,45,18,0,0.0,0.0,0,False,,A,ok
KPC3_46_3,14,13,0,0.0,0.0,0,False,,A,ok
KPC3_4700,17,22,13,0.722,0.591,3,True,69|72|103|104|131|165|166|169|215|219|236|237|272,A,ok
KPC3_4705,17,22,13,0.722,0.591,3,True,69|103|104|129|165|166|169|215|233|234|235|236|237,A,ok
KPC3_4708,17,31,11,0.611,0.355,2,True,69|103|104|129|131|165|166|169|215|236|237,A,ok
KPC3_470_5,16,11,4,0.222,0.364,1,True,103|131|165|166,A,ok
KPC3_470_6,16,15,6,0.333,0.4,0,False,104|129|215|219|236|272,A,ok
KPC3_4711,15,21,14,0.778,0.667,4,True,69|72|104|129|165|166|169|215|233|234|235|236|237|272,A,ok
KPC3_471_4,29,12,6,0.333,0.5,0,False,103|104|166|219|236|272,A,ok
KPC3_471_8,29,18,7,0.389,0.389,1,True,103|131|165|166|219|236|272,A,ok
KPC3_4727,39,10,3,0.167,0.3,1,True,103|165|166,A,ok
KPC3_4729,39,38,9,0.5,0.237,0,False,103|104|166|169|215|219|236|237|272,A,ok
KPC3_472_0,15,15,2,0.111,0.133,1,True,165|166,A,ok
KPC3_472_1,15,17,2,0.111,0.118,1,True,165|166,A,ok
KPC3_473_3,13,16,3,0.167,0.188,1,True,103|165|166,A,ok
KPC3_473_6,13,14,2,0.111,0.143,1,True,165|166,A,ok
KPC3_473_9,13,10,3,0.167,0.3,1,True,103|165|166,A,ok
KPC3_4743,38,20,2,0.111,0.1,1,True,165|166,A,ok
KPC3_4744,38,26,11,0.611,0.423,1,True,103|104|131|165|166|215|219|234|235|236|272,A,ok
KPC3_4745,38,36,10,0.556,0.278,1,True,103|104|129|131|165|166|215|236|237|272,A,ok
KPC3_4749,38,13,3,0.167,0.231,1,True,103|165|166,A,ok
KPC3_474_7,20,16,1,0.056,0.062,1,True,165,A,ok
KPC3_4750,24,23,3,0.167,0.13,1,True,103|165|166,A,ok
KPC3_4751,24,27,15,0.833,0.556,2,True,69|72|103|104|129|131|166|169|215|219|234|235|236|237|272,A,ok
KPC3_4752,24,20,3,0.167,0.15,1,True,131|165|166,A,ok
KPC3_4757,24,30,17,0.944,0.567,4,True,69|72|103|104|129|131|165|166|169|215|219|233|234|235|236|237|272,A,ok
KPC3_475_6,14,12,3,0.167,0.25,1,True,103|165|166,A,ok
KPC3_475_9,14,16,2,0.111,0.125,1,True,165|166,A,ok
KPC3_4766,16,25,9,0.5,0.36,1,True,103|104|131|165|166|169|236|237|272,A,ok
KPC3_4773,44,18,3,0.167,0.167,1,True,103|165|166,A,ok
KPC3_4778,44,17,4,0.222,0.235,1,True,103|131|165|166,A,ok
KPC3_4779,44,30,3,0.167,0.1,1,True,131|165|166,A,ok
KPC3_4782,34,29,4,0.222,0.138,1,True,103|104|165|166,A,ok
KPC3_4785,34,18,0,0.0,0.0,0,False,,A,ok
KPC3_4786,34,18,2,0.111,0.111,1,True,165|166,A,ok
KPC3_4787,34,31,11,0.611,0.355,3,True,69|72|103|104|129|131|165|166|169|215|236,A,ok
KPC3_4791,23,22,12,0.667,0.545,1,True,103|104|131|165|166|169|215|219|234|236|237|272,A,ok
KPC3_4795,23,14,2,0.111,0.143,1,True,165|166,A,ok
KPC3_479_1,21,21,0,0.0,0.0,0,False,,A,ok
KPC3_479_4,21,16,0,0.0,0.0,0,False,,A,ok
KPC3_479_7,21,22,10,0.556,0.455,3,True,69|72|103|104|131|165|166|169|236|237,A,ok
KPC3_47_5,30,18,0,0.0,0.0,0,False,,A,ok
KPC3_4800,17,11,2,0.111,0.182,1,True,165|166,A,ok
KPC3_4800_2,17,11,2,0.111,0.182,1,True,165|166,A,ok
KPC3_4800_3,17,18,3,0.167,0.167,1,True,103|165|166,A,ok
KPC3_4800_4,17,16,2,0.111,0.125,1,True,165|166,A,ok
KPC3_4802,17,13,2,0.111,0.154,1,True,165|166,A,ok
KPC3_4802_2,17,13,2,0.111,0.154,1,True,165|166,A,ok
KPC3_4802_3,17,17,2,0.111,0.118,1,True,165|166,A,ok
KPC3_4802_4,17,26,13,0.722,0.5,3,True,69|72|103|104|129|131|165|166|169|215|236|237|272,A,ok
KPC3_4803,17,29,10,0.556,0.345,1,True,103|131|165|166|169|215|219|236|237|272,A,ok
KPC3_4805,17,17,2,0.111,0.118,1,True,165|166,A,ok
KPC3_4807,17,19,4,0.222,0.211,1,True,103|165|166|169,A,ok
KPC3_4809,17,26,14,0.778,0.538,3,True,69|72|103|104|129|131|165|166|169|215|219|236|237|272,A,ok
KPC3_480_4,41,22,5,0.278,0.227,1,True,103|131|165|166|272,A,ok
KPC3_480_6,41,18,2,0.111,0.111,1,True,165|166,A,ok
KPC3_480_8,41,18,3,0.167,0.167,1,True,165|166|169,A,ok
KPC3_4816,40,21,9,0.5,0.429,1,True,103|104|131|165|166|169|236|237|272,A,ok
KPC3_4817,40,17,3,0.167,0.176,1,True,103|165|166,A,ok
KPC3_481_8,17,25,12,0.667,0.48,2,True,69|103|104|129|165|166|169|215|234|235|236|237,A,ok
KPC3_4820,19,27,14,0.778,0.519,3,True,69|72|103|104|129|131|165|166|169|215|219|236|237|272,A,ok
KPC3_4821,19,16,3,0.167,0.188,1,True,103|165|166,A,ok
KPC3_4824,19,25,13,0.722,0.52,2,True,69|103|104|129|131|165|166|169|215|219|236|237|272,A,ok
KPC3_4825,19,23,13,0.722,0.565,2,True,69|103|104|129|131|165|166|169|215|219|236|237|272,A,ok
KPC3_4826,19,13,6,0.333,0.462,1,True,103|165|166|169|236|237,A,ok
KPC3_4827,19,23,17,0.944,0.739,4,True,69|72|103|104|129|131|165|166|169|215|219|233|234|235|236|237|272,A,ok
KPC3_4829,19,19,2,0.111,0.105,1,True,165|166,A,ok
KPC3_482_2,20,19,7,0.389,0.368,0,False,104|129|215|219|234|236|272,A,ok
KPC3_482_4,20,25,11,0.611,0.44,0,False,103|104|129|131|166|169|215|219|236|237|272,A,ok
KPC3_4830,14,23,14,0.778,0.609,2,True,68|69|104|129|131|165|166|169|215|234|235|236|237|272,A,ok
KPC3_4833,14,29,11,0.611,0.379,1,True,103|104|131|165|166|169|215|219|236|237|272,A,ok
KPC3_4834,14,22,16,0.889,0.727,4,True,69|72|103|104|129|131|165|166|169|215|219|233|234|235|236|272,A,ok
KPC3_4836,14,19,12,0.667,0.632,3,True,69|72|104|129|131|165|166|169|215|236|237|272,A,ok
KPC3_4837,14,22,13,0.722,0.591,3,True,69|72|103|104|129|131|165|166|169|215|236|237|272,A,ok
KPC3_4849,30,13,3,0.167,0.231,1,True,103|165|166,A,ok
KPC3_484_0,30,21,2,0.111,0.095,1,True,165|166,A,ok
KPC3_484_4,30,13,2,0.111,0.154,0,False,215|272,A,ok
KPC3_4851,19,30,16,0.889,0.533,3,True,69|72|103|104|129|131|165|166|169|215|219|234|235|236|237|272,A,ok
KPC3_4855,19,25,14,0.778,0.56,3,True,69|103|104|129|131|165|166|169|215|233|234|235|236|237,A,ok
KPC3_485_1,35,19,6,0.333,0.316,0,False,104|129|166|215|237|272,A,ok
KPC3_4863,19,21,14,0.778,0.667,3,True,69|72|103|104|129|131|165|166|169|215|219|236|237|272,A,ok
KPC3_4866,19,13,2,0.111,0.154,1,True,165|166,A,ok
KPC3_4868,19,13,1,0.056,0.077,0,False,272,A,ok
KPC3_486_2,25,13,0,0.0,0.0,0,False,,A,ok
KPC3_486_4,25,16,0,0.0,0.0,0,False,,A,ok
KPC3_486_6,25,15,2,0.111,0.133,1,True,165|166,A,ok
KPC3_487_1,17,16,1,0.056,0.062,1,True,165,A,ok
KPC3_487_8,17,11,3,0.167,0.273,1,True,103|165|166,A,ok
KPC3_488_3,13,13,3,0.167,0.231,1,True,103|165|166,A,ok
KPC3_488_4,13,14,2,0.111,0.143,1,True,165|166,A,ok
KPC3_4891,29,31,16,0.889,0.516,3,True,69|103|104|129|131|165|166|169|215|219|233|234|235|236|237|272,A,ok
KPC3_4894,29,18,0,0.0,0.0,0,False,,A,ok
KPC3_4900,21,16,2,0.111,0.125,1,True,103|165,A,ok
KPC3_4901,21,19,5,0.278,0.263,1,True,103|165|166|169|237,A,ok
KPC3_4905,21,17,2,0.111,0.118,0,False,103|166,A,ok
KPC3_4907,21,22,14,0.778,0.636,2,True,68|69|103|104|129|131|165|166|169|215|234|236|237|272,A,ok
KPC3_490_9,30,20,0,0.0,0.0,0,False,,A,ok
KPC3_4916,45,23,9,0.5,0.391,1,True,103|104|129|131|165|166|169|236|237,A,ok
KPC3_4917,45,13,1,0.056,0.077,1,True,165,A,ok
KPC3_4920,24,22,8,0.444,0.364,0,False,103|104|131|166|219|236|237|272,A,ok
KPC3_4921,24,17,1,0.056,0.059,1,True,165,A,ok
KPC3_4924,24,18,2,0.111,0.111,1,True,165|166,A,ok
KPC3_4925,24,25,14,0.778,0.56,2,True,69|72|103|104|129|131|166|169|215|219|234|236|237|272,A,ok
KPC3_4926,24,31,12,0.667,0.387,2,True,69|103|104|129|131|165|166|169|215|236|237|272,A,ok
KPC3_4929,24,18,6,0.333,0.333,1,True,103|104|129|131|165|166,A,ok
KPC3_492_5,29,19,2,0.111,0.105,1,True,165|166,A,ok
KPC3_492_7,29,24,13,0.722,0.542,1,True,69|103|104|129|131|166|169|215|219|234|236|237|272,A,ok
KPC3_492_9,29,19,0,0.0,0.0,0,False,,A,ok
KPC3_4934,21,23,14,0.778,0.609,4,True,69|72|103|104|129|131|165|166|215|233|234|235|236|237,A,ok
KPC3_4936,21,15,0,0.0,0.0,0,False,,A,ok
KPC3_4939,21,25,12,0.667,0.48,3,True,69|72|103|104|129|131|165|166|169|215|236|237,A,ok
KPC3_493_3,21,14,3,0.167,0.214,1,True,103|165|166,A,ok
KPC3_493_5,21,15,4,0.222,0.267,1,True,103|165|166|169,A,ok
KPC3_493_8,21,13,4,0.222,0.308,1,True,103|131|165|166,A,ok
KPC3_4942,26,31,0,0.0,0.0,0,False,,A,ok
KPC3_4943,26,32,9,0.5,0.281,1,True,103|104|129|131|165|166|169|236|237,A,ok
KPC3_4946,26,33,13,0.722,0.394,3,True,68|69|72|103|104|129|131|165|166|169|215|236|237,A,ok
KPC3_4948,26,24,6,0.333,0.25,1,True,103|104|165|166|215|272,A,ok
KPC3_4949,26,24,12,0.667,0.5,3,True,69|72|103|104|129|131|165|166|169|236|237|272,A,ok
KPC3_4950,28,24,9,0.5,0.375,1,True,103|104|131|165|166|169|236|237|272,A,ok
KPC3_4953,28,26,11,0.611,0.423,3,True,69|72|103|104|129|131|165|166|169|215|236,A,ok
KPC3_4957,28,16,2,0.111,0.125,1,True,165|166,A,ok
KPC3_4958,28,31,2,0.111,0.065,1,True,165|166,A,ok
KPC3_495_0,18,12,5,0.278,0.417,0,False,104|215|219|236|272,A,ok
KPC3_495_6,18,17,8,0.444,0.471,1,True,103|104|129|131|165|166|236|272,A,ok
KPC3_4962,28,20,13,0.722,0.65,2,True,69|72|103|104|129|131|166|169|215|219|236|237|272,A,ok
KPC3_4964,28,42,17,0.944,0.405,4,True,68|69|72|103|104|129|131|165|166|169|215|233|234|235|236|237|272,A,ok
KPC3_4969,28,12,4,0.222,0.333,1,True,103|131|165|166,A,ok
KPC3_496_6,32,16,4,0.222,0.25,1,True,103|131|165|166,A,ok
KPC3_4970,22,21,11,0.611,0.524,2,True,69|103|104|131|165|166|169|215|236|237|272,A,ok
KPC3_4971,22,21,3,0.167,0.143,1,True,103|131|165,A,ok
KPC3_4975,22,25,3,0.167,0.12,1,True,103|165|166,A,ok
KPC3_4978,22,23,15,0.833,0.652,2,True,69|103|104|129|131|166|169|215|219|233|234|235|236|237|272,A,ok
KPC3_4979,22,26,13,0.722,0.5,3,True,69|72|103|104|129|131|165|166|169|215|234|236|237,A,ok
KPC3_497_2,42,22,0,0.0,0.0,0,False,,A,ok
KPC3_497_5,42,17,0,0.0,0.0,0,False,,A,ok
KPC3_497_6,42,16,0,0.0,0.0,0,False,,A,ok
KPC3_497_7,42,10,1,0.056,0.1,1,True,165,A,ok
KPC3_497_8,42,19,0,0.0,0.0,0,False,,A,ok
KPC3_4982,29,28,9,0.5,0.321,0,False,103|104|166|169|215|219|236|237|272,A,ok
KPC3_4995,41,21,1,0.056,0.048,1,True,165,A,ok
KPC3_4997,41,23,7,0.389,0.304,1,True,103|104|165|166|236|237|272,A,ok
KPC3_499_5,17,13,1,0.056,0.077,0,False,104,A,ok
KPC3_499_6,17,19,5,0.278,0.263,1,True,103|104|131|165|166,A,ok
KPC3_499_9,17,22,11,0.611,0.5,0,False,103|104|129|131|166|169|215|219|236|237|272,A,ok
KPC3_49_2,32,17,4,0.222,0.235,1,True,103|131|165|166,A,ok
KPC3_49_4,32,10,0,0.0,0.0,0,False,,A,ok
KPC3_49_9,32,17,1,0.056,0.059,1,True,165,A,ok
KPC3_4_0,38,22,0,0.0,0.0,0,False,,A,ok
KPC3_500_9,30,15,5,0.278,0.333,0,False,103|104|219|236|272,A,ok
KPC3_501_0,34,20,2,0.111,0.1,1,True,103|165,A,ok
KPC3_502_6,13,19,12,0.667,0.632,2,True,69|72|103|104|129|131|166|215|219|236|237|272,A,ok
KPC3_503_0,22,14,0,0.0,0.0,0,False,,A,ok
KPC3_503_3,22,10,1,0.056,0.1,1,True,165,A,ok
KPC3_503_6,22,15,4,0.222,0.267,1,True,103|131|165|166,A,ok
KPC3_504_8,21,19,0,0.0,0.0,0,False,,A,ok
KPC3_507_2,14,11,1,0.056,0.091,1,True,165,A,ok
KPC3_508_0,14,11,3,0.167,0.273,1,True,103|165|166,A,ok
KPC3_508_3,14,11,3,0.167,0.273,1,True,103|165|166,A,ok
KPC3_509_6,37,12,2,0.111,0.167,0,False,104|215,A,ok
KPC3_50_3,13,15,2,0.111,0.133,1,True,165|166,A,ok
KPC3_50_6,13,10,2,0.111,0.2,1,True,165|166,A,ok
KPC3_511_0,34,14,2,0.111,0.143,1,True,165|166,A,ok
KPC3_511_9,34,19,5,0.278,0.263,1,True,103|165|166|169|237,A,ok
KPC3_512_0,33,24,3,0.167,0.125,1,True,103|165|166,A,ok
KPC3_512_2,33,18,3,0.167,0.167,1,True,103|104|165,A,ok
KPC3_512_4,33,15,0,0.0,0.0,0,False,,A,ok
KPC3_512_6,33,26,4,0.222,0.154,1,True,103|131|165|166,A,ok
KPC3_512_9,33,23,0,0.0,0.0,0,False,,A,ok
KPC3_513_2,31,20,3,0.167,0.15,1,True,103|165|166,A,ok
KPC3_515_3,30,13,0,0.0,0.0,0,False,,A,ok
KPC3_515_8,30,10,0,0.0,0.0,0,False,,A,ok
KPC3_515_9,30,23,3,0.167,0.13,1,True,131|165|166,A,ok
KPC3_516_1,13,11,3,0.167,0.273,1,True,103|165|166,A,ok
KPC3_518_1,30,13,0,0.0,0.0,0,False,,A,ok
KPC3_518_2,30,29,13,0.722,0.448,2,True,69|103|104|129|165|166|169|215|219|234|236|237|272,A,ok
KPC3_51_1,21,16,9,0.5,0.562,1,True,104|129|215|219|233|234|235|236|272,A,ok
KPC3_51_3,21,7,0,0.0,0.0,0,False,,A,ok
KPC3_51_5,21,14,4,0.222,0.286,1,True,103|131|165|166,A,ok
KPC3_51_7,21,20,13,0.722,0.65,3,True,69|72|103|104|129|131|165|166|169|215|236|237|272,A,ok
KPC3_520_2,39,23,3,0.167,0.13,1,True,103|165|166,A,ok
KPC3_520_8,39,32,3,0.167,0.094,1,True,103|165|166,A,ok
KPC3_521_4,41,24,4,0.222,0.167,1,True,103|104|165|166,A,ok
KPC3_521_9,41,21,5,0.278,0.238,1,True,103|165|166|169|237,A,ok
KPC3_522_6,28,17,3,0.167,0.176,1,True,103|165|166,A,ok
KPC3_523_5,15,16,10,0.556,0.625,3,True,69|72|103|104|129|131|165|166|169|236,A,ok
KPC3_524_9,18,18,0,0.0,0.0,0,False,,A,ok
KPC3_525_2,40,20,9,0.5,0.45,3,True,69|72|103|104|131|165|166|169|236,A,ok
KPC3_525_9,40,15,2,0.111,0.133,1,True,165|166,A,ok
KPC3_526_0,44,17,0,0.0,0.0,0,False,,A,ok
KPC3_526_6,44,17,0,0.0,0.0,0,False,,A,ok
KPC3_526_7,44,18,5,0.278,0.278,0,False,103|104|215|236|272,A,ok
KPC3_528_1,40,12,0,0.0,0.0,0,False,,A,ok
KPC3_528_6,40,10,3,0.167,0.3,0,False,104|215|272,A,ok
KPC3_528_9,40,21,2,0.111,0.095,1,True,165|166,A,ok
KPC3_529_4,37,20,0,0.0,0.0,0,False,,A,ok
KPC3_529_6,37,16,3,0.167,0.188,0,False,166|169|237,A,ok
KPC3_529_8,37,16,2,0.111,0.125,0,False,103|166,A,ok
KPC3_52_2,38,19,0,0.0,0.0,0,False,,A,ok
KPC3_52_4,38,20,8,0.444,0.4,2,True,69|103|131|165|166|169|236|237,A,ok
KPC3_52_6,38,18,0,0.0,0.0,0,False,,A,ok
KPC3_530_0,37,26,7,0.389,0.269,1,True,103|104|131|165|166|169|237,A,ok
KPC3_530_3,37,37,10,0.556,0.27,3,True,69|72|103|104|131|165|166|169|236|237,A,ok
KPC3_531_4,29,23,10,0.556,0.435,1,True,103|104|129|131|165|166|215|219|236|272,A,ok
KPC3_533_0,15,13,3,0.167,0.231,1,True,131|165|166,A,ok
KPC3_533_1,15,15,0,0.0,0.0,0,False,,A,ok
KPC3_533_5,15,15,4,0.222,0.267,1,True,103|131|165|166,A,ok
KPC3_533_7,15,14,3,0.167,0.214,1,True,103|165|166,A,ok
KPC3_535_4,37,26,7,0.389,0.269,1,True,103|104|165|166|169|236|237,A,ok
KPC3_535_7,37,16,4,0.222,0.25,1,True,103|104|165|166,A,ok
KPC3_536_0,41,7,1,0.056,0.143,1,True,165,A,ok
KPC3_536_8,41,17,0,0.0,0.0,0,False,,A,ok
KPC3_536_9,41,8,2,0.111,0.25,1,True,165|166,A,ok
KPC3_538_6,25,13,3,0.167,0.231,0,False,104|215|272,A,ok
KPC3_53_3,39,14,2,0.111,0.143,0,False,103|166,A,ok
KPC3_53_9,39,15,4,0.222,0.267,1,True,103|104|165|166,A,ok
KPC3_540_0,30,23,7,0.389,0.304,0,False,104|166|169|215|236|237|272,A,ok
KPC3_540_1,30,18,0,0.0,0.0,0,False,,A,ok
KPC3_540_6,30,22,0,0.0,0.0,0,False,,A,ok
KPC3_540_9,30,14,0,0.0,0.0,0,False,,A,ok
KPC3_541_0,44,18,6,0.333,0.333,0,False,103|104|129|215|219|272,A,ok
KPC3_541_9,44,15,0,0.0,0.0,0,False,,A,ok
KPC3_543_2,43,19,11,0.611,0.579,1,True,69|103|104|129|131|166|169|219|236|237|272,A,ok
KPC3_543_4,43,16,2,0.111,0.125,0,False,104|215,A,ok
KPC3_545_3,21,15,7,0.389,0.467,0,False,104|129|215|219|234|236|272,A,ok
KPC3_545_8,21,13,2,0.111,0.154,0,False,104|215,A,ok
KPC3_546_2,31,14,0,0.0,0.0,0,False,,A,ok
KPC3_546_7,31,18,0,0.0,0.0,0,False,,A,ok
KPC3_547_0,44,26,12,0.667,0.462,1,True,69|103|104|131|166|169|215|219|234|236|237|272,A,ok
KPC3_547_1,44,15,0,0.0,0.0,0,False,,A,ok
KPC3_547_6,44,19,0,0.0,0.0,0,False,,A,ok
KPC3_549_8,40,14,0,0.0,0.0,0,False,,A,ok
KPC3_54_5,19,12,2,0.111,0.167,0,False,103|104,A,ok
KPC3_54_7,19,12,0,0.0,0.0,0,False,,A,ok
KPC3_54_9,19,19,1,0.056,0.053,0,False,215,A,ok
KPC3_550_3,25,13,4,0.222,0.308,1,True,103|131|165|166,A,ok
KPC3_552_3,26,24,10,0.556,0.417,1,True,103|104|165|166|215|219|234|236|237|272,A,ok
KPC3_553_6,21,17,0,0.0,0.0,0,False,,A,ok
KPC3_554_0,17,20,5,0.278,0.25,0,False,104|215|234|236|272,A,ok
KPC3_554_3,17,15,0,0.0,0.0,0,False,,A,ok
KPC3_554_5,17,19,5,0.278,0.263,1,True,103|104|131|165|166,A,ok
KPC3_554_7,17,14,3,0.167,0.214,1,True,103|165|166,A,ok
KPC3_554_9,17,13,3,0.167,0.231,1,True,103|165|166,A,ok
KPC3_556_1,23,21,0,0.0,0.0,0,False,,A,ok
KPC3_556_2,23,17,0,0.0,0.0,0,False,,A,ok
KPC3_556_6,23,18,0,0.0,0.0,0,False,,A,ok
KPC3_557_1,40,21,0,0.0,0.0,0,False,,A,ok
KPC3_557_4,40,20,5,0.278,0.25,1,True,103|104|165|166|215,A,ok
KPC3_557_7,40,21,3,0.167,0.143,1,True,165|166|169,A,ok
KPC3_558_0,29,23,11,0.611,0.478,2,True,69|103|104|131|165|166|169|215|236|237|272,A,ok
KPC3_558_7,29,23,3,0.167,0.13,1,True,103|165|166,A,ok
KPC3_559_8,22,11,0,0.0,0.0,0,False,,A,ok
KPC3_55_7,43,23,0,0.0,0.0,0,False,,A,ok
KPC3_560_2,33,17,0,0.0,0.0,0,False,,A,ok
KPC3_560_5,33,16,4,0.222,0.25,1,True,103|131|165|166,A,ok
KPC3_561_1,25,17,3,0.167,0.176,1,True,103|165|166,A,ok
KPC3_562_2,17,18,4,0.222,0.222,1,True,103|131|165|166,A,ok
KPC3_563_8,18,14,5,0.278,0.357,1,True,103|104|165|166|169,A,ok
KPC3_566_4,26,12,0,0.0,0.0,0,False,,A,ok
KPC3_567_1,39,17,4,0.222,0.235,0,False,103|104|166|237,A,ok
KPC3_568_1,21,22,0,0.0,0.0,0,False,,A,ok
KPC3_568_5,21,23,0,0.0,0.0,0,False,,A,ok
KPC3_568_6,21,22,16,0.889,0.727,3,True,69|72|103|104|129|131|165|166|169|215|219|234|235|236|237|272,A,ok
KPC3_568_7,21,17,4,0.222,0.235,0,False,103|166|169|237,A,ok
KPC3_568_9,21,14,2,0.111,0.143,1,True,165|166,A,ok
KPC3_569_8,35,23,7,0.389,0.304,1,True,103|104|131|165|166|169|237,A,ok
KPC3_56_6,44,37,11,0.611,0.297,2,True,69|72|103|104|129|131|166|169|215|236|237,A,ok
KPC3_56_9,44,19,2,0.111,0.105,1,True,165|169,A,ok
KPC3_570_2,42,32,0,0.0,0.0,0,False,,A,ok
KPC3_570_9,42,12,4,0.222,0.333,0,False,103|104|129|215,A,ok
KPC3_571_0,45,23,9,0.5,0.391,1,True,103|104|129|131|165|166|169|215|237,A,ok
KPC3_571_4,45,12,3,0.167,0.25,1,True,103|165|166,A,ok
KPC3_571_6,45,16,4,0.222,0.25,1,True,103|165|166|169,A,ok
KPC3_572_1,18,10,0,0.0,0.0,0,False,,A,ok
KPC3_572_5,18,13,0,0.0,0.0,0,False,,A,ok
KPC3_573_0,31,13,0,0.0,0.0,0,False,,A,ok
KPC3_577_2,12,11,3,0.167,0.273,1,True,103|165|166,A,ok
KPC3_577_5,12,13,3,0.167,0.231,1,True,103|165|166,A,ok
KPC3_578_1,24,14,1,0.056,0.071,0,False,104,A,ok
KPC3_579_1,41,14,1,0.056,0.071,1,True,165,A,ok
KPC3_57_0,25,20,2,0.111,0.1,1,True,165|166,A,ok
KPC3_57_1,25,16,0,0.0,0.0,0,False,,A,ok
KPC3_580_0,34,19,0,0.0,0.0,0,False,,A,ok
KPC3_580_1,34,21,5,0.278,0.238,0,False,103|104|166|237|272,A,ok
KPC3_580_8,34,16,8,0.444,0.5,0,False,103|104|166|169|219|236|237|272,A,ok
KPC3_580_9,34,20,3,0.167,0.15,1,True,103|165|166,A,ok
KPC3_581_5,40,11,2,0.111,0.182,0,False,103|166,A,ok
KPC3_581_7,40,23,10,0.556,0.435,0,False,103|104|129|166|169|215|219|236|237|272,A,ok
KPC3_583_1,40,21,3,0.167,0.143,1,True,103|165|166,A,ok
KPC3_583_4,40,24,1,0.056,0.042,1,True,165,A,ok
KPC3_584_2,36,13,3,0.167,0.231,1,True,103|165|166,A,ok
KPC3_584_6,36,16,2,0.111,0.125,0,False,103|166,A,ok
KPC3_584_7,36,10,0,0.0,0.0,0,False,,A,ok
KPC3_584_8,36,25,0,0.0,0.0,0,False,,A,ok
KPC3_584_9,36,20,0,0.0,0.0,0,False,,A,ok
KPC3_585_1,27,16,2,0.111,0.125,1,True,165|166,A,ok
KPC3_585_3,27,14,4,0.222,0.286,1,True,103|104|165|166,A,ok
KPC3_586_1,25,15,3,0.167,0.2,1,True,103|165|166,A,ok
KPC3_586_3,25,14,5,0.278,0.357,1,True,103|104|131|165|166,A,ok
KPC3_587_3,13,10,1,0.056,0.1,1,True,165,A,ok
KPC3_588_0,27,22,0,0.0,0.0,0,False,,A,ok
KPC3_588_1,27,22,2,0.111,0.091,1,True,165|166,A,ok
KPC3_588_4,27,16,4,0.222,0.25,0,False,103|104|166|237,A,ok
KPC3_588_6,27,13,0,0.0,0.0,0,False,,A,ok
KPC3_589_3,23,15,4,0.222,0.267,1,True,103|131|165|166,A,ok
KPC3_589_5,23,15,5,0.278,0.333,1,True,103|104|131|165|166,A,ok
KPC3_591_3,42,30,0,0.0,0.0,0,False,,A,ok
KPC3_591_7,42,28,8,0.444,0.286,1,True,103|104|165|166|215|219|236|272,A,ok
KPC3_591_8,42,32,0,0.0,0.0,0,False,,A,ok
KPC3_592_6,32,16,3,0.167,0.188,1,True,103|165|166,A,ok
KPC3_592_7,32,21,8,0.444,0.381,0,False,103|104|131|166|169|215|237|272,A,ok
KPC3_593_2,44,20,6,0.333,0.3,1,True,103|104|165|166|169|237,A,ok
KPC3_593_7,44,13,0,0.0,0.0,0,False,,A,ok
KPC3_595_2,24,16,0,0.0,0.0,0,False,,A,ok
KPC3_595_3,24,11,3,0.167,0.273,1,True,103|165|166,A,ok
KPC3_595_7,24,18,7,0.389,0.389,1,True,103|104|129|131|165|166|272,A,ok
KPC3_596_8,26,14,4,0.222,0.286,0,False,104|131|215|272,A,ok
KPC3_598_8,17,13,1,0.056,0.077,0,False,104,A,ok
KPC3_599_5,34,16,5,0.278,0.312,0,False,103|104|166|236|272,A,ok
KPC3_59_3,24,19,3,0.167,0.158,1,True,103|165|166,A,ok
KPC3_59_4,24,22,9,0.5,0.409,1,True,103|104|131|165|166|169|236|237|272,A,ok
KPC3_59_5,24,16,0,0.0,0.0,0,False,,A,ok
KPC3_59_6,24,9,0,0.0,0.0,0,False,,A,ok
KPC3_5_1,30,18,2,0.111,0.111,0,False,103|166,A,ok
KPC3_600_1,16,14,3,0.167,0.214,1,True,103|165|166,A,ok
KPC3_601_1,27,17,1,0.056,0.059,0,False,104,A,ok
KPC3_601_2,27,15,4,0.222,0.267,1,True,103|131|165|166,A,ok
KPC3_601_3,27,14,0,0.0,0.0,0,False,,A,ok
KPC3_601_9,27,12,4,0.222,0.333,1,True,103|104|165|166,A,ok
KPC3_602_8,29,21,3,0.167,0.143,1,True,103|165|166,A,ok
KPC3_603_3,44,17,3,0.167,0.176,1,True,103|165|166,A,ok
KPC3_604_0,25,13,2,0.111,0.154,1,True,165|166,A,ok
KPC3_604_3,25,23,2,0.111,0.087,1,True,165|166,A,ok
KPC3_604_7,25,21,11,0.611,0.524,1,True,103|104|131|165|166|169|215|219|236|237|272,A,ok
KPC3_604_9,25,18,0,0.0,0.0,0,False,,A,ok
KPC3_605_1,15,12,3,0.167,0.25,1,True,103|165|166,A,ok
KPC3_605_8,15,12,3,0.167,0.25,1,True,103|165|166,A,ok
KPC3_606_3,43,23,3,0.167,0.13,0,False,103|104|215,A,ok
KPC3_606_5,43,29,5,0.278,0.172,1,True,103|165|166|169|237,A,ok
KPC3_606_6,43,20,3,0.167,0.15,0,False,103|166|169,A,ok
KPC3_607_6,21,9,0,0.0,0.0,0,False,,A,ok
KPC3_607_8,21,18,0,0.0,0.0,0,False,,A,ok
KPC3_608_1,30,16,3,0.167,0.188,1,True,103|165|166,A,ok
KPC3_608_9,30,27,2,0.111,0.074,1,True,165|166,A,ok
KPC3_609_3,22,24,14,0.778,0.583,2,True,69|103|104|131|165|166|169|215|219|234|235|236|237|272,A,ok
KPC3_60_4,16,15,3,0.167,0.2,1,True,103|165|166,A,ok
KPC3_60_6,16,14,0,0.0,0.0,0,False,,A,ok
KPC3_610_2,43,10,2,0.111,0.2,1,True,165|166,A,ok
KPC3_610_3,43,21,0,0.0,0.0,0,False,,A,ok
KPC3_610_6,43,12,1,0.056,0.083,0,False,104,A,ok
KPC3_610_7,43,24,3,0.167,0.125,1,True,103|165|166,A,ok
KPC3_611_7,18,17,2,0.111,0.118,1,True,165|166,A,ok
KPC3_611_8,18,15,1,0.056,0.067,1,True,165,A,ok
KPC3_612_1,23,18,12,0.667,0.667,2,True,69|103|104|129|131|165|166|169|215|236|237|272,A,ok
KPC3_613_8,23,22,9,0.5,0.409,1,True,69|103|104|129|166|215|219|236|272,A,ok
KPC3_615_5,22,13,5,0.278,0.385,1,True,103|104|131|165|166,A,ok
KPC3_615_7,22,10,3,0.167,0.3,1,True,103|165|166,A,ok
KPC3_616_2,21,17,3,0.167,0.176,0,False,103|166|169,A,ok
KPC3_616_3,21,13,0,0.0,0.0,0,False,,A,ok
KPC3_616_5,21,23,13,0.722,0.565,2,True,69|103|104|129|131|166|215|219|233|234|235|236|272,A,ok
KPC3_618_3,44,20,4,0.222,0.2,1,True,103|165|166|237,A,ok
KPC3_618_7,44,21,0,0.0,0.0,0,False,,A,ok
KPC3_619_3,38,12,3,0.167,0.25,1,True,103|165|166,A,ok
KPC3_619_9,38,13,8,0.444,0.615,1,True,69|104|129|215|234|235|236|272,A,ok
KPC3_61_4,20,19,3,0.167,0.158,1,True,103|165|166,A,ok
KPC3_61_8,20,21,12,0.667,0.571,1,True,69|103|104|129|131|166|169|215|219|236|237|272,A,ok
KPC3_622_2,33,26,3,0.167,0.115,0,False,104|236|272,A,ok
KPC3_622_3,33,27,4,0.222,0.148,1,True,103|165|166|169,A,ok
KPC3_622_6,33,30,17,0.944,0.567,4,True,69|72|103|104|129|131|165|166|169|215|219|233|234|235|236|237|272,A,ok
KPC3_622_8,33,21,11,0.611,0.524,2,True,69|103|104|129|131|165|166|169|234|236|272,A,ok
KPC3_623_3,40,23,3,0.167,0.13,0,False,104|215|272,A,ok
KPC3_625_2,41,13,5,0.278,0.385,0,False,103|104|219|236|272,A,ok
KPC3_625_3,41,9,3,0.167,0.333,0,False,103|166|169,A,ok
KPC3_625_4,41,4,0,0.0,0.0,0,False,,A,ok
KPC3_625_7,41,12,0,0.0,0.0,0,False,,A,ok
KPC3_626_5,12,14,2,0.111,0.143,1,True,165|166,A,ok
KPC3_627_1,31,17,4,0.222,0.235,1,True,103|104|165|166,A,ok
KPC3_627_3,31,20,0,0.0,0.0,0,False,,A,ok
KPC3_627_5,31,23,0,0.0,0.0,0,False,,A,ok
KPC3_627_8,31,19,0,0.0,0.0,0,False,,A,ok
KPC3_628_3,43,23,5,0.278,0.217,1,True,103|165|166|169|237,A,ok
KPC3_628_8,43,21,2,0.111,0.095,1,True,165|166,A,ok
KPC3_629_0,12,3,1,0.056,0.333,0,False,104,A,ok
KPC3_629_1,12,15,3,0.167,0.2,1,True,103|165|166,A,ok
KPC3_629_4,12,24,13,0.722,0.542,2,True,69|72|103|104|129|131|166|169|215|219|236|237|272,A,ok
KPC3_62_2,21,22,11,0.611,0.5,2,True,69|104|129|169|215|219|233|234|236|237|272,A,ok
KPC3_630_0,34,13,2,0.111,0.154,0,False,103|166,A,ok
KPC3_631_1,20,18,2,0.111,0.111,1,True,165|166,A,ok
KPC3_631_2,20,16,0,0.0,0.0,0,False,,A,ok
KPC3_631_3,20,11,5,0.278,0.455,1,True,103|165|166|169|237,A,ok
KPC3_631_4,20,17,0,0.0,0.0,0,False,,A,ok
KPC3_631_6,20,13,2,0.111,0.154,1,True,165|166,A,ok
KPC3_631_7,20,20,0,0.0,0.0,0,False,,A,ok
KPC3_632_3,26,12,0,0.0,0.0,0,False,,A,ok
KPC3_633_1,14,18,0,0.0,0.0,0,False,,A,ok
KPC3_633_8,14,15,3,0.167,0.2,1,True,103|165|166,A,ok
KPC3_634_3,17,9,3,0.167,0.333,0,False,103|104|166,A,ok
KPC3_637_1,37,22,0,0.0,0.0,0,False,,A,ok
KPC3_637_8,37,17,3,0.167,0.176,1,True,103|165|166,A,ok
KPC3_638_2,13,14,6,0.333,0.429,1,True,103|104|131|165|166|272,A,ok
KPC3_638_6,13,19,12,0.667,0.632,3,True,69|72|103|104|129|131|165|166|215|219|234|236,A,ok
KPC3_638_9,13,20,9,0.5,0.45,1,True,103|104|131|165|166|169|236|237|272,A,ok
KPC3_639_4,13,19,15,0.833,0.789,3,True,69|72|103|104|129|131|165|166|169|215|219|234|236|237|272,A,ok
KPC3_639_7,13,19,14,0.778,0.737,3,True,68|69|72|103|104|129|131|165|166|169|215|236|237|272,A,ok
KPC3_641_9,37,18,3,0.167,0.167,1,True,103|165|166,A,ok
KPC3_644_6,37,8,2,0.111,0.25,1,True,165|166,A,ok
KPC3_645_1,27,19,0,0.0,0.0,0,False,,A,ok
KPC3_646_3,32,14,0,0.0,0.0,0,False,,A,ok
KPC3_648_3,23,19,13,0.722,0.684,3,True,69|72|104|129|131|165|166|169|215|219|236|237|272,A,ok
KPC3_64_4,37,22,1,0.056,0.045,1,True,165,A,ok
KPC3_64_9,37,22,8,0.444,0.364,0,False,104|129|131|166|169|215|234|237,A,ok
KPC3_650_2,17,11,0,0.0,0.0,0,False,,A,ok
KPC3_650_5,17,16,8,0.444,0.5,0,False,103|104|166|215|219|234|236|272,A,ok
KPC3_650_8,17,12,3,0.167,0.25,1,True,103|165|166,A,ok
KPC3_651_5,42,18,1,0.056,0.056,1,True,165,A,ok
KPC3_652_9,29,12,3,0.167,0.25,0,False,103|104|215,A,ok
KPC3_653_1,25,21,12,0.667,0.571,3,True,69|72|103|104|129|131|165|166|169|215|236|237,A,ok
KPC3_653_2,25,18,0,0.0,0.0,0,False,,A,ok
KPC3_653_3,25,19,0,0.0,0.0,0,False,,A,ok
KPC3_653_5,25,19,1,0.056,0.053,1,True,165,A,ok
KPC3_656_5,45,14,3,0.167,0.214,1,True,103|165|166,A,ok
KPC3_657_2,14,12,3,0.167,0.25,1,True,103|165|166,A,ok
KPC3_657_3,14,10,2,0.111,0.2,1,True,165|166,A,ok
KPC3_657_4,14,13,3,0.167,0.231,1,True,103|165|166,A,ok
KPC3_659_2,20,12,3,0.167,0.25,0,False,103|166|169,A,ok
KPC3_659_6,20,11,3,0.167,0.273,1,True,103|165|166,A,ok
KPC3_65_7,25,16,5,0.278,0.312,0,False,104|129|215|219|272,A,ok
KPC3_65_9,25,12,0,0.0,0.0,0,False,,A,ok
KPC3_660_0,15,15,1,0.056,0.067,1,True,165,A,ok
KPC3_660_1,15,13,1,0.056,0.077,1,True,165,A,ok
KPC3_660_2,15,15,2,0.111,0.133,1,True,165|166,A,ok
KPC3_660_7,15,15,0,0.0,0.0,0,False,,A,ok
KPC3_662_4,30,21,4,0.222,0.19,0,False,103|104|166|272,A,ok
KPC3_662_8,30,24,0,0.0,0.0,0,False,,A,ok
KPC3_663_1,22,17,1,0.056,0.059,0,False,272,A,ok
KPC3_663_3,22,22,0,0.0,0.0,0,False,,A,ok
KPC3_663_4,22,21,0,0.0,0.0,0,False,,A,ok
KPC3_663_7,22,20,0,0.0,0.0,0,False,,A,ok
KPC3_663_8,22,18,6,0.333,0.333,0,False,104|131|215|219|236|272,A,ok
KPC3_663_9,22,17,3,0.167,0.176,1,True,103|165|166,A,ok
KPC3_664_2,24,22,12,0.667,0.545,2,True,69|103|104|131|165|166|169|215|219|234|236|272,A,ok
KPC3_664_4,24,23,13,0.722,0.565,3,True,69|72|103|104|129|131|165|166|169|215|236|237|272,A,ok
KPC3_664_5,24,21,10,0.556,0.476,0,False,103|104|129|166|169|215|219|236|237|272,A,ok
KPC3_664_7,24,24,0,0.0,0.0,0,False,,A,ok
KPC3_664_8,24,18,1,0.056,0.056,0,False,104,A,ok
KPC3_664_9,24,12,3,0.167,0.25,1,True,103|165|166,A,ok
KPC3_665_0,28,13,3,0.167,0.231,1,True,103|165|166,A,ok
KPC3_665_1,28,20,3,0.167,0.15,1,True,103|165|166,A,ok
KPC3_665_3,28,11,3,0.167,0.273,1,True,103|165|166,A,ok
KPC3_665_5,28,14,3,0.167,0.214,0,False,103|166|237,A,ok
KPC3_665_6,28,14,2,0.111,0.143,1,True,103|165,A,ok
KPC3_665_8,28,24,9,0.5,0.375,0,False,103|104|166|215|219|234|236|237|272,A,ok
KPC3_668_3,42,31,6,0.333,0.194,0,False,103|104|129|166|169|215,A,ok
KPC3_668_4,42,28,0,0.0,0.0,0,False,,A,ok
KPC3_668_5,42,27,6,0.333,0.222,1,True,103|104|131|165|166|215,A,ok
KPC3_669_1,20,14,7,0.389,0.5,0,False,104|166|169|219|236|237|272,A,ok
KPC3_66_2,25,19,2,0.111,0.105,1,True,165|166,A,ok
KPC3_671_1,44,10,1,0.056,0.1,1,True,165,A,ok
KPC3_671_3,44,13,2,0.111,0.154,0,False,103|166,A,ok
KPC3_671_4,44,14,1,0.056,0.071,0,False,166,A,ok
KPC3_671_5,44,18,7,0.389,0.389,1,True,103|104|165|166|169|236|237,A,ok
KPC3_671_7,44,20,6,0.333,0.3,0,False,103|104|131|166|169|272,A,ok
KPC3_672_3,25,14,0,0.0,0.0,0,False,,A,ok
KPC3_672_7,25,16,2,0.111,0.125,0,False,103|166,A,ok
KPC3_672_8,25,17,0,0.0,0.0,0,False,,A,ok
KPC3_673_0,31,20,0,0.0,0.0,0,False,,A,ok
KPC3_675_2,34,19,0,0.0,0.0,0,False,,A,ok
KPC3_675_4,34,17,0,0.0,0.0,0,False,,A,ok
KPC3_675_8,34,19,0,0.0,0.0,0,False,,A,ok
KPC3_676_7,23,11,3,0.167,0.273,1,True,103|165|166,A,ok
KPC3_676_8,23,16,0,0.0,0.0,0,False,,A,ok
KPC3_677_2,36,23,1,0.056,0.043,0,False,103,A,ok
KPC3_677_4,36,10,0,0.0,0.0,0,False,,A,ok
KPC3_677_7,36,16,4,0.222,0.25,1,True,103|104|165|166,A,ok
KPC3_677_8,36,24,1,0.056,0.042,1,True,165,A,ok
KPC3_678_9,43,27,5,0.278,0.185,1,True,103|131|165|166|169,A,ok
KPC3_679_0,26,24,9,0.5,0.375,2,True,69|103|104|131|165|166|169|236|237,A,ok
KPC3_679_7,26,23,13,0.722,0.565,3,True,69|72|103|104|129|131|165|166|169|215|236|237|272,A,ok
KPC3_679_8,26,14,3,0.167,0.214,1,True,103|165|166,A,ok
KPC3_681_1,13,17,8,0.444,0.471,2,True,69|103|104|131|165|166|169|236,A,ok
KPC3_681_2,13,13,4,0.222,0.308,1,True,103|104|165|166,A,ok
KPC3_681_3,13,10,3,0.167,0.3,1,True,103|165|166,A,ok
KPC3_681_4,13,14,5,0.278,0.357,1,True,103|131|165|166|169,A,ok
KPC3_681_5,13,14,4,0.222,0.286,1,True,103|131|165|166,A,ok
KPC3_681_6,13,12,3,0.167,0.25,1,True,103|165|166,A,ok
KPC3_681_8,13,20,0,0.0,0.0,0,False,,A,ok
KPC3_683_2,19,13,2,0.111,0.154,1,True,165|166,A,ok
KPC3_683_8,19,18,0,0.0,0.0,0,False,,A,ok
KPC3_684_1,21,12,0,0.0,0.0,0,False,,A,ok
KPC3_684_5,21,13,0,0.0,0.0,0,False,,A,ok
KPC3_685_0,15,25,15,0.833,0.6,3,True,69|72|103|104|129|131|165|166|169|215|219|234|236|237|272,A,ok
KPC3_685_4,15,12,3,0.167,0.25,1,True,103|165|166,A,ok
KPC3_685_8,15,18,10,0.556,0.556,2,True,69|104|129|215|219|233|234|235|236|272,A,ok
KPC3_686_6,25,11,3,0.167,0.273,1,True,103|165|166,A,ok
KPC3_686_8,25,20,9,0.5,0.45,1,True,103|104|131|165|166|169|236|237|272,A,ok
KPC3_687_0,45,9,1,0.056,0.111,0,False,103,A,ok
KPC3_687_5,45,14,4,0.222,0.286,1,True,103|165|166|169,A,ok
KPC3_687_7,45,21,10,0.556,0.476,0,False,103|104|129|166|215|219|234|236|237|272,A,ok
KPC3_689_4,38,12,3,0.167,0.25,1,True,103|165|166,A,ok
KPC3_689_5,38,18,7,0.389,0.389,0,False,103|104|166|215|219|236|272,A,ok
KPC3_689_7,38,27,10,0.556,0.37,0,False,103|104|129|166|169|215|219|236|237|272,A,ok
KPC3_690_6,30,22,10,0.556,0.455,2,True,69|103|104|129|131|165|166|169|236|237,A,ok
KPC3_691_8,19,13,3,0.167,0.231,1,True,103|165|166,A,ok
KPC3_692_3,14,11,3,0.167,0.273,1,True,103|165|166,A,ok
KPC3_692_7,14,14,3,0.167,0.214,1,True,103|165|166,A,ok
KPC3_692_9,14,11,3,0.167,0.273,1,True,103|165|166,A,ok
KPC3_694_2,31,22,4,0.222,0.182,1,True,165|166|169|237,A,ok
KPC3_694_3,31,14,2,0.111,0.143,1,True,165|166,A,ok
KPC3_695_2,44,20,4,0.222,0.2,0,False,103|166|169|237,A,ok
KPC3_697_7,28,16,0,0.0,0.0,0,False,,A,ok
KPC3_698_0,31,19,0,0.0,0.0,0,False,,A,ok
KPC3_699_7,29,22,13,0.722,0.591,1,True,103|104|129|131|165|166|169|215|219|234|236|237|272,A,ok
KPC3_69_2,24,18,0,0.0,0.0,0,False,,A,ok
KPC3_6_1,33,23,10,0.556,0.435,2,True,69|103|104|131|165|166|169|236|237|272,A,ok
KPC3_6_5,33,12,3,0.167,0.25,1,True,103|165|166,A,ok
KPC3_701_7,23,14,3,0.167,0.214,1,True,103|165|166,A,ok
KPC3_702_0,20,19,0,0.0,0.0,0,False,,A,ok
KPC3_702_3,20,17,2,0.111,0.118,1,True,165|166,A,ok
KPC3_702_6,20,22,0,0.0,0.0,0,False,,A,ok
KPC3_702_7,20,15,0,0.0,0.0,0,False,,A,ok
KPC3_703_2,27,13,2,0.111,0.154,1,True,165|166,A,ok
KPC3_703_5,27,14,4,0.222,0.286,1,True,103|104|165|166,A,ok
KPC3_703_9,27,27,13,0.722,0.481,2,True,69|72|103|104|129|131|166|169|215|219|236|237|272,A,ok
KPC3_704_5,42,25,6,0.333,0.24,1,True,103|104|131|165|166|169,A,ok
KPC3_705_6,12,16,4,0.222,0.25,1,True,103|131|165|166,A,ok
KPC3_705_8,12,12,2,0.111,0.167,1,True,165|166,A,ok
KPC3_706_2,35,32,6,0.333,0.188,0,False,104|215|219|236|237|272,A,ok
KPC3_706_3,35,20,5,0.278,0.25,1,True,103|165|166|169|237,A,ok
KPC3_706_4,35,19,0,0.0,0.0,0,False,,A,ok
KPC3_706_7,35,16,1,0.056,0.062,0,False,166,A,ok
KPC3_708_6,29,12,0,0.0,0.0,0,False,,A,ok
KPC3_70_3,39,21,2,0.111,0.095,1,True,165|166,A,ok
KPC3_70_7,39,20,0,0.0,0.0,0,False,,A,ok
KPC3_710_3,41,22,4,0.222,0.182,0,False,103|166|169|237,A,ok
KPC3_710_7,41,24,1,0.056,0.042,1,True,165,A,ok
KPC3_710_8,41,21,1,0.056,0.048,1,True,165,A,ok
KPC3_713_4,19,12,0,0.0,0.0,0,False,,A,ok
KPC3_713_5,19,17,0,0.0,0.0,0,False,,A,ok
KPC3_715_0,34,21,4,0.222,0.19,1,True,103|131|165|166,A,ok
KPC3_715_2,34,24,2,0.111,0.083,1,True,165|166,A,ok
KPC3_715_8,34,22,7,0.389,0.318,1,True,103|104|165|166|169|237|272,A,ok
KPC3_715_9,34,15,0,0.0,0.0,0,False,,A,ok
KPC3_716_4,21,18,2,0.111,0.111,1,True,165|166,A,ok
KPC3_716_9,21,10,4,0.222,0.4,1,True,103|104|165|166,A,ok
KPC3_719_5,44,29,7,0.389,0.241,0,False,104|129|166|169|215|237|272,A,ok
KPC3_719_7,44,19,0,0.0,0.0,0,False,,A,ok
KPC3_720_0,34,17,3,0.167,0.176,1,True,103|165|166,A,ok
KPC3_720_6,34,15,7,0.389,0.467,1,True,69|104|129|215|234|236|272,A,ok
KPC3_720_8,34,32,0,0.0,0.0,0,False,,A,ok
KPC3_722_0,23,19,2,0.111,0.105,1,True,165|166,A,ok
KPC3_722_2,23,13,4,0.222,0.308,1,True,103|104|165|166,A,ok
KPC3_722_3,23,18,3,0.167,0.167,0,False,103|104|215,A,ok
KPC3_723_5,19,15,4,0.222,0.267,1,True,103|165|166|237,A,ok
KPC3_724_2,43,21,0,0.0,0.0,0,False,,A,ok
KPC3_724_3,43,16,0,0.0,0.0,0,False,,A,ok
KPC3_724_5,43,14,2,0.111,0.143,1,True,165|166,A,ok
KPC3_724_6,43,34,11,0.611,0.324,3,True,69|72|103|104|131|165|166|169|236|237|272,A,ok
KPC3_724_8,43,13,3,0.167,0.231,1,True,131|165|166,A,ok
KPC3_725_3,45,13,3,0.167,0.231,1,True,103|165|166,A,ok
KPC3_726_0,45,8,0,0.0,0.0,0,False,,A,ok
KPC3_728_2,21,16,0,0.0,0.0,0,False,,A,ok
KPC3_728_3,21,13,3,0.167,0.231,1,True,103|165|166,A,ok
KPC3_728_7,21,17,0,0.0,0.0,0,False,,A,ok
KPC3_728_9,21,20,0,0.0,0.0,0,False,,A,ok
KPC3_72_5,24,18,4,0.222,0.222,1,True,103|165|166|169,A,ok
KPC3_72_8,24,18,9,0.5,0.5,1,True,69|103|104|129|131|166|169|236|237,A,ok
KPC3_72_9,24,19,3,0.167,0.158,1,True,165|166|169,A,ok
KPC3_732_1,29,27,12,0.667,0.444,1,True,69|103|104|129|131|166|215|219|234|236|237|272,A,ok
KPC3_732_5,29,17,3,0.167,0.176,0,False,103|104|166,A,ok
KPC3_733_2,18,14,1,0.056,0.071,0,False,104,A,ok
KPC3_733_3,18,19,0,0.0,0.0,0,False,,A,ok
KPC3_733_4,18,16,0,0.0,0.0,0,False,,A,ok
KPC3_736_1,28,23,0,0.0,0.0,0,False,,A,ok
KPC3_736_7,28,21,1,0.056,0.048,1,True,165,A,ok
KPC3_736_8,28,24,4,0.222,0.167,1,True,103|165|166|169,A,ok
KPC3_736_9,28,13,2,0.111,0.154,1,True,165|166,A,ok
KPC3_737_9,37,17,3,0.167,0.176,1,True,103|165|166,A,ok
KPC3_738_4,27,23,4,0.222,0.174,1,True,103|104|165|166,A,ok
KPC3_738_7,27,18,3,0.167,0.167,0,False,103|104|215,A,ok
KPC3_738_8,27,12,0,0.0,0.0,0,False,,A,ok
KPC3_73_0,19,13,0,0.0,0.0,0,False,,A,ok
KPC3_742_0,38,14,0,0.0,0.0,0,False,,A,ok
KPC3_742_3,38,20,10,0.556,0.5,1,True,103|104|165|166|169|215|219|236|237|272,A,ok
KPC3_743_8,23,21,8,0.444,0.381,0,False,104|129|166|215|234|236|237|272,A,ok
KPC3_744_1,41,33,0,0.0,0.0,0,False,,A,ok
KPC3_745_0,31,11,1,0.056,0.091,1,True,165,A,ok
KPC3_745_1,31,17,6,0.333,0.353,0,False,103|104|129|166|215|237,A,ok
KPC3_745_5,31,15,1,0.056,0.067,0,False,104,A,ok
KPC3_745_7,31,13,1,0.056,0.077,0,False,104,A,ok
KPC3_746_1,45,11,3,0.167,0.273,0,False,104|215|272,A,ok
KPC3_746_5,45,9,0,0.0,0.0,0,False,,A,ok
KPC3_747_3,24,17,2,0.111,0.118,1,True,165|166,A,ok
KPC3_747_4,24,13,0,0.0,0.0,0,False,,A,ok
KPC3_748_0,14,13,3,0.167,0.231,1,True,131|165|166,A,ok
KPC3_749_3,17,16,5,0.278,0.312,0,False,103|104|166|169|237,A,ok
KPC3_749_4,17,17,2,0.111,0.118,1,True,165|166,A,ok
KPC3_749_9,17,19,2,0.111,0.105,1,True,165|166,A,ok
KPC3_750_3,35,14,3,0.167,0.214,0,False,104|215|272,A,ok
KPC3_751_7,36,16,6,0.333,0.375,1,True,103|165|166|169|236|237,A,ok
KPC3_751_8,36,18,0,0.0,0.0,0,False,,A,ok
KPC3_752_2,14,11,2,0.111,0.182,1,True,165|166,A,ok
KPC3_753_1,44,12,2,0.111,0.167,1,True,165|166,A,ok
KPC3_754_7,27,18,6,0.333,0.333,0,False,104|129|215|219|236|272,A,ok
KPC3_754_8,27,13,5,0.278,0.385,0,False,103|104|166|215|272,A,ok
KPC3_755_1,32,17,0,0.0,0.0,0,False,,A,ok
KPC3_755_2,32,12,0,0.0,0.0,0,False,,A,ok
KPC3_755_4,32,15,1,0.056,0.067,0,False,104,A,ok
KPC3_755_5,32,13,0,0.0,0.0,0,False,,A,ok
KPC3_755_6,32,12,1,0.056,0.083,0,False,104,A,ok
KPC3_755_7,32,18,4,0.222,0.222,0,False,103|166|169|237,A,ok
KPC3_756_2,29,14,0,0.0,0.0,0,False,,A,ok
KPC3_756_7,29,15,0,0.0,0.0,0,False,,A,ok
KPC3_75_0,38,23,0,0.0,0.0,0,False,,A,ok
KPC3_75_5,38,21,0,0.0,0.0,0,False,,A,ok
KPC3_75_7,38,20,7,0.389,0.35,0,False,103|104|129|215|219|236|272,A,ok
KPC3_760_1,15,11,4,0.222,0.364,1,True,103|131|165|166,A,ok
KPC3_761_2,45,21,6,0.333,0.286,0,False,103|104|215|219|236|272,A,ok
KPC3_761_5,45,15,8,0.444,0.533,0,False,103|104|129|215|219|234|236|272,A,ok
KPC3_761_6,45,17,4,0.222,0.235,0,False,103|104|166|237,A,ok
KPC3_761_9,45,15,3,0.167,0.2,1,True,103|165|166,A,ok
KPC3_763_0,44,14,0,0.0,0.0,0,False,,A,ok
KPC3_764_0,18,11,2,0.111,0.182,0,False,104|215,A,ok
KPC3_764_3,18,22,0,0.0,0.0,0,False,,A,ok
KPC3_764_6,18,10,3,0.167,0.3,1,True,103|165|166,A,ok
KPC3_764_7,18,26,14,0.778,0.538,3,True,69|103|104|129|131|165|166|215|219|233|234|235|236|272,A,ok
KPC3_764_8,18,14,5,0.278,0.357,0,False,104|129|215|236|272,A,ok
KPC3_764_9,18,19,10,0.556,0.526,2,True,69|103|104|129|131|165|166|169|236|272,A,ok
KPC3_766_9,43,20,0,0.0,0.0,0,False,,A,ok
KPC3_767_6,20,25,9,0.5,0.36,1,True,69|103|104|129|166|169|215|236|237,A,ok
KPC3_768_0,24,15,2,0.111,0.133,1,True,165|166,A,ok
KPC3_768_1,24,19,10,0.556,0.526,2,True,69|103|104|131|165|166|169|215|236|237,A,ok
KPC3_768_2,24,14,3,0.167,0.214,1,True,103|165|166,A,ok
KPC3_768_4,24,14,0,0.0,0.0,0,False,,A,ok
KPC3_769_5,19,13,3,0.167,0.231,1,True,103|165|166,A,ok
KPC3_769_8,19,17,2,0.111,0.118,1,True,165|166,A,ok
KPC3_769_9,19,10,2,0.111,0.2,1,True,165|166,A,ok
KPC3_771_0,37,17,0,0.0,0.0,0,False,,A,ok
KPC3_771_3,37,16,3,0.167,0.188,1,True,103|165|166,A,ok
KPC3_771_9,37,25,2,0.111,0.08,0,False,103|166,A,ok
KPC3_772_4,22,14,6,0.333,0.429,0,False,104|215|219|234|236|272,A,ok
KPC3_772_8,22,17,0,0.0,0.0,0,False,,A,ok
KPC3_774_7,19,14,1,0.056,0.071,0,False,104,A,ok
KPC3_776_1,25,18,3,0.167,0.167,1,True,103|165|166,A,ok
KPC3_776_5,25,14,4,0.222,0.286,0,False,104|129|215|272,A,ok
KPC3_778_2,14,14,3,0.167,0.214,1,True,103|165|166,A,ok
KPC3_778_5,14,11,1,0.056,0.091,0,False,104,A,ok
KPC3_778_6,14,12,5,0.278,0.417,1,True,103|165|166|169|237,A,ok
KPC3_779_9,12,19,14,0.778,0.737,2,True,69|72|103|104|129|131|166|169|215|219|234|236|237|272,A,ok
KPC3_77_1,14,13,2,0.111,0.154,1,True,165|166,A,ok
KPC3_77_8,14,9,2,0.111,0.222,1,True,165|166,A,ok
KPC3_781_1,40,19,0,0.0,0.0,0,False,,A,ok
KPC3_781_4,40,22,9,0.5,0.409,1,True,103|104|129|131|165|166|215|236|272,A,ok
KPC3_782_8,36,12,0,0.0,0.0,0,False,,A,ok
KPC3_783_4,24,18,5,0.278,0.278,1,True,103|165|166|169|237,A,ok
KPC3_783_9,24,11,3,0.167,0.273,1,True,103|165|166,A,ok
KPC3_784_1,27,10,2,0.111,0.2,0,False,103|104,A,ok
KPC3_784_6,27,18,2,0.111,0.111,1,True,165|166,A,ok
KPC3_784_8,27,20,4,0.222,0.2,1,True,103|165|166|169,A,ok
KPC3_785_0,43,16,2,0.111,0.125,1,True,165|166,A,ok
KPC3_785_3,43,17,3,0.167,0.176,1,True,103|165|166,A,ok
KPC3_785_4,43,15,0,0.0,0.0,0,False,,A,ok
KPC3_785_5,43,12,0,0.0,0.0,0,False,,A,ok
KPC3_785_9,43,21,4,0.222,0.19,1,True,103|165|166|237,A,ok
KPC3_786_4,29,19,5,0.278,0.263,0,False,103|104|166|169|237,A,ok
KPC3_787_1,43,8,2,0.111,0.25,0,False,103|166,A,ok
KPC3_787_2,43,16,2,0.111,0.125,1,True,165|166,A,ok
KPC3_788_0,45,14,0,0.0,0.0,0,False,,A,ok
KPC3_788_8,45,21,3,0.167,0.143,0,False,103|104|215,A,ok
KPC3_78_3,17,14,0,0.0,0.0,0,False,,A,ok
KPC3_78_9,17,15,3,0.167,0.2,1,True,103|165|166,A,ok
KPC3_795_4,18,15,2,0.111,0.133,1,True,165|166,A,ok
KPC3_795_7,18,11,3,0.167,0.273,1,True,103|165|166,A,ok
KPC3_796_3,28,23,0,0.0,0.0,0,False,,A,ok
KPC3_796_7,28,20,3,0.167,0.15,1,True,103|165|166,A,ok
KPC3_797_4,43,19,2,0.111,0.105,0,False,103|166,A,ok
KPC3_798_2,38,20,0,0.0,0.0,0,False,,A,ok
KPC3_798_4,38,17,1,0.056,0.059,0,False,104,A,ok
KPC3_799_6,26,18,3,0.167,0.167,1,True,103|165|166,A,ok
KPC3_799_8,26,12,3,0.167,0.25,1,True,103|165|166,A,ok
KPC3_799_9,26,11,3,0.167,0.273,1,True,103|165|166,A,ok
KPC3_79_1,44,13,3,0.167,0.231,1,True,103|165|166,A,ok
KPC3_7_2,43,12,2,0.111,0.167,0,False,104|215,A,ok
KPC3_7_4,43,13,3,0.167,0.231,1,True,103|165|166,A,ok
KPC3_801_0,32,13,3,0.167,0.231,1,True,103|165|166,A,ok
KPC3_802_6,38,23,13,0.722,0.565,1,True,69|103|104|129|166|169|215|219|234|235|236|237|272,A,ok
KPC3_802_7,38,19,0,0.0,0.0,0,False,,A,ok
KPC3_803_3,36,18,0,0.0,0.0,0,False,,A,ok
KPC3_803_7,36,24,0,0.0,0.0,0,False,,A,ok
KPC3_804_1,31,17,10,0.556,0.588,0,False,103|104|166|169|215|219|234|236|237|272,A,ok
KPC3_805_0,14,13,2,0.111,0.154,1,True,165|166,A,ok
KPC3_805_4,14,10,2,0.111,0.2,1,True,165|166,A,ok
KPC3_805_7,14,10,2,0.111,0.2,1,True,165|166,A,ok
KPC3_806_1,40,21,0,0.0,0.0,0,False,,A,ok
KPC3_806_3,40,18,3,0.167,0.167,1,True,165|166|169,A,ok
KPC3_806_5,40,21,0,0.0,0.0,0,False,,A,ok
KPC3_807_1,21,13,3,0.167,0.231,1,True,103|165|166,A,ok
KPC3_807_7,21,20,11,0.611,0.55,0,False,103|104|129|131|166|169|215|219|236|237|272,A,ok
KPC3_807_8,21,21,10,0.556,0.476,1,True,103|104|129|131|165|166|169|215|236|237,A,ok
KPC3_807_9,21,22,15,0.833,0.682,3,True,69|103|104|129|131|165|166|169|215|233|234|235|236|237|272,A,ok
KPC3_808_5,17,16,7,0.389,0.438,1,True,103|104|131|165|166|169|237,A,ok
KPC3_808_9,17,16,4,0.222,0.25,1,True,103|165|166|169,A,ok
KPC3_809_0,38,29,4,0.222,0.138,1,True,103|104|165|166,A,ok
KPC3_809_1,38,32,8,0.444,0.25,0,False,103|104|129|215|219|236|237|272,A,ok
KPC3_809_3,38,27,0,0.0,0.0,0,False,,A,ok
KPC3_809_7,38,28,0,0.0,0.0,0,False,,A,ok
KPC3_809_9,38,25,3,0.167,0.12,0,False,104|215|272,A,ok
KPC3_810_6,31,32,3,0.167,0.094,1,True,103|165|166,A,ok
KPC3_810_8,31,21,13,0.722,0.619,3,True,69|72|103|104|131|165|166|169|215|219|236|237|272,A,ok
KPC3_811_2,25,16,2,0.111,0.125,1,True,165|166,A,ok
KPC3_811_4,25,22,12,0.667,0.545,2,True,69|103|104|129|131|165|166|169|215|236|237|272,A,ok
KPC3_811_5,25,10,2,0.111,0.2,0,False,103|104,A,ok
KPC3_811_6,25,10,2,0.111,0.2,1,True,165|166,A,ok
KPC3_811_8,25,18,0,0.0,0.0,0,False,,A,ok
KPC3_812_7,20,14,2,0.111,0.143,1,True,165|166,A,ok
KPC3_813_5,13,22,15,0.833,0.682,3,True,69|103|104|129|131|165|166|169|215|233|234|235|236|237|272,A,ok
KPC3_813_6,13,18,8,0.444,0.444,2,True,69|103|104|129|131|165|166|169,A,ok
KPC3_814_0,40,24,3,0.167,0.125,1,True,103|165|166,A,ok
KPC3_814_5,40,40,4,0.222,0.1,1,True,103|165|166|169,A,ok
KPC3_814_8,40,19,2,0.111,0.105,0,False,103|166,A,ok
KPC3_816_2,43,14,6,0.333,0.429,0,False,103|104|166|169|237|272,A,ok
KPC3_816_4,43,13,3,0.167,0.231,0,False,103|166|237,A,ok
KPC3_816_8,43,18,5,0.278,0.278,0,False,103|104|166|237|272,A,ok
KPC3_818_2,42,18,4,0.222,0.222,0,False,103|166|169|237,A,ok
KPC3_818_5,42,18,1,0.056,0.056,1,True,165,A,ok
KPC3_819_0,31,25,10,0.556,0.4,1,True,103|104|131|165|166|215|234|236|237|272,A,ok
KPC3_819_3,31,21,2,0.111,0.095,0,False,166|169,A,ok
KPC3_819_8,31,18,3,0.167,0.167,1,True,103|165|166,A,ok
KPC3_81_8,30,26,11,0.611,0.423,1,True,69|103|104|129|131|166|169|215|234|236|237,A,ok
KPC3_820_0,40,32,0,0.0,0.0,0,False,,A,ok
KPC3_820_1,40,30,1,0.056,0.033,1,True,165,A,ok
KPC3_820_3,40,20,0,0.0,0.0,0,False,,A,ok
KPC3_820_8,40,26,0,0.0,0.0,0,False,,A,ok
KPC3_820_9,40,19,0,0.0,0.0,0,False,,A,ok
KPC3_821_2,22,11,1,0.056,0.091,0,False,272,A,ok
KPC3_822_0,18,15,3,0.167,0.2,1,True,103|165|166,A,ok
KPC3_822_8,18,12,0,0.0,0.0,0,False,,A,ok
KPC3_823_8,16,18,0,0.0,0.0,0,False,,A,ok
KPC3_824_4,26,17,0,0.0,0.0,0,False,,A,ok
KPC3_824_6,26,15,1,0.056,0.067,0,False,103,A,ok
KPC3_825_5,34,21,3,0.167,0.143,1,True,103|165|166,A,ok
KPC3_826_9,15,15,3,0.167,0.2,1,True,131|165|166,A,ok
KPC3_827_5,17,19,4,0.222,0.211,1,True,103|104|165|166,A,ok
KPC3_827_8,17,16,10,0.556,0.625,1,True,69|104|129|215|219|234|235|236|237|272,A,ok
KPC3_828_3,19,19,3,0.167,0.158,1,True,103|165|166,A,ok
KPC3_828_6,19,12,3,0.167,0.25,1,True,103|165|166,A,ok
KPC3_829_7,14,17,3,0.167,0.176,1,True,103|165|166,A,ok
KPC3_831_0,15,21,2,0.111,0.095,1,True,165|166,A,ok
KPC3_831_3,15,12,2,0.111,0.167,1,True,165|166,A,ok
KPC3_831_9,15,12,1,0.056,0.083,1,True,165,A,ok
KPC3_832_0,24,24,11,0.611,0.458,2,True,69|103|104|129|131|165|166|169|215|236|237,A,ok
KPC3_832_9,24,21,8,0.444,0.381,0,False,103|104|166|169|215|236|237|272,A,ok
KPC3_833_0,38,16,3,0.167,0.188,1,True,103|165|166,A,ok
KPC3_833_2,38,12,0,0.0,0.0,0,False,,A,ok
KPC3_833_4,38,20,0,0.0,0.0,0,False,,A,ok
KPC3_833_8,38,20,0,0.0,0.0,0,False,,A,ok
KPC3_833_9,38,25,11,0.611,0.44,1,True,103|104|131|165|166|169|215|219|236|237|272,A,ok
KPC3_834_2,30,20,0,0.0,0.0,0,False,,A,ok
KPC3_837_8,34,27,3,0.167,0.111,0,False,166|169|237,A,ok
KPC3_83_1,43,28,0,0.0,0.0,0,False,,A,ok
KPC3_83_5,43,10,3,0.167,0.3,1,True,103|165|166,A,ok
KPC3_840_6,29,22,0,0.0,0.0,0,False,,A,ok
KPC3_841_7,21,16,8,0.444,0.5,0,False,103|104|166|169|215|219|236|272,A,ok
KPC3_842_0,39,25,1,0.056,0.04,1,True,165,A,ok
KPC3_842_1,39,20,0,0.0,0.0,0,False,,A,ok
KPC3_843_4,13,17,0,0.0,0.0,0,False,,A,ok
KPC3_843_9,13,11,2,0.111,0.182,1,True,165|166,A,ok
KPC3_844_4,34,24,0,0.0,0.0,0,False,,A,ok
KPC3_845_0,12,13,3,0.167,0.231,1,True,103|165|166,A,ok
KPC3_845_1,12,11,3,0.167,0.273,1,True,103|165|166,A,ok
KPC3_845_6,12,13,3,0.167,0.231,1,True,103|165|166,A,ok
KPC3_845_7,12,11,2,0.111,0.182,1,True,165|166,A,ok
KPC3_845_9,12,12,4,0.222,0.333,1,True,103|131|165|166,A,ok
KPC3_847_1,25,26,10,0.556,0.385,1,True,103|104|131|165|166|169|215|236|237|272,A,ok
KPC3_847_2,25,21,0,0.0,0.0,0,False,,A,ok
KPC3_847_3,25,17,3,0.167,0.176,1,True,103|165|166,A,ok
KPC3_847_6,25,16,3,0.167,0.188,1,True,103|165|166,A,ok
KPC3_848_9,14,20,12,0.667,0.6,2,True,69|72|103|104|129|131|166|169|215|236|237|272,A,ok
KPC3_849_2,33,11,2,0.111,0.182,1,True,165|166,A,ok
KPC3_850_1,40,18,0,0.0,0.0,0,False,,A,ok
KPC3_850_8,40,25,8,0.444,0.32,0,False,103|104|166|169|215|236|237|272,A,ok
KPC3_851_4,23,9,1,0.056,0.111,0,False,104,A,ok
KPC3_852_4,37,10,1,0.056,0.1,0,False,166,A,ok
KPC3_853_0,32,11,0,0.0,0.0,0,False,,A,ok
KPC3_853_7,32,23,10,0.556,0.435,0,False,103|104|129|166|169|215|219|234|236|237,A,ok
KPC3_854_3,41,12,3,0.167,0.25,1,True,103|165|166,A,ok
KPC3_854_8,41,12,3,0.167,0.25,0,False,166|169|237,A,ok
KPC3_855_2,31,21,3,0.167,0.143,1,True,103|165|166,A,ok
KPC3_856_1,31,9,0,0.0,0.0,0,False,,A,ok
KPC3_856_3,31,27,11,0.611,0.407,2,True,69|103|104|131|165|166|169|215|236|237|272,A,ok
KPC3_857_4,13,14,0,0.0,0.0,0,False,,A,ok
KPC3_858_8,23,13,1,0.056,0.077,0,False,104,A,ok
KPC3_859_3,18,15,3,0.167,0.2,1,True,103|165|166,A,ok
KPC3_85_3,19,15,3,0.167,0.2,1,True,103|165|166,A,ok
KPC3_85_5,19,14,3,0.167,0.214,1,True,103|165|166,A,ok
KPC3_85_8,19,14,2,0.111,0.143,1,True,165|166,A,ok
KPC3_860_0,32,14,7,0.389,0.5,0,False,103|104|166|219|236|237|272,A,ok
KPC3_860_2,32,15,1,0.056,0.067,1,True,165,A,ok
KPC3_860_8,32,16,2,0.111,0.125,1,True,165|166,A,ok
KPC3_863_4,28,16,0,0.0,0.0,0,False,,A,ok
KPC3_865_0,30,18,1,0.056,0.056,1,True,165,A,ok
KPC3_865_1,30,19,0,0.0,0.0,0,False,,A,ok
KPC3_865_4,30,16,0,0.0,0.0,0,False,,A,ok
KPC3_865_7,30,18,0,0.0,0.0,0,False,,A,ok
KPC3_865_8,30,18,3,0.167,0.167,1,True,103|165|166,A,ok
KPC3_866_0,42,17,2,0.111,0.118,0,False,104|215,A,ok
KPC3_867_3,29,18,3,0.167,0.167,1,True,103|165|166,A,ok
KPC3_867_5,29,20,0,0.0,0.0,0,False,,A,ok
KPC3_867_7,29,17,3,0.167,0.176,1,True,103|165|166,A,ok
KPC3_869_4,33,21,4,0.222,0.19,1,True,103|165|166|272,A,ok
KPC3_870_7,34,27,16,0.889,0.593,3,True,69|103|104|129|131|165|166|169|215|219|233|234|235|236|237|272,A,ok
KPC3_871_7,45,14,4,0.222,0.286,1,True,103|131|165|166,A,ok
KPC3_871_8,45,9,3,0.167,0.333,1,True,103|165|166,A,ok
KPC3_874_1,37,13,6,0.333,0.462,0,False,103|104|129|215|219|272,A,ok
KPC3_874_5,37,16,4,0.222,0.25,1,True,103|131|165|166,A,ok
KPC3_874_6,37,25,4,0.222,0.16,1,True,103|165|166|169,A,ok
KPC3_874_7,37,18,9,0.5,0.5,0,False,103|104|129|166|169|215|236|237|272,A,ok
KPC3_874_8,37,15,3,0.167,0.2,1,True,103|165|166,A,ok
KPC3_876_0,23,16,3,0.167,0.188,1,True,103|165|166,A,ok
KPC3_876_1,23,15,3,0.167,0.2,1,True,103|165|166,A,ok
KPC3_876_7,23,24,13,0.722,0.542,2,True,69|103|104|129|131|165|166|215|219|234|236|237|272,A,ok
KPC3_876_9,23,11,1,0.056,0.091,0,False,104,A,ok
KPC3_877_0,17,15,1,0.056,0.067,0,False,104,A,ok
KPC3_877_5,17,22,14,0.778,0.636,3,True,69|72|103|104|129|131|165|166|169|215|219|236|237|272,A,ok
KPC3_877_7,17,17,2,0.111,0.118,1,True,165|166,A,ok
KPC3_877_8,17,15,0,0.0,0.0,0,False,,A,ok
KPC3_877_9,17,13,2,0.111,0.154,0,False,104|215,A,ok
KPC3_878_6,41,17,0,0.0,0.0,0,False,,A,ok
KPC3_87_0,33,18,0,0.0,0.0,0,False,,A,ok
KPC3_87_5,33,17,0,0.0,0.0,0,False,,A,ok
KPC3_87_6,33,9,0,0.0,0.0,0,False,,A,ok
KPC3_880_2,30,20,3,0.167,0.15,1,True,103|165|166,A,ok
KPC3_880_9,30,15,0,0.0,0.0,0,False,,A,ok
KPC3_882_7,22,16,2,0.111,0.125,1,True,165|166,A,ok
KPC3_883_1,41,14,2,0.111,0.143,1,True,165|166,A,ok
KPC3_884_0,45,21,2,0.111,0.095,1,True,165|166,A,ok
KPC3_885_1,27,22,1,0.056,0.045,1,True,165,A,ok
KPC3_885_2,27,21,0,0.0,0.0,0,False,,A,ok
KPC3_885_8,27,17,1,0.056,0.059,1,True,165,A,ok
KPC3_886_5,45,18,1,0.056,0.056,0,False,166,A,ok
KPC3_887_5,30,19,0,0.0,0.0,0,False,,A,ok
KPC3_888_5,12,14,3,0.167,0.214,1,True,103|165|166,A,ok
KPC3_889_8,22,13,3,0.167,0.231,1,True,103|165|166,A,ok
KPC3_88_2,42,15,0,0.0,0.0,0,False,,A,ok
KPC3_890_4,15,15,4,0.222,0.267,1,True,103|104|165|166,A,ok
KPC3_890_5,15,12,3,0.167,0.25,1,True,103|165|166,A,ok
KPC3_890_7,15,13,4,0.222,0.308,1,True,103|131|165|166,A,ok
KPC3_891_0,45,25,1,0.056,0.04,0,False,104,A,ok
KPC3_892_1,30,25,11,0.611,0.44,0,False,103|104|131|166|169|215|219|234|236|237|272,A,ok
KPC3_892_2,30,19,5,0.278,0.263,1,True,103|165|166|169|237,A,ok
KPC3_893_0,25,16,3,0.167,0.188,1,True,103|165|166,A,ok
KPC3_893_1,25,22,11,0.611,0.5,1,True,69|103|104|129|131|166|215|219|236|237|272,A,ok
KPC3_894_4,20,19,2,0.111,0.105,1,True,165|166,A,ok
KPC3_897_5,37,33,5,0.278,0.152,0,False,104|215|219|236|272,A,ok
KPC3_897_6,37,11,0,0.0,0.0,0,False,,A,ok
KPC3_898_0,38,29,10,0.556,0.345,2,True,69|103|104|131|165|166|169|236|237|272,A,ok
KPC3_898_3,38,34,11,0.611,0.324,1,True,103|104|131|165|166|169|215|219|236|237|272,A,ok
KPC3_899_4,26,12,1,0.056,0.083,1,True,165,A,ok
KPC3_89_0,31,17,7,0.389,0.412,1,True,103|104|165|166|236|237|272,A,ok
KPC3_89_2,31,12,3,0.167,0.25,1,True,103|165|166,A,ok
KPC3_8_2,17,25,16,0.889,0.64,2,True,68|69|103|104|129|131|165|166|169|215|219|234|235|236|237|272,A,ok
KPC3_900_1,25,23,5,0.278,0.217,1,True,103|165|166|169|237,A,ok
KPC3_900_3,25,21,4,0.222,0.19,1,True,165|166|169|237,A,ok
KPC3_900_5,25,16,0,0.0,0.0,0,False,,A,ok
KPC3_900_6,25,15,8,0.444,0.533,1,True,69|104|129|131|166|219|236|272,A,ok
KPC3_905_0,24,15,4,0.222,0.267,1,True,103|165|166|169,A,ok
KPC3_905_3,24,16,1,0.056,0.062,1,True,165,A,ok
KPC3_905_6,24,19,0,0.0,0.0,0,False,,A,ok
KPC3_906_0,33,15,4,0.222,0.267,1,True,103|104|165|166,A,ok
KPC3_907_4,14,16,0,0.0,0.0,0,False,,A,ok
KPC3_907_7,14,11,3,0.167,0.273,1,True,103|165|166,A,ok
KPC3_907_8,14,12,3,0.167,0.25,1,True,103|165|166,A,ok
KPC3_908_7,37,9,0,0.0,0.0,0,False,,A,ok
KPC3_908_8,37,22,0,0.0,0.0,0,False,,A,ok
KPC3_909_4,20,11,6,0.333,0.545,0,False,103|104|166|169|236|272,A,ok
KPC3_909_8,20,25,11,0.611,0.44,3,True,69|72|103|104|131|165|166|169|236|237|272,A,ok
KPC3_90_1,16,19,0,0.0,0.0,0,False,,A,ok
KPC3_90_2,16,14,2,0.111,0.143,1,True,165|166,A,ok
KPC3_90_3,16,19,8,0.444,0.421,1,True,69|104|129|215|219|234|236|272,A,ok
KPC3_90_5,16,16,3,0.167,0.188,1,True,103|165|166,A,ok
KPC3_910_2,27,16,0,0.0,0.0,0,False,,A,ok
KPC3_911_1,15,13,2,0.111,0.154,1,True,165|166,A,ok
KPC3_913_2,17,10,2,0.111,0.2,1,True,165|166,A,ok
KPC3_913_8,17,14,0,0.0,0.0,0,False,,A,ok
KPC3_914_1,43,12,3,0.167,0.25,1,True,103|165|166,A,ok
KPC3_915_2,18,11,2,0.111,0.182,1,True,165|166,A,ok
KPC3_915_8,18,24,15,0.833,0.625,2,True,69|103|104|129|131|166|169|215|219|233|234|235|236|237|272,A,ok
KPC3_916_8,39,36,11,0.611,0.306,1,True,103|104|131|165|166|169|215|219|236|237|272,A,ok
KPC3_917_2,26,20,0,0.0,0.0,0,False,,A,ok
KPC3_918_2,18,15,5,0.278,0.333,1,True,103|165|166|169|237,A,ok
KPC3_91_3,45,22,8,0.444,0.364,0,False,103|104|166|169|219|236|237|272,A,ok
KPC3_91_4,45,15,3,0.167,0.2,1,True,103|165|166,A,ok
KPC3_920_3,24,14,0,0.0,0.0,0,False,,A,ok
KPC3_920_9,24,18,0,0.0,0.0,0,False,,A,ok
KPC3_921_3,26,16,3,0.167,0.188,1,True,103|165|166,A,ok
KPC3_921_4,26,19,7,0.389,0.368,0,False,103|104|129|215|219|236|272,A,ok
KPC3_921_5,26,29,15,0.833,0.517,3,True,69|72|103|104|129|131|165|166|169|215|219|234|236|237|272,A,ok
KPC3_921_9,26,15,2,0.111,0.133,1,True,165|166,A,ok
KPC3_922_1,23,12,4,0.222,0.333,1,True,103|104|165|166,A,ok
KPC3_923_0,29,19,0,0.0,0.0,0,False,,A,ok
KPC3_923_5,29,28,0,0.0,0.0,0,False,,A,ok
KPC3_923_6,29,22,4,0.222,0.182,1,True,103|131|165|166,A,ok
KPC3_923_8,29,24,3,0.167,0.125,1,True,103|165|166,A,ok
KPC3_924_3,28,20,3,0.167,0.15,1,True,103|165|166,A,ok
KPC3_924_5,28,13,3,0.167,0.231,1,True,103|165|166,A,ok
KPC3_925_9,16,17,0,0.0,0.0,0,False,,A,ok
KPC3_927_1,37,16,0,0.0,0.0,0,False,,A,ok
KPC3_928_4,37,17,2,0.111,0.118,0,False,166|169,A,ok
KPC3_930_1,28,19,7,0.389,0.368,0,False,103|104|131|166|169|215|237,A,ok
KPC3_930_5,28,19,10,0.556,0.526,1,True,69|103|104|166|169|215|219|236|237|272,A,ok
KPC3_930_9,28,24,7,0.389,0.292,0,False,103|104|215|219|236|237|272,A,ok
KPC3_931_0,43,24,11,0.611,0.458,1,True,103|104|165|166|169|215|219|234|236|237|272,A,ok
KPC3_934_2,14,17,10,0.556,0.588,0,False,103|104|131|166|215|219|234|236|237|272,A,ok
KPC3_934_3,14,12,3,0.167,0.25,1,True,103|165|166,A,ok
KPC3_934_6,14,13,2,0.111,0.154,1,True,165|166,A,ok
KPC3_935_0,16,22,16,0.889,0.727,4,True,69|72|103|104|129|131|165|166|169|215|233|234|235|236|237|272,A,ok
KPC3_935_6,16,23,15,0.833,0.652,3,True,69|72|103|104|129|131|165|166|169|215|219|234|236|237|272,A,ok
KPC3_935_9,16,11,2,0.111,0.182,1,True,165|166,A,ok
KPC3_936_4,44,13,1,0.056,0.077,0,False,166,A,ok
KPC3_936_5,44,20,0,0.0,0.0,0,False,,A,ok
KPC3_936_7,44,12,0,0.0,0.0,0,False,,A,ok
KPC3_936_9,44,24,9,0.5,0.375,0,False,103|104|129|166|215|219|236|237|272,A,ok
KPC3_937_1,42,17,3,0.167,0.176,1,True,103|165|166,A,ok
KPC3_937_2,42,13,1,0.056,0.077,1,True,165,A,ok
KPC3_937_4,42,20,6,0.333,0.3,1,True,103|104|165|166|169|237,A,ok
KPC3_938_7,23,10,0,0.0,0.0,0,False,,A,ok
KPC3_93_0,40,21,5,0.278,0.238,1,True,103|165|166|169|237,A,ok
KPC3_93_1,40,22,7,0.389,0.318,1,True,103|104|131|165|166|169|237,A,ok
KPC3_93_6,40,20,4,0.222,0.2,1,True,103|131|165|166,A,ok
KPC3_93_7,40,23,11,0.611,0.478,0,False,103|104|129|131|166|169|215|234|236|237|272,A,ok
KPC3_940_1,23,26,16,0.889,0.615,3,True,69|103|104|129|131|165|166|169|215|219|233|234|235|236|237|272,A,ok
KPC3_942_1,14,18,0,0.0,0.0,0,False,,A,ok
KPC3_942_7,14,14,2,0.111,0.143,0,False,103|166,A,ok
KPC3_942_9,14,14,2,0.111,0.143,1,True,165|166,A,ok
KPC3_944_5,25,15,3,0.167,0.2,0,False,215|219|272,A,ok
KPC3_945_1,42,14,0,0.0,0.0,0,False,,A,ok
KPC3_945_2,42,22,6,0.333,0.273,0,False,103|104|215|219|236|272,A,ok
KPC3_945_6,42,22,2,0.111,0.091,1,True,165|166,A,ok
KPC3_946_0,12,15,0,0.0,0.0,0,False,,A,ok
KPC3_946_1,12,13,2,0.111,0.154,1,True,165|166,A,ok
KPC3_946_3,12,15,2,0.111,0.133,1,True,165|166,A,ok
KPC3_946_5,12,12,1,0.056,0.083,1,True,165,A,ok
KPC3_947_7,20,13,5,0.278,0.385,0,False,103|104|166|237|272,A,ok
KPC3_948_8,35,9,0,0.0,0.0,0,False,,A,ok
KPC3_949_2,40,22,2,0.111,0.091,1,True,165|166,A,ok
KPC3_949_4,40,22,4,0.222,0.182,1,True,103|165|166|237,A,ok
KPC3_951_4,16,13,3,0.167,0.231,1,True,103|165|166,A,ok
KPC3_952_0,39,14,0,0.0,0.0,0,False,,A,ok
KPC3_952_5,39,16,0,0.0,0.0,0,False,,A,ok
KPC3_952_8,39,13,3,0.167,0.231,1,True,103|165|166,A,ok
KPC3_953_7,13,14,2,0.111,0.143,1,True,165|166,A,ok
KPC3_954_0,28,27,12,0.667,0.444,2,True,69|103|104|129|131|165|166|169|215|236|237|272,A,ok
KPC3_954_4,28,28,10,0.556,0.357,1,True,103|104|129|131|165|166|169|215|236|237,A,ok
KPC3_954_5,28,12,2,0.111,0.167,0,False,104|215,A,ok
KPC3_955_3,22,24,11,0.611,0.458,0,False,103|104|129|131|166|169|215|219|236|237|272,A,ok
KPC3_955_4,22,28,11,0.611,0.393,2,True,69|103|104|129|131|165|166|169|236|237|272,A,ok
KPC3_955_6,22,15,0,0.0,0.0,0,False,,A,ok
KPC3_955_9,22,14,6,0.333,0.429,0,False,104|215|219|234|236|272,A,ok
KPC3_958_0,12,14,2,0.111,0.143,1,True,165|166,A,ok
KPC3_958_1,12,19,11,0.611,0.579,0,False,103|104|129|131|166|169|215|219|236|237|272,A,ok
KPC3_958_2,12,13,4,0.222,0.308,1,True,165|166|169|237,A,ok
KPC3_958_8,12,15,0,0.0,0.0,0,False,,A,ok
KPC3_958_9,12,14,2,0.111,0.143,1,True,165|166,A,ok
KPC3_95_0,22,19,0,0.0,0.0,0,False,,A,ok
KPC3_95_7,22,12,1,0.056,0.083,0,False,104,A,ok
KPC3_960_4,32,12,3,0.167,0.25,1,True,103|165|166,A,ok
KPC3_962_3,32,17,0,0.0,0.0,0,False,,A,ok
KPC3_963_0,40,26,3,0.167,0.115,1,True,103|165|166,A,ok
KPC3_963_3,40,23,11,0.611,0.478,0,False,103|104|129|131|166|169|215|219|236|237|272,A,ok
KPC3_963_4,40,21,1,0.056,0.048,0,False,166,A,ok
KPC3_963_5,40,19,2,0.111,0.105,1,True,165|166,A,ok
KPC3_963_8,40,15,0,0.0,0.0,0,False,,A,ok
KPC3_964_2,28,15,0,0.0,0.0,0,False,,A,ok
KPC3_964_7,28,18,6,0.333,0.333,0,False,104|215|219|234|236|272,A,ok
KPC3_965_9,44,26,2,0.111,0.077,1,True,165|166,A,ok
KPC3_966_3,26,16,5,0.278,0.312,0,False,104|215|219|236|272,A,ok
KPC3_966_6,26,15,3,0.167,0.2,1,True,165|166|169,A,ok
KPC3_967_7,24,15,3,0.167,0.2,1,True,165|166|169,A,ok
KPC3_969_0,39,15,4,0.222,0.267,0,False,103|166|169|237,A,ok
KPC3_969_2,39,20,0,0.0,0.0,0,False,,A,ok
KPC3_969_8,39,13,6,0.333,0.462,0,False,104|215|219|236|237|272,A,ok
KPC3_971_1,14,14,0,0.0,0.0,0,False,,A,ok
KPC3_971_3,14,15,2,0.111,0.133,1,True,165|166,A,ok
KPC3_971_4,14,11,2,0.111,0.182,1,True,103|165,A,ok
KPC3_971_9,14,13,3,0.167,0.231,1,True,103|165|166,A,ok
KPC3_973_4,12,13,2,0.111,0.154,1,True,165|166,A,ok
KPC3_973_7,12,26,14,0.778,0.538,3,True,69|72|103|104|129|131|165|166|169|219|235|236|237|272,A,ok
KPC3_973_8,12,18,9,0.5,0.5,0,False,103|104|166|169|215|219|234|236|272,A,ok
KPC3_974_2,39,21,1,0.056,0.048,0,False,104,A,ok
KPC3_974_4,39,23,1,0.056,0.043,1,True,165,A,ok
KPC3_974_7,39,17,3,0.167,0.176,1,True,103|165|166,A,ok
KPC3_974_9,39,22,2,0.111,0.091,1,True,165|166,A,ok
KPC3_976_1,29,16,0,0.0,0.0,0,False,,A,ok
KPC3_976_3,29,22,0,0.0,0.0,0,False,,A,ok
KPC3_976_5,29,20,2,0.111,0.1,1,True,103|165,A,ok
KPC3_976_6,29,15,2,0.111,0.133,1,True,165|166,A,ok
KPC3_976_7,29,21,13,0.722,0.619,3,True,69|72|103|104|129|131|165|166|169|234|235|236|272,A,ok
KPC3_976_9,29,9,2,0.111,0.222,0,False,104|215,A,ok
KPC3_978_1,45,7,3,0.167,0.429,0,False,103|166|237,A,ok
KPC3_97_2,31,24,2,0.111,0.083,1,True,165|166,A,ok
KPC3_980_7,41,28,1,0.056,0.036,0,False,104,A,ok
KPC3_980_9,41,23,0,0.0,0.0,0,False,,A,ok
KPC3_981_6,38,23,8,0.444,0.348,1,True,103|104|165|166|219|236|237|272,A,ok
KPC3_982_2,25,16,2,0.111,0.125,1,True,165|166,A,ok
KPC3_982_6,25,10,3,0.167,0.3,1,True,103|165|166,A,ok
KPC3_983_1,45,16,6,0.333,0.375,0,False,104|215|219|236|237|272,A,ok
KPC3_984_5,23,19,3,0.167,0.158,1,True,103|165|166,A,ok
KPC3_986_2,32,10,0,0.0,0.0,0,False,,A,ok
KPC3_986_4,32,15,3,0.167,0.2,1,True,103|165|166,A,ok
KPC3_986_6,32,16,0,0.0,0.0,0,False,,A,ok
KPC3_987_0,33,23,7,0.389,0.304,0,False,103|104|166|169|236|237|272,A,ok
KPC3_987_3,33,29,2,0.111,0.069,1,True,165|166,A,ok
KPC3_987_7,33,18,3,0.167,0.167,1,True,103|165|166,A,ok
KPC3_989_6,15,12,3,0.167,0.25,1,True,103|165|166,A,ok
KPC3_990_6,25,13,3,0.167,0.231,1,True,131|165|166,A,ok
KPC3_991_8,22,10,3,0.167,0.3,1,True,103|165|166,A,ok
KPC3_993_3,32,22,2,0.111,0.091,1,True,165|166,A,ok
KPC3_994_3,44,23,10,0.556,0.435,1,True,103|104|165|166|169|215|219|236|237|272,A,ok
KPC3_994_5,44,31,2,0.111,0.065,1,True,165|166,A,ok
KPC3_994_7,44,34,10,0.556,0.294,1,True,103|104|131|165|166|169|215|236|237|272,A,ok
KPC3_994_8,44,19,0,0.0,0.0,0,False,,A,ok
KPC3_995_3,18,16,11,0.611,0.688,0,False,103|104|129|131|166|169|215|219|236|237|272,A,ok
KPC3_995_5,18,13,0,0.0,0.0,0,False,,A,ok
KPC3_997_0,19,18,6,0.333,0.333,1,True,103|165|166|169|236|237,A,ok
KPC3_99_2,33,22,1,0.056,0.045,1,True,165,A,ok
KPC3_99_6,33,22,2,0.111,0.091,1,True,165|166,A,ok
rank0001_KPC3_0252,43,17,10,0.556,0.588,1,True,69|103|104|129|131|166|169|215|236|237,A,ok
rank0002_KPC3_2018,36,18,7,0.389,0.389,0,False,103|104|215|219|234|236|272,A,ok
rank0003_KPC3_2913,40,7,0,0.0,0.0,0,False,,A,ok
rank0004_KPC3_1403,40,28,15,0.833,0.536,3,True,69|72|103|104|129|131|165|166|169|215|219|234|236|237|272,A,ok
rank0005_KPC3_3337,41,21,7,0.389,0.333,0,False,103|104|131|166|169|236|237,A,ok
rank0006_KPC3_0367,44,10,2,0.111,0.2,0,False,103|166,A,ok
rank0007_KPC3_4655,35,8,0,0.0,0.0,0,False,,A,ok
rank0008_KPC3_0365,44,17,2,0.111,0.118,1,True,165|166,A,ok
rank0009_KPC3_1943,45,24,15,0.833,0.625,3,True,69|72|103|104|129|131|165|166|169|215|219|234|236|237|272,A,ok
rank0010_KPC3_3477,40,11,3,0.167,0.273,1,True,103|165|166,A,ok
rank0011_KPC3_2777,41,13,0,0.0,0.0,0,False,,A,ok
rank0012_KPC3_1506,43,9,4,0.222,0.444,0,False,103|104|166|237,A,ok
rank0013_KPC3_1277,39,12,0,0.0,0.0,0,False,,A,ok
rank0014_KPC3_1767,35,28,14,0.778,0.5,3,True,69|72|103|104|129|131|165|166|169|215|234|236|237|272,A,ok
rank0015_KPC3_1581,40,10,0,0.0,0.0,0,False,,A,ok
rank0017_KPC3_1882,44,18,2,0.111,0.111,1,True,165|166,A,ok
rank0018_KPC3_1687,44,21,7,0.389,0.333,0,False,103|104|131|166|236|237|272,A,ok
rank0019_KPC3_3404,41,19,9,0.5,0.474,3,True,69|72|103|131|165|166|169|236|237,A,ok
rank0020_KPC3_4735,26,18,9,0.5,0.5,0,False,103|104|131|166|169|215|236|237|272,A,ok
rank0021_KPC3_1157,37,21,7,0.389,0.333,1,True,103|104|131|165|166|236|237,A,ok
rank0022_KPC3_3321,40,11,3,0.167,0.273,1,True,103|165|166,A,ok
rank0024_KPC3_2035,39,19,13,0.722,0.684,2,True,69|103|104|129|131|166|215|219|233|234|235|236|272,A,ok
rank0025_KPC3_2397,36,27,15,0.833,0.556,3,True,69|72|103|104|129|131|165|166|169|215|219|234|236|237|272,A,ok
rank0026_KPC3_4640,43,26,12,0.667,0.462,1,True,103|104|129|131|165|166|215|219|234|236|237|272,A,ok
rank0027_KPC3_1406,40,18,2,0.111,0.111,1,True,165|166,A,ok
rank0028_KPC3_2159,43,10,0,0.0,0.0,0,False,,A,ok
rank0029_KPC3_1993,43,10,2,0.111,0.2,1,True,165|166,A,ok
rank0030_KPC3_3450,29,23,0,0.0,0.0,0,False,,A,ok
rank0032_KPC3_3014,28,11,3,0.167,0.273,1,True,103|165|166,A,ok
rank0033_KPC3_2089,43,16,5,0.278,0.312,0,False,104|215|219|236|272,A,ok
rank0034_KPC3_0923,23,14,2,0.111,0.143,1,True,165|166,A,ok
rank0035_KPC3_1621,44,15,2,0.111,0.133,1,True,165|166,A,ok
rank0036_KPC3_0744,38,17,7,0.389,0.412,0,False,103|104|215|219|234|236|272,A,ok
rank0037_KPC3_1309,34,15,3,0.167,0.2,1,True,103|165|166,A,ok
rank0038_KPC3_0309,35,24,13,0.722,0.542,3,True,69|72|104|129|131|165|166|169|215|219|236|237|272,A,ok
rank0039_KPC3_2910,40,14,3,0.167,0.214,1,True,103|165|166,A,ok
rank0040_KPC3_1550,27,27,0,0.0,0.0,0,False,,A,ok
rank0041_KPC3_2477,45,15,2,0.111,0.133,1,True,103|165,A,ok
rank0042_KPC3_2388,20,11,3,0.167,0.273,1,True,103|165|166,A,ok
rank0043_KPC3_2249,23,15,0,0.0,0.0,0,False,,A,ok
rank0044_KPC3_1874,22,16,0,0.0,0.0,0,False,,A,ok
rank0045_KPC3_2040,22,17,5,0.278,0.294,1,True,103|165|166|169|237,A,ok
rank0046_KPC3_1585,40,13,4,0.222,0.308,1,True,103|165|166|169,A,ok
rank0047_KPC3_2659,29,16,2,0.111,0.125,0,False,103|166,A,ok
rank0048_KPC3_1400,40,14,3,0.167,0.214,0,False,103|104|166,A,ok
rank0049_KPC3_0700,20,14,2,0.111,0.143,1,True,165|166,A,ok
rank0050_KPC3_2380,20,17,2,0.111,0.118,1,True,165|166,A,ok
rank0051_KPC3_0727,19,11,2,0.111,0.182,1,True,165|166,A,ok
rank0052_KPC3_0721,19,11,3,0.167,0.273,1,True,103|165|166,A,ok
rank0053_KPC3_3976,35,16,7,0.389,0.438,0,False,103|104|131|166|169|236|237,A,ok
rank0054_KPC3_2038,39,15,0,0.0,0.0,0,False,,A,ok
rank0055_KPC3_1419,33,21,11,0.611,0.524,0,False,103|104|129|166|169|215|219|234|236|237|272,A,ok
rank0056_KPC3_1944,45,11,1,0.056,0.091,1,True,165,A,ok
rank0057_KPC3_1269,29,23,8,0.444,0.348,1,True,103|104|131|165|166|236|237|272,A,ok
rank0058_KPC3_0707,20,13,3,0.167,0.231,1,True,103|165|166,A,ok
rank0059_KPC3_1636,22,16,3,0.167,0.188,1,True,103|165|166,A,ok
rank0060_KPC3_1677,32,13,0,0.0,0.0,0,False,,A,ok
rank0062_KPC3_1905,29,21,7,0.389,0.333,1,True,103|131|165|166|169|236|237,A,ok
rank0063_KPC3_0315,17,20,12,0.667,0.6,2,True,69|103|131|165|166|169|215|219|234|236|237|272,A,ok
rank0064_KPC3_0574,17,13,3,0.167,0.231,1,True,103|165|166,A,ok
rank0065_KPC3_1619,37,18,5,0.278,0.278,1,True,103|104|131|165|166,A,ok
rank0066_KPC3_3663,28,15,3,0.167,0.2,1,True,103|165|166,A,ok
rank0067_KPC3_1501,43,13,3,0.167,0.231,1,True,103|165|166,A,ok
rank0068_KPC3_0028,40,9,0,0.0,0.0,0,False,,A,ok
rank0069_KPC3_1892,17,14,3,0.167,0.214,1,True,103|165|166,A,ok
rank0070_KPC3_2565,39,13,5,0.278,0.385,0,False,104|215|219|236|272,A,ok
rank0071_KPC3_1725,45,9,2,0.111,0.222,1,True,165|166,A,ok
rank0072_KPC3_1310,24,13,3,0.167,0.231,0,False,103|104|215,A,ok
rank0073_KPC3_1234,31,25,16,0.889,0.64,4,True,69|72|103|104|129|131|165|166|169|215|233|234|235|236|237|272,A,ok
rank0074_KPC3_1250,33,8,2,0.111,0.25,1,True,103|165,A,ok
rank0075_KPC3_2289,18,16,0,0.0,0.0,0,False,,A,ok
rank0076_KPC3_1604,32,10,2,0.111,0.2,0,False,104|215,A,ok
rank0077_KPC3_2080,43,13,3,0.167,0.231,1,True,103|165|166,A,ok
rank0078_KPC3_1535,21,24,13,0.722,0.542,3,True,69|72|103|104|129|131|165|166|169|215|234|236|237,A,ok
rank0079_KPC3_2886,28,14,2,0.111,0.143,1,True,165|166,A,ok
rank0080_KPC3_0112,21,12,0,0.0,0.0,0,False,,A,ok
rank0081_KPC3_0179,16,13,2,0.111,0.154,1,True,165|166,A,ok
rank0082_KPC3_2437,40,5,1,0.056,0.2,0,False,166,A,ok
rank0083_KPC3_2193,41,17,5,0.278,0.294,1,True,103|165|166|169|237,A,ok
rank0084_KPC3_1880,44,12,2,0.111,0.167,1,True,165|166,A,ok
rank0085_KPC3_1618,37,14,2,0.111,0.143,1,True,165|166,A,ok
rank0086_KPC3_0125,19,13,3,0.167,0.231,1,True,103|165|166,A,ok
rank0087_KPC3_3468,24,16,4,0.222,0.25,1,True,103|165|166|169,A,ok
rank0088_KPC3_1656,43,16,4,0.222,0.25,1,True,103|165|166|169,A,ok
rank0089_KPC3_4016,17,12,0,0.0,0.0,0,False,,A,ok
rank0090_KPC3_2097,30,12,3,0.167,0.25,1,True,103|165|166,A,ok
rank0091_KPC3_3643,45,8,2,0.111,0.25,0,False,103|166,A,ok
rank0092_KPC3_2553,42,16,0,0.0,0.0,0,False,,A,ok
rank0093_KPC3_0236,35,13,3,0.167,0.231,1,True,103|165|166,A,ok
rank0094_KPC3_0514,38,20,7,0.389,0.35,0,False,103|104|215|219|236|237|272,A,ok
rank0095_KPC3_1273,39,3,0,0.0,0.0,0,False,,A,ok
rank0096_KPC3_4999,41,16,4,0.222,0.25,1,True,103|165|166|237,A,ok
rank0097_KPC3_1659,43,11,1,0.056,0.091,1,True,165,A,ok
rank0098_KPC3_2306,34,9,0,0.0,0.0,0,False,,A,ok
rank0099_KPC3_0928,23,13,0,0.0,0.0,0,False,,A,ok
rank0100_KPC3_1080,19,15,4,0.222,0.267,1,True,103|165|166|237,A,ok
rank0101_KPC3_0200,17,16,2,0.111,0.125,1,True,165|166,A,ok
rank0102_KPC3_0729,19,10,0,0.0,0.0,0,False,,A,ok
rank0103_KPC3_0162,20,12,0,0.0,0.0,0,False,,A,ok
rank0104_KPC3_0824,15,20,15,0.833,0.75,3,True,69|72|104|129|131|165|166|169|215|219|234|235|236|237|272,A,ok
rank0105_KPC3_1411,33,19,8,0.444,0.421,1,True,103|104|131|165|166|169|236|237,A,ok
rank0106_KPC3_1610,37,11,3,0.167,0.273,1,True,103|165|166,A,ok
rank0107_KPC3_1477,15,17,5,0.278,0.294,1,True,103|104|131|165|166,A,ok
rank0108_KPC3_1099,40,21,5,0.278,0.238,1,True,103|104|165|166|237,A,ok
rank0109_KPC3_2248,23,15,0,0.0,0.0,0,False,,A,ok
rank0110_KPC3_2084,43,16,2,0.111,0.125,0,False,103|166,A,ok
rank0111_KPC3_0348,29,16,0,0.0,0.0,0,False,,A,ok
rank0112_KPC3_3208,36,10,3,0.167,0.3,0,False,103|166|169,A,ok
rank0114_KPC3_2085,43,20,8,0.444,0.4,1,True,103|104|131|165|166|169|237|272,A,ok
rank0115_KPC3_0579,17,15,3,0.167,0.2,1,True,103|165|166,A,ok
rank0116_KPC3_2340,15,24,13,0.722,0.542,3,True,69|72|103|104|129|165|166|169|215|235|236|237|272,A,ok
rank0117_KPC3_0019,39,17,3,0.167,0.176,1,True,103|165|166,A,ok
rank0118_KPC3_1842,45,15,7,0.389,0.467,0,False,103|166|169|219|236|237|272,A,ok
rank0119_KPC3_1864,45,17,2,0.111,0.118,1,True,165|166,A,ok
rank0120_KPC3_0584,20,24,13,0.722,0.542,2,True,69|103|104|129|131|165|166|169|215|219|236|237|272,A,ok
rank0121_KPC3_1706,13,14,11,0.611,0.786,2,True,69|104|129|131|215|219|233|234|235|236|272,A,ok
rank0122_KPC3_2024,44,11,0,0.0,0.0,0,False,,A,ok
rank0124_KPC3_0021,40,13,3,0.167,0.231,1,True,103|165|166,A,ok
rank0125_KPC3_2196,41,11,5,0.278,0.455,0,False,103|104|129|166|215,A,ok
rank0126_KPC3_1430,15,14,10,0.556,0.714,1,True,69|103|104|129|166|215|234|236|237|272,A,ok
rank0127_KPC3_1469,35,10,2,0.111,0.2,1,True,165|166,A,ok
rank0128_KPC3_1952,15,13,2,0.111,0.154,1,True,165|166,A,ok
rank0129_KPC3_2153,43,18,4,0.222,0.222,1,True,103|165|166|237,A,ok
rank0130_KPC3_1512,22,12,0,0.0,0.0,0,False,,A,ok
rank0131_KPC3_1799,34,12,2,0.111,0.167,1,True,165|166,A,ok
rank0133_KPC3_2773,41,12,5,0.278,0.417,0,False,103|104|166|169|237,A,ok
rank0134_KPC3_1808,25,13,2,0.111,0.154,1,True,165|166,A,ok
rank0135_KPC3_2182,27,11,3,0.167,0.273,1,True,103|165|166,A,ok
rank0136_KPC3_1682,44,17,6,0.333,0.353,0,False,103|104|131|166|169|237,A,ok
rank0137_KPC3_2325,40,13,3,0.167,0.231,1,True,103|165|166,A,ok
rank0138_KPC3_1569,13,11,4,0.222,0.364,1,True,103|131|165|166,A,ok
rank0139_KPC3_0869,37,21,13,0.722,0.619,1,True,69|103|104|129|131|166|169|215|219|234|236|237|272,A,ok
rank0140_KPC3_0208,17,17,3,0.167,0.176,1,True,103|165|166,A,ok
rank0141_KPC3_2868,25,14,10,0.556,0.714,0,False,103|104|129|166|215|219|234|236|237|272,A,ok
rank0142_KPC3_0091,18,17,2,0.111,0.118,1,True,165|166,A,ok
rank0143_KPC3_2467,42,14,2,0.111,0.143,1,True,165|166,A,ok
rank0144_KPC3_0651,32,25,15,0.833,0.6,2,True,69|103|104|129|131|165|166|169|215|219|234|235|236|237|272,A,ok
rank0145_KPC3_3800,21,10,3,0.167,0.3,1,True,103|165|166,A,ok
rank0146_KPC3_2211,29,17,8,0.444,0.471,0,False,103|104|129|215|219|234|236|272,A,ok
rank0148_KPC3_2393,36,21,15,0.833,0.714,3,True,69|72|103|104|129|131|165|166|169|215|219|234|236|237|272,A,ok
rank0150_KPC3_1276,39,13,2,0.111,0.154,0,False,103|166,A,ok
rank0151_KPC3_3475,40,22,4,0.222,0.182,1,True,103|131|165|166,A,ok
rank0152_KPC3_2374,25,20,12,0.667,0.6,2,True,69|72|103|104|129|131|166|169|215|236|237|272,A,ok
rank0154_KPC3_1524,31,21,3,0.167,0.143,1,True,131|165|166,A,ok
rank0155_KPC3_0497,37,16,0,0.0,0.0,0,False,,A,ok
rank0156_KPC3_0235,35,13,3,0.167,0.231,0,False,103|104|272,A,ok
rank0158_KPC3_0217,36,14,4,0.222,0.286,0,False,103|104|215|272,A,ok
rank0159_KPC3_0585,20,12,3,0.167,0.25,1,True,103|165|166,A,ok
rank0160_KPC3_0718,36,11,3,0.167,0.273,1,True,103|165|166,A,ok
rank0161_KPC3_2068,30,14,4,0.222,0.286,1,True,103|131|165|166,A,ok
rank0162_KPC3_0426,20,14,5,0.278,0.357,1,True,103|104|131|165|166,A,ok
rank0163_KPC3_4416,43,13,2,0.111,0.154,1,True,165|166,A,ok
rank0164_KPC3_0210,36,14,5,0.278,0.357,0,False,103|166|169|236|237,A,ok
rank0165_KPC3_3448,25,24,13,0.722,0.542,2,True,69|103|104|129|131|165|166|169|215|219|236|237|272,A,ok
rank0166_KPC3_1412,33,27,15,0.833,0.556,3,True,69|72|103|104|129|131|165|166|169|215|219|235|236|237|272,A,ok
rank0167_KPC3_1747,45,21,8,0.444,0.381,1,True,103|104|131|165|166|236|237|272,A,ok
rank0168_KPC3_1810,29,14,10,0.556,0.714,2,True,69|72|103|104|129|131|215|236|237|272,A,ok
rank0169_KPC3_0026,40,22,0,0.0,0.0,0,False,,A,ok
rank0170_KPC3_1731,19,32,15,0.833,0.469,3,True,69|72|103|104|129|131|165|166|169|215|219|234|236|237|272,A,ok
rank0171_KPC3_1009,16,9,0,0.0,0.0,0,False,,A,ok
rank0172_KPC3_1145,33,9,6,0.333,0.667,0,False,103|104|129|131|166|215,A,ok
rank0173_KPC3_1110,36,14,0,0.0,0.0,0,False,,A,ok
rank0174_KPC3_0930,43,12,3,0.167,0.25,1,True,103|165|166,A,ok
rank0175_KPC3_0640,18,17,6,0.333,0.353,1,True,103|104|131|165|166|169,A,ok
rank0176_KPC3_1651,43,15,2,0.111,0.133,1,True,165|166,A,ok
rank0177_KPC3_1683,44,22,0,0.0,0.0,0,False,,A,ok
rank0178_KPC3_0689,31,8,2,0.111,0.25,0,False,103|166,A,ok
rank0178_KPC3_0689_2,31,11,3,0.167,0.273,1,True,103|165|166,A,ok
rank0179_KPC3_1744,45,19,14,0.778,0.737,1,True,69|103|104|129|131|166|169|215|219|234|235|236|237|272,A,ok
rank0180_KPC3_0606,20,16,0,0.0,0.0,0,False,,A,ok
rank0181_KPC3_1603,32,17,10,0.556,0.588,2,True,69|103|104|129|215|233|234|235|236|272,A,ok
rank0182_KPC3_0294,31,14,2,0.111,0.143,1,True,165|166,A,ok
rank0183_KPC3_0850,28,10,0,0.0,0.0,0,False,,A,ok
rank0185_KPC3_0363,44,20,10,0.556,0.5,2,True,69|72|103|104|129|131|215|219|236|272,A,ok
rank0186_KPC3_4890,29,12,0,0.0,0.0,0,False,,A,ok
rank0187_KPC3_1833,44,13,4,0.222,0.308,0,False,103|104|166|272,A,ok
rank0188_KPC3_1583,40,20,8,0.444,0.4,1,True,69|103|104|131|166|169|236|237,A,ok
rank0189_KPC3_1938,23,16,0,0.0,0.0,0,False,,A,ok
rank0190_KPC3_2191,41,17,7,0.389,0.412,0,False,103|104|131|166|169|236|237,A,ok
rank0191_KPC3_2929,26,10,2,0.111,0.2,1,True,165|166,A,ok
rank0192_KPC3_1084,19,15,0,0.0,0.0,0,False,,A,ok
rank0193_KPC3_1340,31,10,0,0.0,0.0,0,False,,A,ok
rank0194_KPC3_0765,39,11,2,0.111,0.182,0,False,104|215,A,ok
rank0195_KPC3_2116,39,12,0,0.0,0.0,0,False,,A,ok
rank0196_KPC3_0510,38,11,2,0.111,0.182,1,True,165|166,A,ok
rank0197_KPC3_4496,30,17,10,0.556,0.588,1,True,103|104|131|165|166|169|215|236|237|272,A,ok
rank0198_KPC3_0087,33,18,7,0.389,0.389,1,True,69|104|129|215|219|234|236,A,ok
rank0199_KPC3_0776,36,8,3,0.167,0.375,1,True,103|165|166,A,ok
rank0200_KPC3_3784,18,17,5,0.278,0.294,1,True,103|165|166|169|237,A,ok
