design_id,boltz2_iptm,boltz2_ptm,boltz2_plddt,boltz2_affinity_pred_value,boltz2_affinity_prob_binary
KPC3_0004,0.5837952494621277,0.9409970045089722,0.9182461500167847,,
KPC3_0008,0.7506963610649109,0.9405087232589722,0.9186068773269653,,
KPC3_0008_2,0.7506963610649109,0.9405087232589722,0.9186068773269653,,
KPC3_0008_3,0.726454496383667,0.9481225609779358,0.9198516607284546,,
KPC3_0008_4,0.6213194131851196,0.9375311732292175,0.9202472567558289,,
KPC3_0012,0.26611971855163574,0.8166555166244507,0.8887337446212769,,
KPC3_0017,0.24221564829349518,0.860496997833252,0.9195886850357056,,
KPC3_0020,0.5587520003318787,0.879889965057373,0.912768542766571,,
KPC3_0025,0.23260357975959778,0.8326025009155273,0.9347156882286072,,
KPC3_0030,0.6081148982048035,0.890159010887146,0.9384827017784119,,
KPC3_0031,0.39566072821617126,0.8675671219825745,0.9175447821617126,,
KPC3_0034,0.39168351888656616,0.8314139246940613,0.9328444004058838,,
KPC3_0037,0.584930956363678,0.8171844482421875,0.889703631401062,,
KPC3_0040,0.4164671003818512,0.845766544342041,0.9030588269233704,,
KPC3_0043,0.3111996054649353,0.7617482542991638,0.8551689386367798,,
KPC3_0048,0.6520876288414001,0.8750941753387451,0.9045768976211548,,
KPC3_0053,0.7792493104934692,0.9283751249313354,0.8856986165046692,,
KPC3_0053_2,0.7792493104934692,0.9283751249313354,0.8856986165046692,,
KPC3_0053_3,0.5716871619224548,0.8819277882575989,0.8789684772491455,,
KPC3_0053_4,0.7075783014297485,0.9120149612426758,0.8878014087677002,,
KPC3_0054,0.7964214086532593,0.9226717352867126,0.9090321063995361,,
KPC3_0055,0.18005108833312988,0.8840975761413574,0.9001645445823669,,
KPC3_0056,0.3895208239555359,0.9073119759559631,0.9059608578681946,,
KPC3_0059,0.6400126814842224,0.9210788011550903,0.8803560733795166,,
KPC3_0072,0.8460888862609863,0.9616889953613281,0.9235392212867737,,
KPC3_0073,0.671623170375824,0.9399769902229309,0.906279981136322,,
KPC3_0077,0.9211944341659546,0.9610148668289185,0.9230473041534424,,
KPC3_0079,0.6889798641204834,0.9402355551719666,0.9155144691467285,,
KPC3_0090,0.5766183733940125,0.86990886926651,0.9200971722602844,,
KPC3_0095,0.6824064254760742,0.9453747272491455,0.9035616517066956,,
KPC3_0096,0.6411517262458801,0.9391646981239319,0.9128766655921936,,
KPC3_0103,0.7810538411140442,0.9301581382751465,0.8829991221427917,,
KPC3_0104,0.31053268909454346,0.8764016032218933,0.904807984828949,,
KPC3_0104_2,0.31053268909454346,0.8764016032218933,0.904807984828949,,
KPC3_0104_3,0.389240026473999,0.90264892578125,0.9154546856880188,,
KPC3_0104_4,0.4047119617462158,0.9014616012573242,0.9181556701660156,,
KPC3_0107,0.5125865340232849,0.8949411511421204,0.8893595337867737,,
KPC3_0113,0.6444526314735413,0.9211705327033997,0.8888149261474609,,
KPC3_0116,0.41200965642929077,0.9134979844093323,0.8894147276878357,,
KPC3_0117,0.6514681577682495,0.9049308896064758,0.8979505300521851,,
KPC3_0121,0.5944768786430359,0.9146133065223694,0.9090761542320251,,
KPC3_0124,0.43040409684181213,0.9178333878517151,0.9041491150856018,,
KPC3_0128,0.8194804191589355,0.9316182732582092,0.9108177423477173,,
KPC3_0130,0.5881261825561523,0.892625093460083,0.9120579361915588,,
KPC3_0131,0.6187519431114197,0.8945806622505188,0.8655605912208557,,
KPC3_0132,0.2375251054763794,0.8711241483688354,0.9239844679832458,,
KPC3_0133,0.7463989853858948,0.8884087204933167,0.9119578003883362,,
KPC3_0134,0.3880704343318939,0.8725710511207581,0.8726484179496765,,
KPC3_0136,0.40933290123939514,0.8698075413703918,0.8953775763511658,,
KPC3_0142,0.7427629232406616,0.947511613368988,0.8983017802238464,,
KPC3_0142_2,0.7427629232406616,0.947511613368988,0.8983017802238464,,
KPC3_0142_3,0.7151702046394348,0.9482220411300659,0.8961519002914429,,
KPC3_0142_4,0.7636675834655762,0.941109836101532,0.894688069820404,,
KPC3_0143,0.8143160343170166,0.9533739686012268,0.9045321941375732,,
KPC3_0152,0.5414997339248657,0.9186232686042786,0.8817175626754761,,
KPC3_0153,0.5731053352355957,0.9227570295333862,0.8936991095542908,,
KPC3_0156,0.42173007130622864,0.8956580758094788,0.8754674792289734,,
KPC3_0164,0.7917355298995972,0.9484891295433044,0.9347487688064575,,
KPC3_0172,0.7582148313522339,0.9486860036849976,0.9133975505828857,,
KPC3_0172_2,0.7582148313522339,0.9486860036849976,0.9133975505828857,,
KPC3_0172_3,0.674071729183197,0.9425147175788879,0.9105255603790283,,
KPC3_0172_4,0.766392707824707,0.9495553374290466,0.9165651798248291,,
KPC3_0173,0.5650669932365417,0.9376090168952942,0.9080347418785095,,
KPC3_0174,0.6810982823371887,0.9417347311973572,0.9056654572486877,,
KPC3_0175,0.8588252663612366,0.9604018926620483,0.9197673201560974,,
KPC3_0176,0.3886427879333496,0.9246747493743896,0.9047350287437439,,
KPC3_0181,0.2779890298843384,0.8428247570991516,0.9030835032463074,,
KPC3_0182,0.2301110327243805,0.7514556050300598,0.9087598919868469,,
KPC3_0185,0.4010203778743744,0.8162257075309753,0.9257237911224365,,
KPC3_0191,0.7098085880279541,0.935124933719635,0.8822764754295349,,
KPC3_0196,0.7492914795875549,0.941074788570404,0.8965047001838684,,
KPC3_0197,0.5687394738197327,0.9083142876625061,0.9197685122489929,,
KPC3_0199,0.5753810405731201,0.9188954830169678,0.9114539623260498,,
KPC3_0201,0.7519603967666626,0.9371201992034912,0.9010882377624512,,
KPC3_0203,0.6449697017669678,0.9378214478492737,0.9122993350028992,,
KPC3_0205,0.7439303398132324,0.9392015933990479,0.9039026498794556,,
KPC3_0207,0.4471966326236725,0.9308897256851196,0.9228185415267944,,
KPC3_0209,0.61453777551651,0.9376280307769775,0.9046744704246521,,
KPC3_0212,0.16441863775253296,0.8584194183349609,0.9179505705833435,,
KPC3_0213,0.5546205639839172,0.88760906457901,0.8973042964935303,,
KPC3_0220,0.17749816179275513,0.8479626178741455,0.8981362581253052,,
KPC3_0222,0.8485960960388184,0.9316720366477966,0.9118576049804688,,
KPC3_0224,0.34025755524635315,0.8689389824867249,0.8973672986030579,,
KPC3_0225,0.2665163278579712,0.8258131742477417,0.8969146609306335,,
KPC3_0227,0.2236252874135971,0.8333354592323303,0.9142777323722839,,
KPC3_0228,0.5502691268920898,0.831007182598114,0.8476408123970032,,
KPC3_0234,0.381283164024353,0.8825346827507019,0.8840044140815735,,
KPC3_0241,0.74470454454422,0.9207518100738525,0.903190016746521,,
KPC3_0242,0.7541980147361755,0.9388490915298462,0.9044991135597229,,
KPC3_0243,0.6597623825073242,0.9346112608909607,0.9302948117256165,,
KPC3_0245,0.6022188663482666,0.930569589138031,0.9099423289299011,,
KPC3_0247,0.4959092438220978,0.9202663898468018,0.8941360712051392,,
KPC3_0255,0.1977553814649582,0.501431405544281,0.8894824385643005,,
KPC3_0262,0.6892877817153931,0.924626350402832,0.9130181670188904,,
KPC3_0264,0.2640688121318817,0.8404582142829895,0.8778742551803589,,
KPC3_0266,0.21310757100582123,0.8680835962295532,0.8831523656845093,,
KPC3_0267,0.5533135533332825,0.905011773109436,0.8740203976631165,,
KPC3_0268,0.8786941170692444,0.9384967088699341,0.8746470808982849,,
KPC3_0270,0.30245617032051086,0.8674607276916504,0.8856227397918701,,
KPC3_0274,0.2169506847858429,0.8557456135749817,0.9134784936904907,,
KPC3_0275,0.2124241441488266,0.8682323694229126,0.9217376708984375,,
KPC3_0276,0.2824990153312683,0.8577289581298828,0.9263405799865723,,
KPC3_0278,0.2808200716972351,0.8461607098579407,0.8691450953483582,,
KPC3_0286,0.2573673725128174,0.8711145520210266,0.9252499341964722,,
KPC3_0288,0.3828812539577484,0.8803336024284363,0.9017490744590759,,
KPC3_0290,0.22387531399726868,0.8649786710739136,0.9200079441070557,,
KPC3_0293,0.616997480392456,0.8377602696418762,0.8517912030220032,,
KPC3_0295,0.4683513641357422,0.90427166223526,0.9087645411491394,,
KPC3_0297,0.3939923346042633,0.8846104741096497,0.9024450182914734,,
KPC3_0300,0.3427838385105133,0.8612419962882996,0.91416335105896,,
KPC3_0302,0.2761783301830292,0.8495244383811951,0.8603248000144958,,
KPC3_0305,0.5134261250495911,0.8492011427879333,0.8814668655395508,,
KPC3_0306,0.19780075550079346,0.8569478988647461,0.8860040903091431,,
KPC3_0307,0.33350419998168945,0.8499521613121033,0.871999979019165,,
KPC3_0310,0.6462854146957397,0.9311506152153015,0.9108812808990479,,
KPC3_0311,0.3118174374103546,0.9197270274162292,0.9052830934524536,,
KPC3_0312,0.7914524674415588,0.9415728449821472,0.8925666809082031,,
KPC3_0313,0.752180814743042,0.9426767826080322,0.905642569065094,,
KPC3_0314,0.7733051180839539,0.9372497797012329,0.8980481624603271,,
KPC3_0318,0.9252563118934631,0.9566494822502136,0.9138253927230835,,
KPC3_0327,0.7548502087593079,0.9150916337966919,0.8971177935600281,,
KPC3_0329,0.4861321449279785,0.8899179100990295,0.8957608342170715,,
KPC3_0331,0.7605324387550354,0.9287698268890381,0.8840277791023254,,
KPC3_0332,0.5838527679443359,0.9082298278808594,0.9130078554153442,,
KPC3_0334,0.5480282306671143,0.8635478019714355,0.8896638751029968,,
KPC3_0346,0.8756797909736633,0.9304376244544983,0.9006368517875671,,
KPC3_0351,0.7063630223274231,0.9345390200614929,0.9017824530601501,,
KPC3_0352,0.7516952157020569,0.9567760825157166,0.9095842838287354,,
KPC3_0353,0.7635454535484314,0.9576943516731262,0.9309647083282471,,
KPC3_0355,0.6561053395271301,0.9428761601448059,0.9168480634689331,,
KPC3_0359,0.828874409198761,0.9546784162521362,0.9305161833763123,,
KPC3_0362,0.28332582116127014,0.8547910451889038,0.9317918419837952,,
KPC3_0364,0.14750899374485016,0.8064145445823669,0.9131441712379456,,
KPC3_0370,0.6542051434516907,0.950231671333313,0.9219135642051697,,
KPC3_0372,0.7044607996940613,0.9383269548416138,0.914715588092804,,
KPC3_0373,0.8389325737953186,0.9585905075073242,0.9225645661354065,,
KPC3_0374,0.7816441059112549,0.9560401439666748,0.9221330285072327,,
KPC3_0375,0.7748984694480896,0.9562386870384216,0.9231712818145752,,
KPC3_0376,0.8680379986763,0.9578408002853394,0.9232155680656433,,
KPC3_0382,0.32087379693984985,0.8933539986610413,0.9018510580062866,,
KPC3_0386,0.3546830713748932,0.856989324092865,0.8798278570175171,,
KPC3_0387,0.2824246287345886,0.8774037957191467,0.8997282385826111,,
KPC3_0389,0.8617889881134033,0.9463774561882019,0.9125442504882812,,
KPC3_0391,0.8888515830039978,0.9583946466445923,0.903388500213623,,
KPC3_0392,0.19817382097244263,0.882563054561615,0.8955582976341248,,
KPC3_0393,0.40884527564048767,0.8418061137199402,0.8758635520935059,,
KPC3_0394,0.37452441453933716,0.8904770612716675,0.8762267827987671,,
KPC3_0397,0.7758622169494629,0.9202767014503479,0.9062982201576233,,
KPC3_0398,0.4160029888153076,0.8878864049911499,0.8631804585456848,,
KPC3_0403,0.7476381659507751,0.9268599152565002,0.8974429368972778,,
KPC3_0404,0.26830026507377625,0.800004780292511,0.9025468230247498,,
KPC3_0407,0.35677337646484375,0.8650162220001221,0.8541770577430725,,
KPC3_0408,0.31779909133911133,0.8610442876815796,0.9257947206497192,,
KPC3_0413,0.5763687491416931,0.9253213405609131,0.8954916000366211,,
KPC3_0414,0.30571869015693665,0.907896876335144,0.9038434624671936,,
KPC3_0417,0.7017053961753845,0.9161577820777893,0.8911089897155762,,
KPC3_0418,0.6809671521186829,0.930677056312561,0.8909392952919006,,
KPC3_0422,0.7642273902893066,0.9301531910896301,0.9211784601211548,,
KPC3_0430,0.5572836399078369,0.9326052665710449,0.9097727537155151,,
KPC3_0435,0.5935140252113342,0.934554398059845,0.91121506690979,,
KPC3_0443,0.5555036664009094,0.9345746040344238,0.9119662046432495,,
KPC3_0444,0.6327236890792847,0.9388095140457153,0.9189159274101257,,
KPC3_0446,0.7775982618331909,0.9529191255569458,0.9322049617767334,,
KPC3_0450,0.779682993888855,0.9312242269515991,0.8989134430885315,,
KPC3_0453,0.43117448687553406,0.8992294669151306,0.8904931545257568,,
KPC3_0457,0.7307326793670654,0.9143725633621216,0.8869585394859314,,
KPC3_0459,0.4496922492980957,0.8974266052246094,0.8881369233131409,,
KPC3_0460,0.5204723477363586,0.8508016467094421,0.8625413179397583,,
KPC3_0461,0.2920249104499817,0.859944760799408,0.9182063937187195,,
KPC3_0464,0.26844748854637146,0.8334500789642334,0.9226694703102112,,
KPC3_0465,0.2817728817462921,0.8393536806106567,0.9022939801216125,,
KPC3_0472,0.8428269624710083,0.9358747601509094,0.893262505531311,,
KPC3_0473,0.651091992855072,0.9276953935623169,0.8929842710494995,,
KPC3_0474,0.8285963535308838,0.9325281977653503,0.8820303678512573,,
KPC3_0477,0.7139450907707214,0.9314332604408264,0.8806104063987732,,
KPC3_0478,0.8114708065986633,0.9473545551300049,0.905339777469635,,
KPC3_0479,0.31628867983818054,0.8754216432571411,0.8714799284934998,,
KPC3_0480,0.554280161857605,0.9046846628189087,0.883120596408844,,
KPC3_0484,0.39792948961257935,0.8749150633811951,0.8898929953575134,,
KPC3_0486,0.6915556788444519,0.8672256469726562,0.9069749712944031,,
KPC3_0493,0.2623915374279022,0.8027361035346985,0.8797882199287415,,
KPC3_0495,0.3623872697353363,0.8708562850952148,0.8734563589096069,,
KPC3_0499,0.29373693466186523,0.8488729596138,0.8913276195526123,,
KPC3_0502,0.28166210651397705,0.8455117344856262,0.9061075448989868,,
KPC3_0503,0.37911456823349,0.8685639500617981,0.910737156867981,,
KPC3_0504,0.2970269024372101,0.8283476233482361,0.8926063179969788,,
KPC3_0512,0.3418593108654022,0.8665736317634583,0.8735701441764832,,
KPC3_0517,0.3858782947063446,0.8136599659919739,0.8680347204208374,,
KPC3_0519,0.7967286705970764,0.9281057119369507,0.8959423303604126,,
KPC3_0521,0.560311496257782,0.9301689267158508,0.9257568120956421,,
KPC3_0521_2,0.560311496257782,0.9301689267158508,0.9257568120956421,,
KPC3_0521_3,0.8882618546485901,0.9551547765731812,0.9145533442497253,,
KPC3_0521_4,0.46356290578842163,0.9209873676300049,0.9251936078071594,,
KPC3_0522,0.8491508960723877,0.9594634175300598,0.9347270727157593,,
KPC3_0523,0.8336147665977478,0.9611807465553284,0.9233993887901306,,
KPC3_0524,0.42235425114631653,0.9004408717155457,0.9241616129875183,,
KPC3_0527,0.8175945281982422,0.9608455896377563,0.9234077334403992,,
KPC3_0529,0.7985588908195496,0.9528374671936035,0.9265870451927185,,
KPC3_0530,0.360723078250885,0.875469446182251,0.90959233045578,,
KPC3_0533,0.2957109212875366,0.8422698378562927,0.8987133502960205,,
KPC3_0536,0.2692134380340576,0.7723060250282288,0.8778043985366821,,
KPC3_0542,0.6003952622413635,0.9131125807762146,0.9237435460090637,,
KPC3_0544,0.7205620408058167,0.9448758363723755,0.9256003499031067,,
KPC3_0547,0.8023034930229187,0.9552145600318909,0.9231666326522827,,
KPC3_0553,0.8537918925285339,0.9515841007232666,0.9050197005271912,,
KPC3_0555,0.40843990445137024,0.9179269075393677,0.9179048538208008,,
KPC3_0559,0.8416964411735535,0.945371150970459,0.913267195224762,,
KPC3_0569,0.6117353439331055,0.9380823373794556,0.9204491376876831,,
KPC3_0571,0.7933294773101807,0.9488159418106079,0.9109835624694824,,
KPC3_0576,0.48771101236343384,0.8949342966079712,0.9103991985321045,,
KPC3_0578,0.5292459726333618,0.9210454821586609,0.9163942337036133,,
KPC3_0580,0.5629720687866211,0.9107502698898315,0.8832150101661682,,
KPC3_0581,0.814789354801178,0.9466184973716736,0.8679463267326355,,
KPC3_0587,0.8210123181343079,0.9450865983963013,0.9080557227134705,,
KPC3_0588,0.7940143346786499,0.9499564170837402,0.8865436911582947,,
KPC3_0590,0.7018893361091614,0.9118562340736389,0.8929733037948608,,
KPC3_0593,0.4602309465408325,0.8428943753242493,0.8707643747329712,,
KPC3_0594,0.29830893874168396,0.8581651449203491,0.9266946315765381,,
KPC3_0595,0.6442339420318604,0.9128042459487915,0.9262852668762207,,
KPC3_0599,0.7484997510910034,0.8987664580345154,0.8818075656890869,,
KPC3_0602,0.7036998271942139,0.9001281261444092,0.8932877779006958,,
KPC3_0602_2,0.7036998271942139,0.9001281261444092,0.8932877779006958,,
KPC3_0602_3,0.9015331864356995,0.9577280879020691,0.8920349478721619,,
KPC3_0602_4,0.5562665462493896,0.9221346378326416,0.8899340033531189,,
KPC3_0605,0.40741124749183655,0.9131641387939453,0.888476550579071,,
KPC3_0610,0.6952478289604187,0.9452717900276184,0.9200807213783264,,
KPC3_0613,0.4262998104095459,0.9263872504234314,0.9051808714866638,,
KPC3_0616,0.6127763390541077,0.9395370483398438,0.9064159989356995,,
KPC3_0619,0.7277875542640686,0.9355009198188782,0.925362229347229,,
KPC3_0620,0.32294973731040955,0.8603110909461975,0.8934510350227356,,
KPC3_0623,0.3651622235774994,0.8796222805976868,0.8839151263237,,
KPC3_0624,0.420391708612442,0.8459703326225281,0.8798000812530518,,
KPC3_0625,0.5353653430938721,0.8617284297943115,0.8564348220825195,,
KPC3_0626,0.22911536693572998,0.8614052534103394,0.9190599918365479,,
KPC3_0633,0.34726911783218384,0.8284299969673157,0.8638160228729248,,
KPC3_0638,0.3402249813079834,0.8287324905395508,0.8992394208908081,,
KPC3_0639,0.5289629697799683,0.8719021677970886,0.9094163775444031,,
KPC3_0641,0.6495070457458496,0.9208075404167175,0.8979905843734741,,
KPC3_0641_2,0.6495070457458496,0.9208075404167175,0.8979905843734741,,
KPC3_0641_3,0.469978928565979,0.9016044735908508,0.8923789858818054,,
KPC3_0641_4,0.6675729155540466,0.9144152998924255,0.907053530216217,,
KPC3_0643,0.6195169687271118,0.9389804005622864,0.9023208022117615,,
KPC3_0644,0.4981505572795868,0.925966739654541,0.9023250937461853,,
KPC3_0645,0.7515103816986084,0.9435474872589111,0.9123532772064209,,
KPC3_0650,0.34837719798088074,0.7902559638023376,0.863384485244751,,
KPC3_0652,0.6539258360862732,0.9100778698921204,0.8717946410179138,,
KPC3_0655,0.3840242624282837,0.8641259670257568,0.8974325060844421,,
KPC3_0656,0.5235982537269592,0.8679074645042419,0.9309067726135254,,
KPC3_0658,0.33093178272247314,0.8743593096733093,0.8898568153381348,,
KPC3_0661,0.43956393003463745,0.8827341794967651,0.8623895645141602,,
KPC3_0662,0.6262108087539673,0.9254770874977112,0.8890358209609985,,
KPC3_0664,0.39620018005371094,0.8900672197341919,0.8919917941093445,,
KPC3_0664_2,0.39620018005371094,0.8900672197341919,0.8919917941093445,,
KPC3_0664_3,0.24086406826972961,0.8689360022544861,0.8794839978218079,,
KPC3_0664_4,0.16258521378040314,0.8564262986183167,0.8853886723518372,,
KPC3_0665,0.2993048131465912,0.8700503706932068,0.9141715168952942,,
KPC3_0667,0.28753241896629333,0.8799117803573608,0.8899766802787781,,
KPC3_0671,0.3646494448184967,0.8806868195533752,0.8894058465957642,,
KPC3_0673,0.6462522149085999,0.910520613193512,0.8697837591171265,,
KPC3_0675,0.33434104919433594,0.8637352585792542,0.8867432475090027,,
KPC3_0683,0.7884093523025513,0.9379404783248901,0.8928408026695251,,
KPC3_0686,0.40999835729599,0.8960855007171631,0.9188666939735413,,
KPC3_0687,0.24398735165596008,0.8541089296340942,0.8844923973083496,,
KPC3_0688,0.48556920886039734,0.8816376328468323,0.868670642375946,,
KPC3_0689_2,0.17465975880622864,0.8622612953186035,0.9364894032478333,,
KPC3_0689_3,0.22683820128440857,0.8528307676315308,0.9437915682792664,,
KPC3_0689_4,0.19893649220466614,0.81557297706604,0.9340155124664307,,
KPC3_0690,0.44043636322021484,0.8776502013206482,0.9046304225921631,,
KPC3_0693,0.25126907229423523,0.8505687713623047,0.8765802383422852,,
KPC3_0702,0.7460616230964661,0.9294542074203491,0.8989265561103821,,
KPC3_0705,0.5652979612350464,0.9319980144500732,0.9151924848556519,,
KPC3_0708,0.5312557816505432,0.9295468330383301,0.9140620827674866,,
KPC3_0710,0.4368409812450409,0.8618494868278503,0.9040578007698059,,
KPC3_0711,0.43108516931533813,0.8910009860992432,0.9262788891792297,,
KPC3_0712,0.6042818427085876,0.9092329740524292,0.9143856763839722,,
KPC3_0715,0.3414156138896942,0.8728545904159546,0.9152622222900391,,
KPC3_0722,0.8461663126945496,0.943058967590332,0.8871858716011047,,
KPC3_0726,0.8540855646133423,0.9467992186546326,0.8976141810417175,,
KPC3_0730,0.34055325388908386,0.9046018123626709,0.8869112133979797,,
KPC3_0732,0.6012229323387146,0.913562536239624,0.9079416394233704,,
KPC3_0733,0.6850306391716003,0.934900164604187,0.9091082215309143,,
KPC3_0734,0.8431527614593506,0.9341877102851868,0.8826175928115845,,
KPC3_0735,0.6951634883880615,0.93111652135849,0.872883141040802,,
KPC3_0736,0.4566236436367035,0.9085065722465515,0.8808807134628296,,
KPC3_0737,0.6704344749450684,0.917750358581543,0.9005848169326782,,
KPC3_0739,0.891455888748169,0.9458889365196228,0.9086493849754333,,
KPC3_0740,0.47116073966026306,0.8581278324127197,0.9215788245201111,,
KPC3_0741,0.5641949772834778,0.8897193670272827,0.8835674524307251,,
KPC3_0742,0.2634529173374176,0.8641385436058044,0.9182474613189697,,
KPC3_0746,0.33199355006217957,0.8768154978752136,0.9290935397148132,,
KPC3_0748,0.730771005153656,0.9242568016052246,0.9136837720870972,,
KPC3_0758,0.15523524582386017,0.8363221883773804,0.9236490726470947,,
KPC3_0761,0.31373584270477295,0.8149535059928894,0.9120020866394043,,
KPC3_0764,0.21604037284851074,0.8444716334342957,0.9105536937713623,,
KPC3_0766,0.8547495603561401,0.8621443510055542,0.9464499950408936,,
KPC3_0773,0.33267533779144287,0.8166926503181458,0.8872740864753723,,
KPC3_0774,0.21871456503868103,0.8587575554847717,0.9116554856300354,,
KPC3_0784,0.7930169701576233,0.9126058220863342,0.8929793834686279,,
KPC3_0786,0.5906825065612793,0.9154263734817505,0.9095399379730225,,
KPC3_0789,0.6135554909706116,0.9050328731536865,0.9020714163780212,,
KPC3_0791,0.44931480288505554,0.9097592830657959,0.8873381018638611,,
KPC3_0792,0.4601145088672638,0.9099496006965637,0.8975959420204163,,
KPC3_0793,0.6320304870605469,0.913628876209259,0.8879655599594116,,
KPC3_0794,0.5789148211479187,0.8405097126960754,0.8942676186561584,,
KPC3_0794_2,0.5789148211479187,0.8405097126960754,0.8942676186561584,,
KPC3_0794_3,0.7107283473014832,0.9276168346405029,0.8972098231315613,,
KPC3_0794_4,0.5866758823394775,0.9277083873748779,0.9032158255577087,,
KPC3_0796,0.4838722348213196,0.9152357578277588,0.8901751041412354,,
KPC3_0797,0.7279817461967468,0.9106068015098572,0.8943053483963013,,
KPC3_0800,0.8293650150299072,0.9386298060417175,0.9144688844680786,,
KPC3_0802,0.7914988994598389,0.954008162021637,0.91522216796875,,
KPC3_0805,0.8541925549507141,0.9527580142021179,0.9113478660583496,,
KPC3_0807,0.9274474382400513,0.964605987071991,0.9196884632110596,,
KPC3_0808,0.5712056756019592,0.9456878304481506,0.9129062294960022,,
KPC3_0808_2,0.5712056756019592,0.9456878304481506,0.9129062294960022,,
KPC3_0808_3,0.49729081988334656,0.9234129786491394,0.9175373315811157,,
KPC3_0808_4,0.5288407206535339,0.9401699304580688,0.9222438335418701,,
KPC3_0809,0.6827934384346008,0.9506790637969971,0.9018818140029907,,
KPC3_0812,0.32814133167266846,0.8118362426757812,0.9267906546592712,,
KPC3_0816,0.19934235513210297,0.8525990843772888,0.9247579574584961,,
KPC3_0818,0.6244029402732849,0.9037579298019409,0.8986195921897888,,
KPC3_0820,0.48641732335090637,0.9297115802764893,0.8978117108345032,,
KPC3_0822,0.4907791018486023,0.9315134286880493,0.8961799144744873,,
KPC3_0831,0.6124016642570496,0.9153029918670654,0.9076525568962097,,
KPC3_0833,0.3810843527317047,0.9036954641342163,0.9079568386077881,,
KPC3_0834,0.8962463140487671,0.951744794845581,0.8899071216583252,,
KPC3_0840,0.791364848613739,0.9386796951293945,0.9047411680221558,,
KPC3_0841,0.44501909613609314,0.9351197481155396,0.9161749482154846,,
KPC3_0844,0.7346864342689514,0.9485432505607605,0.9079365134239197,,
KPC3_0845,0.8117220997810364,0.9529616236686707,0.9159186482429504,,
KPC3_0846,0.6507050395011902,0.9192365407943726,0.9093141555786133,,
KPC3_0852,0.6917770504951477,0.8692427277565002,0.8910359144210815,,
KPC3_0853,0.6970890760421753,0.933709979057312,0.8947791457176208,,
KPC3_0854,0.23169730603694916,0.860922634601593,0.8921926617622375,,
KPC3_0861,0.23641882836818695,0.7744931578636169,0.9108590483665466,,
KPC3_0862,0.22125856578350067,0.8376001119613647,0.9048231840133667,,
KPC3_0863,0.4348468482494354,0.8718977570533752,0.8814926147460938,,
KPC3_0865,0.38956668972969055,0.867566704750061,0.8858766555786133,,
KPC3_0866,0.7368000745773315,0.9281109571456909,0.9310449957847595,,
KPC3_0868,0.2505379021167755,0.848453164100647,0.8529016971588135,,
KPC3_0872,0.33817777037620544,0.8041402101516724,0.9190993905067444,,
KPC3_0873,0.24645157158374786,0.8500705361366272,0.909076452255249,,
KPC3_0874,0.25636112689971924,0.8338219523429871,0.8875827193260193,,
KPC3_0875,0.22465023398399353,0.8455120325088501,0.8922325372695923,,
KPC3_0878,0.3988848328590393,0.8767315745353699,0.8717494010925293,,
KPC3_0880,0.8932608962059021,0.9391472339630127,0.9008845686912537,,
KPC3_0882,0.5700980424880981,0.9110835194587708,0.8793944120407104,,
KPC3_0883,0.3393966853618622,0.8964346647262573,0.9165897965431213,,
KPC3_0884,0.38325464725494385,0.8710209131240845,0.9116281270980835,,
KPC3_0885,0.8053662180900574,0.9330832362174988,0.8899127244949341,,
KPC3_0891,0.5159001350402832,0.9045687317848206,0.9037594795227051,,
KPC3_0896,0.7089090347290039,0.9378730654716492,0.9115442037582397,,
KPC3_0905,0.945091962814331,0.9700223803520203,0.9131428599357605,,
KPC3_0908,0.8846213817596436,0.9455030560493469,0.9028152227401733,,
KPC3_0909,0.5087786316871643,0.8781733512878418,0.9081443548202515,,
KPC3_0911,0.47608286142349243,0.8916406035423279,0.8561394214630127,,
KPC3_0916,0.6091250777244568,0.8963768482208252,0.8844240307807922,,
KPC3_0918,0.28766730427742004,0.7988317608833313,0.8824406862258911,,
KPC3_0920,0.6494952440261841,0.9300658106803894,0.9038544297218323,,
KPC3_0922,0.2858375608921051,0.8831197023391724,0.8984071016311646,,
KPC3_0927,0.3879718482494354,0.8806575536727905,0.8797357082366943,,
KPC3_0929,0.5037477016448975,0.8908481001853943,0.9038467407226562,,
KPC3_0933,0.6595169901847839,0.849534809589386,0.931073009967804,,
KPC3_0934,0.4462689459323883,0.8782883286476135,0.8682588934898376,,
KPC3_0935,0.2730858325958252,0.863694965839386,0.9228312969207764,,
KPC3_0937,0.2473669946193695,0.8509067296981812,0.9167108535766602,,
KPC3_0941,0.7557321786880493,0.9538511037826538,0.913852870464325,,
KPC3_0941_2,0.7367647290229797,0.9426738619804382,0.8897682428359985,,
KPC3_0941_3,0.7773146629333496,0.9448153376579285,0.8912053108215332,,
KPC3_0941_4,0.7970108985900879,0.9430220723152161,0.9022749662399292,,
KPC3_0944,0.5363209843635559,0.9263837933540344,0.9092758297920227,,
KPC3_0945,0.6901317834854126,0.9391907453536987,0.9031873941421509,,
KPC3_0948,0.7450774312019348,0.9453300833702087,0.9059857130050659,,
KPC3_0950,0.793617308139801,0.9269862771034241,0.8630743622779846,,
KPC3_0951,0.4304400682449341,0.8367561101913452,0.9100940227508545,,
KPC3_0953,0.4685313403606415,0.8658252954483032,0.8732922077178955,,
KPC3_0958,0.7961395382881165,0.930344820022583,0.9253305792808533,,
KPC3_0961,0.6056852340698242,0.9119805693626404,0.9141559600830078,,
KPC3_0962,0.7737511992454529,0.9257290363311768,0.8809399008750916,,
KPC3_0963,0.3675260543823242,0.878219723701477,0.8976352214813232,,
KPC3_0965,0.3278122842311859,0.8531400561332703,0.8920626640319824,,
KPC3_0967,0.7819332480430603,0.9383964538574219,0.9039466381072998,,
KPC3_0968,0.6634780764579773,0.8943725824356079,0.8736565113067627,,
KPC3_0971,0.8420916795730591,0.9588977694511414,0.9230995178222656,,
KPC3_0971_2,0.8420916795730591,0.9588977694511414,0.9230995178222656,,
KPC3_0971_3,0.8272181153297424,0.9540541172027588,0.9049211144447327,,
KPC3_0971_4,0.741736888885498,0.9283705353736877,0.9050185084342957,,
KPC3_0972,0.5657451152801514,0.9269999861717224,0.937979519367218,,
KPC3_0972_2,0.5657451152801514,0.9269999861717224,0.937979519367218,,
KPC3_0972_3,0.6548049449920654,0.933602511882782,0.9341251254081726,,
KPC3_0972_4,0.5103170275688171,0.9251546859741211,0.9357015490531921,,
KPC3_0977,0.7594497203826904,0.9362782835960388,0.9267415404319763,,
KPC3_0979,0.7556744813919067,0.9514554142951965,0.9151315093040466,,
KPC3_0980,0.6493960618972778,0.9173930883407593,0.8836774230003357,,
KPC3_0985,0.656227171421051,0.8903700113296509,0.8787922263145447,,
KPC3_0987,0.49102655053138733,0.8993944525718689,0.9160593748092651,,
KPC3_0987_2,0.49102655053138733,0.8993944525718689,0.9160593748092651,,
KPC3_0987_3,0.2895563840866089,0.89066082239151,0.9173651933670044,,
KPC3_0987_4,0.4065566658973694,0.9040064811706543,0.9138498306274414,,
KPC3_0989,0.21555590629577637,0.8807412385940552,0.9064270853996277,,
KPC3_0992,0.6442501544952393,0.903131902217865,0.9023823142051697,,
KPC3_0995,0.8343596458435059,0.9478683471679688,0.8627033233642578,,
KPC3_0999,0.7903850078582764,0.9387023448944092,0.9000727534294128,,
KPC3_0_1,0.9102008938789368,0.949157178401947,0.9085429310798645,,
KPC3_0_8,0.6221893429756165,0.927733302116394,0.9203609228134155,,
KPC3_1000,0.859590470790863,0.9488970041275024,0.9044268727302551,,
KPC3_1000_2,0.859590470790863,0.9488970041275024,0.9044268727302551,,
KPC3_1000_3,0.8413979411125183,0.9594863653182983,0.8979080319404602,,
KPC3_1000_4,0.41743236780166626,0.8895502686500549,0.9034299850463867,,
KPC3_1006,0.8615930676460266,0.9416022300720215,0.9088366627693176,,
KPC3_1007,0.4556227922439575,0.9086241126060486,0.9047023057937622,,
KPC3_1008,0.7833953499794006,0.9543112516403198,0.916309654712677,,
KPC3_1012,0.8322339057922363,0.9503809809684753,0.911927342414856,,
KPC3_1015,0.3750220835208893,0.9101151823997498,0.8801102638244629,,
KPC3_101_0,0.9046106338500977,0.9463495016098022,0.8906997442245483,,
KPC3_101_8,0.7332345843315125,0.9189500212669373,0.8969050049781799,,
KPC3_1025,0.34944936633110046,0.8840561509132385,0.9019606709480286,,
KPC3_1026,0.2882104814052582,0.8082318305969238,0.8792517781257629,,
KPC3_1027,0.41334035992622375,0.8786882162094116,0.9250602126121521,,
KPC3_1031,0.28907737135887146,0.8687661290168762,0.8992081880569458,,
KPC3_1031_2,0.28907737135887146,0.8687661290168762,0.8992081880569458,,
KPC3_1031_3,0.24834175407886505,0.8708180785179138,0.9032876491546631,,
KPC3_1031_4,0.4097878932952881,0.8753505945205688,0.9045443534851074,,
KPC3_1032,0.3166688084602356,0.8821719288825989,0.897017776966095,,
KPC3_1032_2,0.3166688084602356,0.8821719288825989,0.897017776966095,,
KPC3_1032_3,0.3876415491104126,0.8851730227470398,0.9031290411949158,,
KPC3_1032_4,0.288483202457428,0.8681269288063049,0.9002145528793335,,
KPC3_1035,0.7329373955726624,0.9240531325340271,0.8937565088272095,,
KPC3_1037,0.21436287462711334,0.8674142360687256,0.9092653393745422,,
KPC3_103_6,0.4139311909675598,0.891488790512085,0.8980202674865723,,
KPC3_1042,0.3267362713813782,0.8738498687744141,0.8769189715385437,,
KPC3_1044,0.5725703835487366,0.9102352857589722,0.8785576224327087,,
KPC3_104_7,0.491474986076355,0.8601552248001099,0.8986084461212158,,
KPC3_1050,0.3704169988632202,0.8908307552337646,0.8999511003494263,,
KPC3_1051,0.6555150151252747,0.8952418565750122,0.89002925157547,,
KPC3_1052,0.8359975218772888,0.9423078894615173,0.8948216438293457,,
KPC3_1054,0.6353377103805542,0.9324045181274414,0.9066646099090576,,
KPC3_1059,0.7100093960762024,0.9305012226104736,0.9025224447250366,,
KPC3_105_5,0.4704296588897705,0.8970328569412231,0.896149218082428,,
KPC3_105_9,0.3004486560821533,0.9035987257957458,0.9234897494316101,,
KPC3_1061,0.37822484970092773,0.8778517842292786,0.8931679129600525,,
KPC3_1063,0.46689245104789734,0.893283486366272,0.9068101048469543,,
KPC3_1066,0.5121920704841614,0.8815497756004333,0.8826891183853149,,
KPC3_1068,0.14293219149112701,0.8598496317863464,0.9050329327583313,,
KPC3_1069,0.8183192610740662,0.9469194412231445,0.9069201946258545,,
KPC3_106_1,0.5303702354431152,0.9146919846534729,0.8951428532600403,,
KPC3_106_7,0.32951053977012634,0.8997693061828613,0.9154133796691895,,
KPC3_1074,0.6106484532356262,0.9365403056144714,0.9122810363769531,,
KPC3_1074_2,0.6106484532356262,0.9365403056144714,0.9122810363769531,,
KPC3_1074_3,0.8466987609863281,0.9528244733810425,0.922478437423706,,
KPC3_1074_4,0.8620998859405518,0.9380906820297241,0.9263119697570801,,
KPC3_1075,0.7185961604118347,0.9391424059867859,0.9141276478767395,,
KPC3_1076,0.7278910279273987,0.9472394585609436,0.8920008540153503,,
KPC3_1078,0.7679126858711243,0.9387132525444031,0.9061386585235596,,
KPC3_1083,0.764163613319397,0.9426062703132629,0.9005327820777893,,
KPC3_1086,0.6916120052337646,0.9319549798965454,0.9224957227706909,,
KPC3_1086_2,0.6916120052337646,0.9319549798965454,0.9224957227706909,,
KPC3_1086_3,0.45156431198120117,0.9185444712638855,0.9152452349662781,,
KPC3_1086_4,0.7019228935241699,0.9396036863327026,0.9265800714492798,,
KPC3_1087,0.652971625328064,0.9237685799598694,0.9102591276168823,,
KPC3_1088,0.589844286441803,0.9332721829414368,0.887611448764801,,
KPC3_108_0,0.3111109137535095,0.920272171497345,0.9203212857246399,,
KPC3_1091,0.5000644326210022,0.8859012126922607,0.9278083443641663,,
KPC3_1094,0.3127474784851074,0.7690935134887695,0.8777194023132324,,
KPC3_1097,0.34911635518074036,0.83392733335495,0.8950921297073364,,
KPC3_109_1,0.3954141438007355,0.735262393951416,0.8907310366630554,,
KPC3_109_3,0.41017958521842957,0.8685585856437683,0.8878880143165588,,
KPC3_109_8,0.4361664652824402,0.8452342748641968,0.8863429427146912,,
KPC3_1102,0.9055491089820862,0.9628246426582336,0.9227345585823059,,
KPC3_1104,0.44649139046669006,0.921934962272644,0.8949387073516846,,
KPC3_1106,0.6783713698387146,0.9403901696205139,0.896299421787262,,
KPC3_110_3,0.5526362657546997,0.858947217464447,0.8961708545684814,,
KPC3_110_4,0.9010363817214966,0.9341211915016174,0.9549369812011719,,
KPC3_1111,0.3877972364425659,0.8903045654296875,0.9256881475448608,,
KPC3_1114,0.4613223075866699,0.8609116673469543,0.8837808966636658,,
KPC3_1115,0.3240397870540619,0.8706839084625244,0.9200060963630676,,
KPC3_1117,0.33749836683273315,0.8693776726722717,0.8688743114471436,,
KPC3_1119,0.583861231803894,0.8766535520553589,0.8556392192840576,,
KPC3_1119_2,0.583861231803894,0.8766535520553589,0.8556392192840576,,
KPC3_1119_3,0.5234227180480957,0.8362666964530945,0.8559699654579163,,
KPC3_1119_4,0.4947519898414612,0.8572275638580322,0.8546472191810608,,
KPC3_111_4,0.2602117657661438,0.8496410846710205,0.9117351770401001,,
KPC3_111_7,0.2890901267528534,0.8081048727035522,0.8740900754928589,,
KPC3_111_8,0.37375789880752563,0.8423417806625366,0.872343897819519,,
KPC3_111_9,0.2931499481201172,0.8272706866264343,0.8898047208786011,,
KPC3_1120,0.8077319264411926,0.9163838624954224,0.8575971126556396,,
KPC3_1121,0.4241623878479004,0.9085862636566162,0.8804247379302979,,
KPC3_1122,0.42013540863990784,0.8718286156654358,0.8960326910018921,,
KPC3_1123,0.26455891132354736,0.8859996795654297,0.8902382850646973,,
KPC3_1124,0.8134889006614685,0.9379331469535828,0.8744455575942993,,
KPC3_1127,0.4398234188556671,0.8845775723457336,0.8879061937332153,,
KPC3_1128,0.7264646887779236,0.9294429421424866,0.8814084529876709,,
KPC3_1129,0.6435937285423279,0.9235410690307617,0.8846660852432251,,
KPC3_112_2,0.9051616787910461,0.9517133235931396,0.9259231686592102,,
KPC3_113_3,0.5977702140808105,0.9256505370140076,0.904727578163147,,
KPC3_1140,0.4221968650817871,0.8812801241874695,0.9386255741119385,,
KPC3_1141,0.630285918712616,0.8893174529075623,0.874458909034729,,
KPC3_1143,0.44978946447372437,0.8930015563964844,0.9135306477546692,,
KPC3_1143_2,0.44978946447372437,0.8930015563964844,0.9135306477546692,,
KPC3_1143_3,0.3648544251918793,0.8882113099098206,0.9229259490966797,,
KPC3_1143_4,0.587242066860199,0.9040834307670593,0.916060209274292,,
KPC3_1147,0.32552164793014526,0.8701142072677612,0.8765688538551331,,
KPC3_1148,0.44658786058425903,0.8690876960754395,0.8786036372184753,,
KPC3_115_1,0.7655482292175293,0.9359267354011536,0.9192225933074951,,
KPC3_1161,0.609006941318512,0.9421960115432739,0.901203453540802,,
KPC3_1162,0.6863744854927063,0.9415450692176819,0.8904435038566589,,
KPC3_1164,0.601597249507904,0.9241745471954346,0.9177852272987366,,
KPC3_1165,0.8153523802757263,0.9545080661773682,0.9260084629058838,,
KPC3_1166,0.7527491450309753,0.9263830184936523,0.9382504224777222,,
KPC3_1168,0.7541555762290955,0.9473310112953186,0.9080026149749756,,
KPC3_116_0,0.5056177377700806,0.9124247431755066,0.9104195237159729,,
KPC3_116_2,0.663162112236023,0.9312686920166016,0.9173616170883179,,
KPC3_1172,0.48358848690986633,0.8814310431480408,0.8882902264595032,,
KPC3_1175,0.7596803307533264,0.9371193051338196,0.8828265070915222,,
KPC3_117_8,0.30271583795547485,0.8318923115730286,0.8742350935935974,,
KPC3_1184,0.6207028031349182,0.9322147965431213,0.911530613899231,,
KPC3_1187,0.49423947930336,0.8788108229637146,0.8961039781570435,,
KPC3_1188,0.29720982909202576,0.9038846492767334,0.914904773235321,,
KPC3_1192,0.7261218428611755,0.9326570630073547,0.8945707082748413,,
KPC3_1195,0.5786483883857727,0.9059922099113464,0.8918735980987549,,
KPC3_1196,0.5532428622245789,0.9047343730926514,0.8872547745704651,,
KPC3_1197,0.7852266430854797,0.9324880838394165,0.9388782978057861,,
KPC3_1198,0.6075562238693237,0.9113315343856812,0.8626961708068848,,
KPC3_1198_2,0.6075562238693237,0.9113315343856812,0.8626961708068848,,
KPC3_1198_3,0.6547178030014038,0.9161843657493591,0.8780132532119751,,
KPC3_1198_4,0.41600292921066284,0.8967199325561523,0.8699439167976379,,
KPC3_119_3,0.696885883808136,0.9130305051803589,0.8905447721481323,,
KPC3_119_8,0.6395884156227112,0.9136145114898682,0.9149824976921082,,
KPC3_1200,0.6765047311782837,0.9262992739677429,0.8680071234703064,,
KPC3_1201,0.6937652826309204,0.9416698217391968,0.9045414328575134,,
KPC3_1201_2,0.6937652826309204,0.9416698217391968,0.9045414328575134,,
KPC3_1201_3,0.3401451110839844,0.9045171141624451,0.90177983045578,,
KPC3_1201_4,0.20816771686077118,0.892085611820221,0.8954163789749146,,
KPC3_1205,0.7883657813072205,0.9504358172416687,0.8894448280334473,,
KPC3_1209,0.31362566351890564,0.9053016304969788,0.8904831409454346,,
KPC3_120_0,0.47827690839767456,0.8705933094024658,0.8977473378181458,,
KPC3_120_6,0.6741589903831482,0.916782796382904,0.9050722122192383,,
KPC3_1212,0.6597857475280762,0.9206327795982361,0.8846467137336731,,
KPC3_1213,0.744903564453125,0.918936014175415,0.8824567198753357,,
KPC3_1215,0.5746877789497375,0.9200050830841064,0.8942837715148926,,
KPC3_1217,0.5870857834815979,0.9159117341041565,0.8574754595756531,,
KPC3_121_1,0.2929019629955292,0.8617916107177734,0.9076308012008667,,
KPC3_121_3,0.573653519153595,0.9192824959754944,0.9065342545509338,,
KPC3_1223,0.6265039443969727,0.8977326154708862,0.9043527841567993,,
KPC3_1224,0.5318860411643982,0.9131981730461121,0.8929762244224548,,
KPC3_1225,0.5075139999389648,0.9114609360694885,0.8982146978378296,,
KPC3_1225_2,0.5075139999389648,0.9114609360694885,0.8982146978378296,,
KPC3_1225_3,0.4396466910839081,0.9176981449127197,0.9030231237411499,,
KPC3_1225_4,0.7040553689002991,0.9342058300971985,0.899826169013977,,
KPC3_1226,0.6680721640586853,0.9329951405525208,0.9009625911712646,,
KPC3_1227,0.652446985244751,0.9284172654151917,0.8927432298660278,,
KPC3_1228,0.8421295881271362,0.9499983191490173,0.9077991247177124,,
KPC3_1229,0.6106369495391846,0.9085565209388733,0.8878148198127747,,
KPC3_122_2,0.46157318353652954,0.8824822306632996,0.8759261965751648,,
KPC3_122_3,0.5680563449859619,0.9000145196914673,0.8868181705474854,,
KPC3_122_7,0.19344080984592438,0.8539994955062866,0.9132009744644165,,
KPC3_1233,0.6222607493400574,0.9109863042831421,0.9281249046325684,,
KPC3_1238,0.2559663951396942,0.8780612945556641,0.8746033906936646,,
KPC3_1241,0.5516001582145691,0.9016576409339905,0.856028139591217,,
KPC3_1244,0.4842582941055298,0.8945035338401794,0.9026654362678528,,
KPC3_1246,0.5656692385673523,0.9013795852661133,0.8806940317153931,,
KPC3_1247,0.36848166584968567,0.8600233197212219,0.9206031560897827,,
KPC3_1247_2,0.36848166584968567,0.8600233197212219,0.9206031560897827,,
KPC3_1247_3,0.32730430364608765,0.8679933547973633,0.9233435392379761,,
KPC3_1247_4,0.329601526260376,0.881665825843811,0.9293721318244934,,
KPC3_1248,0.2602054178714752,0.8736143112182617,0.8912058472633362,,
KPC3_124_2,0.3595311939716339,0.8917495012283325,0.8912570476531982,,
KPC3_1251,0.5512169003486633,0.892045259475708,0.9166837334632874,,
KPC3_1252,0.6205211281776428,0.9034172296524048,0.8824884295463562,,
KPC3_1257,0.6637386083602905,0.8851112723350525,0.9292123913764954,,
KPC3_1258,0.4804077744483948,0.8934285044670105,0.8620978593826294,,
KPC3_125_1,0.6419281959533691,0.8677199482917786,0.907353937625885,,
KPC3_125_3,0.8282256722450256,0.9562903046607971,0.9398244023323059,,
KPC3_125_5,0.831664502620697,0.9537844657897949,0.9547712206840515,,
KPC3_125_8,0.8919051885604858,0.9492853283882141,0.9348140358924866,,
KPC3_1263,0.7291094064712524,0.9193742275238037,0.863713264465332,,
KPC3_1263_2,0.7291094064712524,0.9193742275238037,0.863713264465332,,
KPC3_1263_3,0.5795422792434692,0.9110129475593567,0.8743478059768677,,
KPC3_1263_4,0.5218203663825989,0.9066199660301208,0.875252366065979,,
KPC3_1265,0.3550020456314087,0.8307521343231201,0.9011818170547485,,
KPC3_1268,0.6216194033622742,0.9078726172447205,0.8863561749458313,,
KPC3_126_0,0.5578244924545288,0.9041444063186646,0.8999031782150269,,
KPC3_126_1,0.2300937920808792,0.8908419013023376,0.8927512168884277,,
KPC3_126_3,0.4526759088039398,0.9028686881065369,0.9051846265792847,,
KPC3_126_4,0.5887469053268433,0.9222986698150635,0.9073266983032227,,
KPC3_126_5,0.34347665309906006,0.8933568000793457,0.9067695140838623,,
KPC3_126_6,0.319013774394989,0.9032399654388428,0.9190126657485962,,
KPC3_126_7,0.5827716588973999,0.9207710027694702,0.8933219313621521,,
KPC3_126_8,0.6454662084579468,0.9259839057922363,0.9203294515609741,,
KPC3_1270,0.3762008547782898,0.8042550086975098,0.8912686109542847,,
KPC3_1271,0.23937883973121643,0.8525658249855042,0.8907464742660522,,
KPC3_1274,0.286354660987854,0.8682979941368103,0.9304344058036804,,
KPC3_1275,0.1819717437028885,0.8501774072647095,0.9099466800689697,,
KPC3_1279,0.320330411195755,0.8493744134902954,0.9204074144363403,,
KPC3_127_1,0.5307694673538208,0.8530371189117432,0.8770610094070435,,
KPC3_127_2,0.6830938458442688,0.8726933598518372,0.8797256946563721,,
KPC3_127_5,0.492247611284256,0.8835566639900208,0.8795066475868225,,
KPC3_127_6,0.7467653155326843,0.9347890615463257,0.9053424596786499,,
KPC3_127_8,0.2694866359233856,0.8782616853713989,0.900357186794281,,
KPC3_127_9,0.3220070004463196,0.8604429960250854,0.8927182555198669,,
KPC3_1280,0.5172050595283508,0.8845969438552856,0.9213677644729614,,
KPC3_1281,0.4044530987739563,0.8649482727050781,0.8789626955986023,,
KPC3_1283,0.5483672022819519,0.8793194890022278,0.8971146941184998,,
KPC3_1284,0.6043021082878113,0.8898187875747681,0.9236155152320862,,
KPC3_128_9,0.585195779800415,0.8896939158439636,0.8560190796852112,,
KPC3_1294,0.3691421449184418,0.8440902829170227,0.8932205438613892,,
KPC3_1295,0.4195249378681183,0.880696177482605,0.9179854989051819,,
KPC3_1297,0.7305277585983276,0.9304954409599304,0.9318472146987915,,
KPC3_129_0,0.26522278785705566,0.8466504812240601,0.9017102122306824,,
KPC3_129_1,0.2128433734178543,0.840549886226654,0.9174997806549072,,
KPC3_129_2,0.22878162562847137,0.751613438129425,0.9061661958694458,,
KPC3_129_4,0.09049680829048157,0.8428635001182556,0.9236302375793457,,
KPC3_129_6,0.2163708359003067,0.8424479365348816,0.8948056101799011,,
KPC3_1300,0.22765132784843445,0.8683367371559143,0.9265277981758118,,
KPC3_1304,0.4513220191001892,0.8649846315383911,0.8718701004981995,,
KPC3_1308,0.5107149481773376,0.8410916328430176,0.8850438594818115,,
KPC3_130_1,0.29913780093193054,0.8730751276016235,0.8954038619995117,,
KPC3_130_2,0.34985944628715515,0.8832672238349915,0.8879528045654297,,
KPC3_130_3,0.3002351224422455,0.8285971283912659,0.8979600071907043,,
KPC3_130_4,0.394122451543808,0.8602771162986755,0.9132556319236755,,
KPC3_130_8,0.6475599408149719,0.8739069700241089,0.9027528166770935,,
KPC3_1313,0.4892626106739044,0.9169591069221497,0.9009819030761719,,
KPC3_1317,0.7505831122398376,0.9349730014801025,0.9021985530853271,,
KPC3_131_6,0.6512129902839661,0.9168036580085754,0.8821282386779785,,
KPC3_1321,0.7479798197746277,0.8945528864860535,0.9108571410179138,,
KPC3_1324,0.7592014670372009,0.9497557878494263,0.9047848582267761,,
KPC3_1325,0.7834765315055847,0.9554404020309448,0.9168903231620789,,
KPC3_1328,0.43720394372940063,0.9292539954185486,0.9035457372665405,,
KPC3_132_0,0.5969467163085938,0.9027920365333557,0.8800502419471741,,
KPC3_132_1,0.38539478182792664,0.8620463013648987,0.8668250441551208,,
KPC3_132_4,0.39663833379745483,0.7399733662605286,0.8782059550285339,,
KPC3_1330,0.5683093667030334,0.9225224256515503,0.925834596157074,,
KPC3_1332,0.5048695206642151,0.9372135400772095,0.9118961095809937,,
KPC3_1333,0.825153648853302,0.9490022659301758,0.9211521744728088,,
KPC3_1338,0.678117036819458,0.9451223611831665,0.9144589304924011,,
KPC3_1339,0.682857096195221,0.9513921141624451,0.9055399298667908,,
KPC3_1342,0.7727168798446655,0.912214457988739,0.8892449736595154,,
KPC3_1343,0.2929633855819702,0.8800624012947083,0.9247163534164429,,
KPC3_1343_2,0.2929633855819702,0.8800624012947083,0.9247163534164429,,
KPC3_1343_3,0.1627289205789566,0.8735103011131287,0.9323218464851379,,
KPC3_1343_4,0.2438044548034668,0.8825880885124207,0.9369779825210571,,
KPC3_1344,0.6219982504844666,0.9193192720413208,0.8825387954711914,,
KPC3_1345,0.5040966868400574,0.8987083435058594,0.9190503358840942,,
KPC3_1347,0.7146672606468201,0.9342246651649475,0.9227504134178162,,
KPC3_1353,0.37517398595809937,0.8477716445922852,0.9162912368774414,,
KPC3_1354,0.36318033933639526,0.8769761323928833,0.9000400304794312,,
KPC3_1355,0.5624435544013977,0.9120449423789978,0.925639271736145,,
KPC3_1356,0.66506028175354,0.9025529623031616,0.9023857712745667,,
KPC3_1357,0.4259614944458008,0.881539523601532,0.9205279350280762,,
KPC3_1358,0.5713013410568237,0.8673058748245239,0.8587859272956848,,
KPC3_1358_2,0.5713013410568237,0.8673058748245239,0.8587859272956848,,
KPC3_1358_3,0.18932639062404633,0.8630824089050293,0.8870572447776794,,
KPC3_1358_4,0.2615215480327606,0.865474283695221,0.8865617513656616,,
KPC3_135_5,0.39989492297172546,0.8052394390106201,0.8993511199951172,,
KPC3_135_9,0.7868781089782715,0.9420212507247925,0.9136336445808411,,
KPC3_1362,0.4934155344963074,0.890616238117218,0.8842875361442566,,
KPC3_1366,0.5614052414894104,0.9037442207336426,0.897877037525177,,
KPC3_1367,0.48681432008743286,0.9054014086723328,0.8873688578605652,,
KPC3_1369,0.503724217414856,0.8812123537063599,0.8875806331634521,,
KPC3_136_6,0.6937435269355774,0.9116327166557312,0.9014957547187805,,
KPC3_1371,0.27080413699150085,0.8924641609191895,0.9132710695266724,,
KPC3_1377,0.8424471616744995,0.9474474787712097,0.9179099202156067,,
KPC3_1378,0.6871622204780579,0.9195181131362915,0.8871346116065979,,
KPC3_137_2,0.8840891718864441,0.9436258673667908,0.93719482421875,,
KPC3_137_4,0.3862764239311218,0.9120376706123352,0.9229952692985535,,
KPC3_137_5,0.8558533191680908,0.9570675492286682,0.9614783525466919,,
KPC3_137_9,0.5290563106536865,0.937288224697113,0.9394165277481079,,
KPC3_1387,0.3935554623603821,0.8977201581001282,0.884856641292572,,
KPC3_138_0,0.587704062461853,0.9059137105941772,0.9272983074188232,,
KPC3_138_2,0.5802622437477112,0.8935420513153076,0.8718297481536865,,
KPC3_138_4,0.3163660168647766,0.8455407619476318,0.8901740312576294,,
KPC3_138_6,0.2579213082790375,0.8304417133331299,0.8790612816810608,,
KPC3_138_8,0.44782140851020813,0.8799798488616943,0.8806174993515015,,
KPC3_1393,0.5812599658966064,0.8680153489112854,0.887198805809021,,
KPC3_1394,0.6908940076828003,0.9199966788291931,0.8921654224395752,,
KPC3_1396,0.7060800790786743,0.9235936403274536,0.8918687701225281,,
KPC3_1397,0.351465106010437,0.8947623372077942,0.8756576180458069,,
KPC3_139_7,0.3697203993797302,0.8897990584373474,0.9133709073066711,,
KPC3_13_4,0.68190997838974,0.9161680936813354,0.9167433977127075,,
KPC3_13_7,0.6238471269607544,0.8915008902549744,0.9220626950263977,,
KPC3_1402,0.3216616213321686,0.7638744711875916,0.8831361532211304,,
KPC3_1408,0.2927806079387665,0.8420872688293457,0.8809666037559509,,
KPC3_1413,0.21458908915519714,0.8728132247924805,0.8916173577308655,,
KPC3_1415,0.3896339535713196,0.8729297518730164,0.8977714776992798,,
KPC3_1415_2,0.3896339535713196,0.8729297518730164,0.8977714776992798,,
KPC3_1415_3,0.45254501700401306,0.8325389623641968,0.8692840933799744,,
KPC3_1415_4,0.21712695062160492,0.8459851741790771,0.8936651349067688,,
KPC3_141_0,0.8291738033294678,0.9385241866111755,0.9484540820121765,,
KPC3_141_8,0.7584493160247803,0.9364980459213257,0.9200772047042847,,
KPC3_1420,0.7267464995384216,0.9433434009552002,0.9208671450614929,,
KPC3_1420_2,0.7267464995384216,0.9433434009552002,0.9208671450614929,,
KPC3_1420_3,0.7655119895935059,0.9448391795158386,0.9167187213897705,,
KPC3_1420_4,0.7876046299934387,0.9059982299804688,0.9034653306007385,,
KPC3_1421,0.9093703627586365,0.9600401520729065,0.9392807483673096,,
KPC3_1425,0.9077243804931641,0.960242509841919,0.9282408952713013,,
KPC3_1425_2,0.9077243804931641,0.960242509841919,0.9282408952713013,,
KPC3_1425_3,0.6415933966636658,0.9460716247558594,0.9042142629623413,,
KPC3_1425_4,0.7660833597183228,0.9532525539398193,0.9190288782119751,,
KPC3_1426,0.8798655271530151,0.9632235765457153,0.9032308459281921,,
KPC3_1426_2,0.8798655271530151,0.9632235765457153,0.9032308459281921,,
KPC3_1426_3,0.7992149591445923,0.9530085325241089,0.9143186807632446,,
KPC3_1426_4,0.7700151205062866,0.9555573463439941,0.9070950746536255,,
KPC3_1427,0.6003738641738892,0.9207326173782349,0.9117324948310852,,
KPC3_142_0,0.7532846927642822,0.9431778192520142,0.9076826572418213,,
KPC3_142_5,0.8146942853927612,0.9404478073120117,0.9372111558914185,,
KPC3_142_8,0.8398863077163696,0.9503294825553894,0.911846399307251,,
KPC3_1432,0.6311735510826111,0.938194990158081,0.9194542765617371,,
KPC3_1433,0.3111054599285126,0.9152804613113403,0.9219648838043213,,
KPC3_1436,0.8260055780410767,0.9555574655532837,0.9178867936134338,,
KPC3_1437,0.6266475319862366,0.9314435124397278,0.915069580078125,,
KPC3_1438,0.7662585377693176,0.9542341232299805,0.9207944273948669,,
KPC3_1442,0.3664253354072571,0.8822343349456787,0.9113082885742188,,
KPC3_1444,0.15383799374103546,0.7689138054847717,0.9128866195678711,,
KPC3_1445,0.35002461075782776,0.8693884015083313,0.9045888781547546,,
KPC3_1446,0.27730420231819153,0.88201504945755,0.931280791759491,,
KPC3_1449,0.5753099322319031,0.8994700312614441,0.8722647428512573,,
KPC3_144_4,0.19354161620140076,0.8151488900184631,0.8776081800460815,,
KPC3_144_8,0.4816114902496338,0.8853533267974854,0.8788157105445862,,
KPC3_1453,0.26893237233161926,0.8477542996406555,0.904036283493042,,
KPC3_1454,0.2432987242937088,0.8440029621124268,0.9057630300521851,,
KPC3_145_1,0.6275736689567566,0.8423044681549072,0.8829510807991028,,
KPC3_145_4,0.868553638458252,0.9505585432052612,0.8802714943885803,,
KPC3_1460,0.2593114674091339,0.8619408011436462,0.9093044996261597,,
KPC3_1462,0.25844237208366394,0.857542097568512,0.919902503490448,,
KPC3_1463,0.3263554573059082,0.873431384563446,0.914722740650177,,
KPC3_1464,0.46197375655174255,0.8593844175338745,0.9159431457519531,,
KPC3_1466,0.31016507744789124,0.8555344343185425,0.9146179556846619,,
KPC3_1467,0.4116819500923157,0.8742393851280212,0.877127468585968,,
KPC3_146_3,0.6910618543624878,0.9417122006416321,0.9088265895843506,,
KPC3_146_7,0.6416840553283691,0.9274842143058777,0.8980375528335571,,
KPC3_1476,0.3978758752346039,0.9237108826637268,0.9092026352882385,,
KPC3_1478,0.833398699760437,0.9556540250778198,0.90785151720047,,
KPC3_1481,0.6675060987472534,0.9416055679321289,0.9112594723701477,,
KPC3_1483,0.8043467402458191,0.9461119771003723,0.9065586924552917,,
KPC3_1486,0.767594039440155,0.9488772749900818,0.9159736037254333,,
KPC3_1489,0.768616259098053,0.9486365914344788,0.9414545893669128,,
KPC3_148_0,0.4548886716365814,0.9071241617202759,0.8877965807914734,,
KPC3_1490,0.3599456250667572,0.8923529982566833,0.886160135269165,,
KPC3_1491,0.4509771168231964,0.8847500085830688,0.89473956823349,,
KPC3_1494,0.6169915199279785,0.9039389491081238,0.8876954913139343,,
KPC3_1495,0.17979620397090912,0.8589377403259277,0.8909683227539062,,
KPC3_1497,0.21369668841362,0.8442169427871704,0.8744606375694275,,
KPC3_1499,0.7851040959358215,0.9299206733703613,0.8893368244171143,,
KPC3_149_9,0.3517460823059082,0.8639978170394897,0.9164184331893921,,
KPC3_1503,0.4003375172615051,0.8291015625,0.8794785141944885,,
KPC3_1504,0.232919380068779,0.7674951553344727,0.9027050137519836,,
KPC3_150_5,0.5864696502685547,0.9336186647415161,0.9241441488265991,,
KPC3_150_6,0.41444844007492065,0.9386625289916992,0.9086101055145264,,
KPC3_150_9,0.8587393164634705,0.9504445791244507,0.9404852390289307,,
KPC3_1514,0.8012604117393494,0.939223051071167,0.9384838342666626,,
KPC3_1516,0.3241865336894989,0.8986850380897522,0.8874642252922058,,
KPC3_1517,0.3189132809638977,0.8886487483978271,0.8903228044509888,,
KPC3_1523,0.18648187816143036,0.7521868944168091,0.885542631149292,,
KPC3_1523_2,0.18648187816143036,0.7521868944168091,0.885542631149292,,
KPC3_1523_3,0.23916292190551758,0.8279706835746765,0.8888548016548157,,
KPC3_1523_4,0.38886839151382446,0.8112742900848389,0.8884626030921936,,
KPC3_1526,0.729311466217041,0.9188809394836426,0.9113947749137878,,
KPC3_1527,0.6718341112136841,0.9226053357124329,0.8975290060043335,,
KPC3_1528,0.5228177309036255,0.9021843075752258,0.8903711438179016,,
KPC3_1536,0.8036348223686218,0.9453708529472351,0.8916465640068054,,
KPC3_1537,0.4904361367225647,0.8992462754249573,0.8905839920043945,,
KPC3_153_0,0.4864385724067688,0.8860455751419067,0.9067667126655579,,
KPC3_1542,0.3273542821407318,0.8557326793670654,0.8975154757499695,,
KPC3_1547,0.32372531294822693,0.842875063419342,0.9000704288482666,,
KPC3_1549,0.24889716506004333,0.8492333292961121,0.884408712387085,,
KPC3_154_1,0.44640102982521057,0.8613429665565491,0.8920701742172241,,
KPC3_154_3,0.6276555061340332,0.9266791343688965,0.9123081564903259,,
KPC3_1552,0.8792077302932739,0.9375251531600952,0.893913984298706,,
KPC3_1555,0.13127875328063965,0.878800094127655,0.898800790309906,,
KPC3_155_3,0.7844382524490356,0.9337506890296936,0.9036203622817993,,
KPC3_155_8,0.5881425142288208,0.9290515184402466,0.9225009083747864,,
KPC3_1560,0.8344032168388367,0.9511632919311523,0.922845721244812,,
KPC3_1564,0.6591079831123352,0.9492800235748291,0.9244982004165649,,
KPC3_1567,0.49599310755729675,0.8756723999977112,0.905465841293335,,
KPC3_1568,0.8350561261177063,0.9479873776435852,0.8975210785865784,,
KPC3_156_8,0.902034342288971,0.9552291631698608,0.9073891043663025,,
KPC3_156_9,0.7031518816947937,0.9338076114654541,0.9078596234321594,,
KPC3_1570,0.7716343402862549,0.9279532432556152,0.9043344259262085,,
KPC3_1573,0.6515557169914246,0.9391722679138184,0.9125491380691528,,
KPC3_1577,0.2893521189689636,0.9035103917121887,0.9053014516830444,,
KPC3_157_7,0.8777165412902832,0.9418358206748962,0.8681783080101013,,
KPC3_1584,0.24700471758842468,0.8158580660820007,0.9027099609375,,
KPC3_158_3,0.40973955392837524,0.9189437031745911,0.9237782955169678,,
KPC3_1590,0.3550244867801666,0.8971815705299377,0.8965389728546143,,
KPC3_1592,0.40233051776885986,0.8754138946533203,0.8763583302497864,,
KPC3_1593,0.38167890906333923,0.8694741129875183,0.9019777774810791,,
KPC3_1595,0.6276989579200745,0.9096763730049133,0.887721836566925,,
KPC3_1598,0.2318177968263626,0.8703649044036865,0.9013387560844421,,
KPC3_159_3,0.4008130133152008,0.910268247127533,0.8899275064468384,,
KPC3_159_4,0.6269122958183289,0.9359399676322937,0.9086086750030518,,
KPC3_159_7,0.8833566308021545,0.9470806121826172,0.9282834529876709,,
KPC3_15_0,0.47779932618141174,0.8766968250274658,0.8959934115409851,,
KPC3_15_4,0.4267762303352356,0.8171942234039307,0.8888044953346252,,
KPC3_15_8,0.36400580406188965,0.8620664477348328,0.9153400659561157,,
KPC3_1602,0.40124234557151794,0.8789091110229492,0.8842086791992188,,
KPC3_1606,0.24883875250816345,0.862570583820343,0.8975864052772522,,
KPC3_1607,0.9057086706161499,0.9174444079399109,0.9448724985122681,,
KPC3_1608,0.4321332573890686,0.871550977230072,0.8645020127296448,,
KPC3_160_2,0.24351836740970612,0.8253883719444275,0.8884390592575073,,
KPC3_160_5,0.7573941946029663,0.9115491509437561,0.88694828748703,,
KPC3_1611,0.8512471914291382,0.9286288022994995,0.8697735667228699,,
KPC3_1616,0.20674185454845428,0.8480702042579651,0.919582724571228,,
KPC3_161_0,0.282816082239151,0.8664388060569763,0.8850063681602478,,
KPC3_161_3,0.3664359748363495,0.8788432478904724,0.8872796297073364,,
KPC3_161_5,0.6987282037734985,0.8916745781898499,0.9059606790542603,,
KPC3_161_8,0.37962785363197327,0.8796494007110596,0.8815984129905701,,
KPC3_1620,0.298035591840744,0.8442234992980957,0.912152886390686,,
KPC3_1622,0.4597329795360565,0.8725820779800415,0.923660159111023,,
KPC3_1628,0.30415472388267517,0.791862964630127,0.9084635972976685,,
KPC3_162_4,0.38918763399124146,0.8707651495933533,0.9017031788825989,,
KPC3_1631,0.23746450245380402,0.8943507075309753,0.8823040723800659,,
KPC3_1633,0.3038352131843567,0.9039772152900696,0.889837384223938,,
KPC3_1634,0.7677401900291443,0.9392132759094238,0.9362342953681946,,
KPC3_163_4,0.2920064926147461,0.8698810338973999,0.9211798310279846,,
KPC3_1640,0.7115753293037415,0.9490634202957153,0.9127681851387024,,
KPC3_1641,0.8882207870483398,0.9635369181632996,0.930224597454071,,
KPC3_1643,0.7696743011474609,0.9519494771957397,0.9173850417137146,,
KPC3_1644,0.8861953616142273,0.9583698511123657,0.9220889806747437,,
KPC3_1647,0.7049738764762878,0.933936595916748,0.9282327890396118,,
KPC3_1648,0.6886393427848816,0.9436143040657043,0.911643385887146,,
KPC3_1649,0.8028061389923096,0.9550415277481079,0.9245535135269165,,
KPC3_164_3,0.4410625696182251,0.9090450406074524,0.9117651581764221,,
KPC3_164_6,0.5207958221435547,0.915763795375824,0.9119372367858887,,
KPC3_164_8,0.41843485832214355,0.8614628911018372,0.9161813259124756,,
KPC3_1652,0.4586503803730011,0.8679304718971252,0.9087390303611755,,
KPC3_1654,0.20563864707946777,0.8505362272262573,0.902218222618103,,
KPC3_1659,0.18132182955741882,0.8265297412872314,0.9134682416915894,,
KPC3_165_0,0.41763755679130554,0.8644715547561646,0.8998661637306213,,
KPC3_165_1,0.17088563740253448,0.8804673552513123,0.8960506319999695,,
KPC3_165_3,0.504572868347168,0.8377842903137207,0.9104962944984436,,
KPC3_1660,0.7985866665840149,0.9551506638526917,0.9281619787216187,,
KPC3_166_2,0.3786267936229706,0.9071524739265442,0.9193539023399353,,
KPC3_166_5,0.3495865762233734,0.895025372505188,0.9053735136985779,,
KPC3_1671,0.43254226446151733,0.8642961382865906,0.8660394549369812,,
KPC3_1674,0.20928099751472473,0.8423444628715515,0.8915374279022217,,
KPC3_1674_2,0.20928099751472473,0.8423444628715515,0.8915374279022217,,
KPC3_1674_3,0.30551624298095703,0.8065787553787231,0.8769453167915344,,
KPC3_1674_4,0.41403326392173767,0.8637224435806274,0.8948036432266235,,
KPC3_1675,0.4163544476032257,0.8520098328590393,0.8693208694458008,,
KPC3_1676,0.4884342849254608,0.8374860882759094,0.905238687992096,,
KPC3_1678,0.29256027936935425,0.8832212090492249,0.9216601252555847,,
KPC3_167_3,0.49396783113479614,0.8977909088134766,0.8933241367340088,,
KPC3_167_6,0.3404722511768341,0.8848385810852051,0.893947958946228,,
KPC3_167_7,0.7346371412277222,0.9114950299263,0.9073171615600586,,
KPC3_1680,0.16015702486038208,0.7967169880867004,0.9026725888252258,,
KPC3_1681,0.44334492087364197,0.8557015657424927,0.9380649924278259,,
KPC3_1687,0.5113309621810913,0.8655821681022644,0.9289491176605225,,
KPC3_1689,0.4366908371448517,0.8760210275650024,0.9297624230384827,,
KPC3_168_6,0.5526410341262817,0.8095318675041199,0.9025084376335144,,
KPC3_1691,0.4868345856666565,0.8870102763175964,0.8991387486457825,,
KPC3_1692,0.5825278162956238,0.9320797920227051,0.9179477095603943,,
KPC3_1693,0.7503842711448669,0.9262708425521851,0.9005420207977295,,
KPC3_1695,0.5424336194992065,0.9212663769721985,0.9084857106208801,,
KPC3_1695_2,0.5424336194992065,0.9212663769721985,0.9084857106208801,,
KPC3_1695_3,0.8415961861610413,0.9511939883232117,0.9203461408615112,,
KPC3_1695_4,0.6187456846237183,0.9228834509849548,0.9039636254310608,,
KPC3_1696,0.598908543586731,0.9053314924240112,0.8894768357276917,,
KPC3_1697,0.42092299461364746,0.9122448563575745,0.8984915018081665,,
KPC3_1698,0.556771993637085,0.929928183555603,0.8956930637359619,,
KPC3_169_1,0.8998321294784546,0.9524365067481995,0.9532576203346252,,
KPC3_169_6,0.6975900530815125,0.9389974474906921,0.937881588935852,,
KPC3_16_3,0.6555545926094055,0.924070417881012,0.8994845151901245,,
KPC3_1700,0.8547354936599731,0.9541963934898376,0.9221205115318298,,
KPC3_1701,0.6803172826766968,0.9546459317207336,0.9220707416534424,,
KPC3_1702,0.7036586403846741,0.9405561685562134,0.9247360229492188,,
KPC3_1708,0.46129390597343445,0.9230853319168091,0.9219239354133606,,
KPC3_1708_2,0.46129390597343445,0.9230853319168091,0.9219239354133606,,
KPC3_1708_3,0.5857760310173035,0.9337215423583984,0.9201191067695618,,
KPC3_1708_4,0.46495479345321655,0.9322075843811035,0.9151855707168579,,
KPC3_170_0,0.4755665957927704,0.9344837665557861,0.9379914402961731,,
KPC3_170_5,0.22678646445274353,0.9147262573242188,0.9319915771484375,,
KPC3_170_7,0.46979281306266785,0.9347769618034363,0.9215644001960754,,
KPC3_1712,0.41550007462501526,0.8932245969772339,0.8890708088874817,,
KPC3_1716,0.43786856532096863,0.8801960945129395,0.9065262675285339,,
KPC3_1717,0.43392354249954224,0.9083186388015747,0.8820587396621704,,
KPC3_1720,0.3157316744327545,0.8538309931755066,0.9230024814605713,,
KPC3_1721,0.2866504192352295,0.7989783883094788,0.9092368483543396,,
KPC3_1724,0.5958486795425415,0.8742905855178833,0.9085336923599243,,
KPC3_1726,0.28648602962493896,0.8421842455863953,0.914604902267456,,
KPC3_172_0,0.314333975315094,0.9196844100952148,0.9078954458236694,,
KPC3_172_5,0.5848597884178162,0.9354264736175537,0.9355370998382568,,
KPC3_172_6,0.6250503063201904,0.9294539093971252,0.9226719737052917,,
KPC3_1730,0.6678087711334229,0.9318983554840088,0.9116843938827515,,
KPC3_1732,0.8346968293190002,0.9411843419075012,0.9055830240249634,,
KPC3_1733,0.8346670269966125,0.9337391257286072,0.898147702217102,,
KPC3_1735,0.4193507134914398,0.912813127040863,0.9173724055290222,,
KPC3_1737,0.612016499042511,0.913670003414154,0.8847125768661499,,
KPC3_1739,0.30598750710487366,0.9072466492652893,0.8980200290679932,,
KPC3_1741,0.2942540645599365,0.7057399749755859,0.9315218925476074,,
KPC3_1748,0.1962386965751648,0.8212038278579712,0.9247221946716309,,
KPC3_174_6,0.6618874669075012,0.888923704624176,0.8905667066574097,,
KPC3_174_8,0.2401084005832672,0.8179110884666443,0.8713874816894531,,
KPC3_1751,0.6227974891662598,0.9105793833732605,0.9114019870758057,,
KPC3_1753,0.2773926854133606,0.8476659655570984,0.9051069021224976,,
KPC3_1754,0.3004826605319977,0.8684925436973572,0.8918986916542053,,
KPC3_1756,0.35091325640678406,0.8703221678733826,0.9389015436172485,,
KPC3_1759,0.21489912271499634,0.8587290644645691,0.9204612970352173,,
KPC3_175_2,0.7381020784378052,0.9414042830467224,0.9076467752456665,,
KPC3_175_4,0.8601381182670593,0.9492982029914856,0.9175942540168762,,
KPC3_1768,0.4663485586643219,0.8596883416175842,0.8826152086257935,,
KPC3_1768_2,0.4663485586643219,0.8596883416175842,0.8826152086257935,,
KPC3_1768_3,0.37422457337379456,0.87872713804245,0.8789567947387695,,
KPC3_1768_4,0.5046091079711914,0.8793253302574158,0.8799837827682495,,
KPC3_1769,0.2087768167257309,0.8719367980957031,0.9241308569908142,,
KPC3_1772,0.5677230954170227,0.907574474811554,0.8788756132125854,,
KPC3_1773,0.40813326835632324,0.9080129861831665,0.8930698037147522,,
KPC3_1773_2,0.40813326835632324,0.9080129861831665,0.8930698037147522,,
KPC3_1773_3,0.7617339491844177,0.9244962930679321,0.892429769039154,,
KPC3_1773_4,0.601757824420929,0.914954662322998,0.8947324156761169,,
KPC3_1775,0.6557822227478027,0.9252474308013916,0.9110842347145081,,
KPC3_1778,0.32592248916625977,0.8365970849990845,0.8891584277153015,,
KPC3_1779,0.5233089327812195,0.8451846837997437,0.8966836333274841,,
KPC3_177_8,0.6978046298027039,0.9393956661224365,0.8910763263702393,,
KPC3_1781,0.47643470764160156,0.8947305083274841,0.894649863243103,,
KPC3_1783,0.3661864995956421,0.8900754451751709,0.9052274823188782,,
KPC3_1785,0.574527382850647,0.8584660887718201,0.8692429661750793,,
KPC3_1789,0.34759995341300964,0.8965041041374207,0.9278455376625061,,
KPC3_178_2,0.38403159379959106,0.9045560956001282,0.9032197594642639,,
KPC3_178_4,0.7394369840621948,0.9380801320075989,0.8965540528297424,,
KPC3_178_5,0.4164401888847351,0.910788357257843,0.9076125025749207,,
KPC3_178_6,0.4539204239845276,0.9074242115020752,0.8874150514602661,,
KPC3_1792,0.3308146297931671,0.8769626617431641,0.9381832480430603,,
KPC3_1794,0.49679920077323914,0.8707802891731262,0.8804882764816284,,
KPC3_1795,0.3561973571777344,0.8747196197509766,0.9186949133872986,,
KPC3_1798,0.37526366114616394,0.8476625084877014,0.8779554963111877,,
KPC3_179_2,0.9258241653442383,0.9415948390960693,0.8953310251235962,,
KPC3_17_8,0.6982752084732056,0.934052586555481,0.9158563017845154,,
KPC3_17_9,0.2978511154651642,0.8454679250717163,0.903445839881897,,
KPC3_1802,0.2351137101650238,0.8963680863380432,0.9087437987327576,,
KPC3_180_2,0.2782766819000244,0.8884820938110352,0.8748138546943665,,
KPC3_180_3,0.49959391355514526,0.9163317680358887,0.8915810585021973,,
KPC3_1811,0.3788016736507416,0.8721822500228882,0.8837165832519531,,
KPC3_1811_2,0.3788016736507416,0.8721822500228882,0.8837165832519531,,
KPC3_1811_3,0.15658807754516602,0.8651427626609802,0.8905229568481445,,
KPC3_1811_4,0.3737318813800812,0.8656144142150879,0.8834234476089478,,
KPC3_1814,0.586647093296051,0.8863303661346436,0.904106080532074,,
KPC3_1816,0.16359521448612213,0.860017716884613,0.8814465999603271,,
KPC3_1819,0.37596428394317627,0.8761720657348633,0.8745585680007935,,
KPC3_181_4,0.4478732943534851,0.9010207056999207,0.8913384079933167,,
KPC3_181_8,0.5580356121063232,0.9157577753067017,0.8822358846664429,,
KPC3_181_9,0.3454664945602417,0.8867121934890747,0.8937299251556396,,
KPC3_1821,0.5212879776954651,0.9000219106674194,0.8924062252044678,,
KPC3_1824,0.6832462549209595,0.9050689935684204,0.8755461573600769,,
KPC3_1825,0.3796320855617523,0.8709129691123962,0.9138115644454956,,
KPC3_1826,0.2964668273925781,0.7819991707801819,0.8819350004196167,,
KPC3_1828,0.3769886791706085,0.8876012563705444,0.8737121820449829,,
KPC3_182_2,0.6809672117233276,0.917873203754425,0.9084135890007019,,
KPC3_182_8,0.4826042950153351,0.8914033770561218,0.8985792994499207,,
KPC3_1836,0.23410513997077942,0.8418294787406921,0.9204933047294617,,
KPC3_183_2,0.4830438196659088,0.8928011655807495,0.9054481983184814,,
KPC3_1847,0.2866671085357666,0.8175605535507202,0.9275444746017456,,
KPC3_1850,0.24017846584320068,0.8246814608573914,0.8929166197776794,,
KPC3_1851,0.30643221735954285,0.8420832753181458,0.9008152484893799,,
KPC3_1858,0.5092411637306213,0.8104918599128723,0.8786014914512634,,
KPC3_1861,0.3042604625225067,0.8005625009536743,0.905512273311615,,
KPC3_1866,0.28362494707107544,0.7819536924362183,0.9172474145889282,,
KPC3_186_2,0.31970950961112976,0.8310201168060303,0.8977763056755066,,
KPC3_186_6,0.458300918340683,0.7496622204780579,0.9035955667495728,,
KPC3_1870,0.5150436758995056,0.9156792759895325,0.889672040939331,,
KPC3_1875,0.6135036945343018,0.9117366671562195,0.8957634568214417,,
KPC3_1878,0.704596221446991,0.9311553239822388,0.9053620100021362,,
KPC3_187_2,0.31670913100242615,0.8944282531738281,0.9040336012840271,,
KPC3_187_4,0.8249635696411133,0.9550595283508301,0.9150276780128479,,
KPC3_187_9,0.53373783826828,0.875235378742218,0.9064188003540039,,
KPC3_188_6,0.30991798639297485,0.8371235132217407,0.897125244140625,,
KPC3_188_8,0.3360469341278076,0.8348491191864014,0.8870111703872681,,
KPC3_1894,0.5680901408195496,0.9327755570411682,0.9030863046646118,,
KPC3_189_2,0.13431578874588013,0.5314323902130127,0.877042293548584,,
KPC3_189_5,0.16163453459739685,0.8414322733879089,0.9144834876060486,,
KPC3_189_7,0.2205858826637268,0.8504380583763123,0.9121308922767639,,
KPC3_189_8,0.4395805597305298,0.8785356283187866,0.8944377303123474,,
KPC3_18_4,0.35745054483413696,0.9222573041915894,0.9145008325576782,,
KPC3_18_6,0.5861098170280457,0.9171603322029114,0.9053865075111389,,
KPC3_18_7,0.49416935443878174,0.9144132733345032,0.9077308177947998,,
KPC3_1900,0.2985534369945526,0.8785781860351562,0.8846189975738525,,
KPC3_1902,0.6605104207992554,0.9080929160118103,0.8904105424880981,,
KPC3_1903,0.4815852642059326,0.8962827324867249,0.9108120203018188,,
KPC3_1907,0.5663512349128723,0.8987173438072205,0.910474956035614,,
KPC3_1907_2,0.5663512349128723,0.8987173438072205,0.910474956035614,,
KPC3_1907_3,0.3501896262168884,0.8889734148979187,0.9251070618629456,,
KPC3_1907_4,0.8585113883018494,0.9480551481246948,0.908301055431366,,
KPC3_190_5,0.3996976912021637,0.9220561385154724,0.8988616466522217,,
KPC3_190_6,0.2403700202703476,0.9127699732780457,0.9112706184387207,,
KPC3_190_7,0.4561835527420044,0.9251964688301086,0.9027267098426819,,
KPC3_1910,0.604377806186676,0.889432966709137,0.8759704828262329,,
KPC3_1914,0.4565453827381134,0.9148432612419128,0.8912004828453064,,
KPC3_1915,0.7030006051063538,0.9153554439544678,0.8951030969619751,,
KPC3_1916,0.4938538670539856,0.9016610383987427,0.8910820484161377,,
KPC3_1917,0.3512420356273651,0.8889610767364502,0.9115167260169983,,
KPC3_1919,0.6253149509429932,0.926488995552063,0.8959775567054749,,
KPC3_1922,0.2593785524368286,0.8434257507324219,0.9244951009750366,,
KPC3_1923,0.1816031038761139,0.8471821546554565,0.9185128808021545,,
KPC3_1930,0.8275235295295715,0.9201904535293579,0.8632875680923462,,
KPC3_1932,0.5492854714393616,0.9184412956237793,0.8963921070098877,,
KPC3_1933,0.32802286744117737,0.9043356776237488,0.8977965116500854,,
KPC3_1934,0.6073129177093506,0.9161892533302307,0.8900647163391113,,
KPC3_1936,0.5153855681419373,0.8961553573608398,0.8751711845397949,,
KPC3_1937,0.49725478887557983,0.9095748066902161,0.876939594745636,,
KPC3_193_4,0.7138931751251221,0.9262616634368896,0.8864771127700806,,
KPC3_193_7,0.4205482304096222,0.9046475291252136,0.9140211343765259,,
KPC3_1941,0.3495732247829437,0.8361672163009644,0.9109905958175659,,
KPC3_1947,0.3319402039051056,0.815207839012146,0.87538743019104,,
KPC3_1949,0.24846763908863068,0.8171963691711426,0.9261354207992554,,
KPC3_194_0,0.2655297517776489,0.849310576915741,0.863146185874939,,
KPC3_194_3,0.35129567980766296,0.8449091911315918,0.9003877639770508,,
KPC3_194_6,0.3304405212402344,0.779552698135376,0.8698672652244568,,
KPC3_194_9,0.3906978964805603,0.8271974921226501,0.8751269578933716,,
KPC3_1950,0.6278232336044312,0.9412288069725037,0.9107826352119446,,
KPC3_1954,0.5725007057189941,0.9342209696769714,0.9015870094299316,,
KPC3_1958,0.8003523945808411,0.9556589722633362,0.9161447286605835,,
KPC3_1959,0.7042038440704346,0.909033477306366,0.9072880148887634,,
KPC3_195_6,0.39064323902130127,0.8333583474159241,0.880599319934845,,
KPC3_1961,0.7180406451225281,0.933804452419281,0.8878583312034607,,
KPC3_1964,0.5833057165145874,0.8995897769927979,0.8827170133590698,,
KPC3_1965,0.5432734489440918,0.900359034538269,0.8925372958183289,,
KPC3_1968,0.24542535841464996,0.8710750341415405,0.899391770362854,,
KPC3_196_9,0.6528798937797546,0.9489054083824158,0.9251723885536194,,
KPC3_1971,0.4696411192417145,0.914033055305481,0.8818747997283936,,
KPC3_1972,0.8813678622245789,0.9449390172958374,0.8897826671600342,,
KPC3_197_7,0.442158579826355,0.9100831747055054,0.9048214554786682,,
KPC3_1984,0.3768928647041321,0.8413589596748352,0.8823060393333435,,
KPC3_1985,0.6149517893791199,0.9127683639526367,0.914895236492157,,
KPC3_1987,0.5317921042442322,0.8997814655303955,0.8999513983726501,,
KPC3_1988,0.37384214997291565,0.8713257908821106,0.9191587567329407,,
KPC3_1989,0.32570919394493103,0.8582133054733276,0.8838136792182922,,
KPC3_198_0,0.37519586086273193,0.7439218163490295,0.8891309499740601,,
KPC3_198_7,0.26841798424720764,0.6882719397544861,0.8967701196670532,,
KPC3_198_9,0.3236198425292969,0.8487532734870911,0.8809691667556763,,
KPC3_1991,0.28067076206207275,0.8586047291755676,0.9262114763259888,,
KPC3_1995,0.33844155073165894,0.8661800026893616,0.9272254109382629,,
KPC3_1997,0.5764676928520203,0.8413916230201721,0.867306113243103,,
KPC3_19_0,0.27405092120170593,0.8561950325965881,0.899982213973999,,
KPC3_19_3,0.49123066663742065,0.9049281477928162,0.8727633357048035,,
KPC3_19_6,0.335688054561615,0.8144550323486328,0.8819741010665894,,
KPC3_19_8,0.8285505175590515,0.9330983757972717,0.8850927352905273,,
KPC3_1_7,0.24412256479263306,0.7092959880828857,0.8823362588882446,,
KPC3_2001,0.5182014107704163,0.9004523754119873,0.900390088558197,,
KPC3_2002,0.8898664712905884,0.9292964935302734,0.9077026844024658,,
KPC3_2005,0.6469201445579529,0.9309763312339783,0.9086806774139404,,
KPC3_2006,0.49005627632141113,0.9202496409416199,0.9138970971107483,,
KPC3_2006_2,0.49005627632141113,0.9202496409416199,0.9138970971107483,,
KPC3_2006_3,0.6214579939842224,0.9331691861152649,0.910765528678894,,
KPC3_2006_4,0.28489717841148376,0.9122809767723083,0.9125762581825256,,
KPC3_2007,0.7149673104286194,0.9354342818260193,0.8877476453781128,,
KPC3_2010,0.22601112723350525,0.8534867167472839,0.9120931029319763,,
KPC3_2011,0.46622875332832336,0.8696584105491638,0.878470242023468,,
KPC3_2012,0.639017641544342,0.813994824886322,0.8796240091323853,,
KPC3_2013,0.6202710270881653,0.9055379033088684,0.8929651975631714,,
KPC3_2014,0.4499669671058655,0.8728289604187012,0.9056611061096191,,
KPC3_2015,0.5214937329292297,0.9001652002334595,0.8669705390930176,,
KPC3_2019,0.29917803406715393,0.8709643483161926,0.8959190845489502,,
KPC3_2026,0.42265456914901733,0.861644983291626,0.8833534121513367,,
KPC3_2026_2,0.42265456914901733,0.861644983291626,0.8833534121513367,,
KPC3_2026_3,0.2606877088546753,0.8274050354957581,0.8646828532218933,,
KPC3_2026_4,0.4727586805820465,0.8769856095314026,0.8859233260154724,,
KPC3_2027,0.5565482378005981,0.8827574253082275,0.9233874082565308,,
KPC3_2034,0.41920146346092224,0.7748346328735352,0.8816916942596436,,
KPC3_2036,0.33607009053230286,0.8481268286705017,0.8941211104393005,,
KPC3_2036_2,0.33607009053230286,0.8481268286705017,0.8941211104393005,,
KPC3_2036_3,0.5150595903396606,0.8769001364707947,0.9126699566841125,,
KPC3_2036_4,0.46959388256073,0.8636950254440308,0.9307758808135986,,
KPC3_203_4,0.24100880324840546,0.8171523213386536,0.8948311805725098,,
KPC3_203_5,0.43648561835289,0.8572489023208618,0.8567695021629333,,
KPC3_2042,0.7389950752258301,0.9316399693489075,0.8835330009460449,,
KPC3_2044,0.46385103464126587,0.9138150811195374,0.8910182118415833,,
KPC3_2045,0.5751817226409912,0.9031798839569092,0.8913900256156921,,
KPC3_2049,0.8549509644508362,0.9521796107292175,0.9149438738822937,,
KPC3_204_0,0.8563939929008484,0.937554121017456,0.9253745079040527,,
KPC3_204_1,0.5624269247055054,0.9190135598182678,0.8986148834228516,,
KPC3_204_3,0.3927152454853058,0.9182063341140747,0.9042519330978394,,
KPC3_204_8,0.8673848509788513,0.9601316452026367,0.9397721290588379,,
KPC3_2050,0.2205774188041687,0.8739852905273438,0.9423038959503174,,
KPC3_2051,0.5738569498062134,0.8778359889984131,0.8950415253639221,,
KPC3_2051_2,0.5738569498062134,0.8778359889984131,0.8950415253639221,,
KPC3_2051_3,0.6197481155395508,0.8704566955566406,0.8743931651115417,,
KPC3_2051_4,0.5186645984649658,0.8791082501411438,0.8908873200416565,,
KPC3_2055,0.49103477597236633,0.8541644811630249,0.9186665415763855,,
KPC3_2058,0.29698821902275085,0.8702882528305054,0.9006910920143127,,
KPC3_205_5,0.8183267712593079,0.945331335067749,0.9341482520103455,,
KPC3_2061,0.19622871279716492,0.875402569770813,0.9045881628990173,,
KPC3_2061_2,0.19622871279716492,0.875402569770813,0.9045881628990173,,
KPC3_2061_3,0.5117361545562744,0.894042432308197,0.9024631977081299,,
KPC3_2061_4,0.42586079239845276,0.8763951063156128,0.9038099646568298,,
KPC3_2062,0.605018675327301,0.8852117657661438,0.9063027501106262,,
KPC3_2063,0.2888455390930176,0.8624569773674011,0.8882657289505005,,
KPC3_2066,0.7272670865058899,0.9108666777610779,0.8825735449790955,,
KPC3_2069,0.4674413502216339,0.8961636424064636,0.8910309672355652,,
KPC3_206_1,0.46236634254455566,0.9059953093528748,0.9105842113494873,,
KPC3_2073,0.3494005799293518,0.7891060709953308,0.8750510811805725,,
KPC3_2074,0.4476567506790161,0.865403413772583,0.9232714772224426,,
KPC3_2079,0.6931492686271667,0.9167077541351318,0.8546024560928345,,
KPC3_207_9,0.6095475554466248,0.9303924441337585,0.9143780469894409,,
KPC3_2087,0.39656761288642883,0.862442672252655,0.8966284990310669,,
KPC3_2089,0.30212467908859253,0.815345048904419,0.9374845623970032,,
KPC3_208_8,0.4835977554321289,0.9263699054718018,0.9129843711853027,,
KPC3_2092,0.41988319158554077,0.8850213885307312,0.8653470277786255,,
KPC3_2093,0.4322654604911804,0.8966533541679382,0.9199475049972534,,
KPC3_2096,0.4456576406955719,0.8981167674064636,0.9045431017875671,,
KPC3_2098,0.7331995964050293,0.9053788185119629,0.8854392170906067,,
KPC3_209_1,0.456132173538208,0.8085101246833801,0.8987398147583008,,
KPC3_209_5,0.421254426240921,0.8749485015869141,0.9121900200843811,,
KPC3_209_6,0.19366905093193054,0.8439227938652039,0.919734537601471,,
KPC3_20_7,0.15322598814964294,0.8386070728302002,0.886532187461853,,
KPC3_2101,0.8133341073989868,0.9437248110771179,0.9199740290641785,,
KPC3_2102,0.5674272775650024,0.9343891739845276,0.9330099821090698,,
KPC3_2109,0.6535667777061462,0.9355931282043457,0.9134078621864319,,
KPC3_2109_2,0.6535667777061462,0.9355931282043457,0.9134078621864319,,
KPC3_2109_3,0.569073498249054,0.9348185658454895,0.9142610430717468,,
KPC3_2109_4,0.6238278150558472,0.9328124523162842,0.9123294949531555,,
KPC3_210_0,0.3206198513507843,0.8750541806221008,0.8774005770683289,,
KPC3_2110,0.7040126919746399,0.8943278193473816,0.9372628927230835,,
KPC3_2111,0.22755493223667145,0.8438061475753784,0.9080224633216858,,
KPC3_2112,0.39646708965301514,0.8663100600242615,0.8839537501335144,,
KPC3_2115,0.5952264666557312,0.9020434021949768,0.8813018202781677,,
KPC3_211_6,0.49199551343917847,0.9351485967636108,0.9219684600830078,,
KPC3_2124,0.5031672716140747,0.8552375435829163,0.9026126265525818,,
KPC3_2125,0.47816231846809387,0.8366918563842773,0.893886387348175,,
KPC3_2129,0.18083199858665466,0.8383588194847107,0.9180312752723694,,
KPC3_2133,0.8490669131278992,0.9491329789161682,0.9022279381752014,,
KPC3_2137,0.3639015257358551,0.9171156883239746,0.917464554309845,,
KPC3_213_2,0.21862944960594177,0.7015523314476013,0.8811158537864685,,
KPC3_213_3,0.16312913596630096,0.8435249328613281,0.8922523260116577,,
KPC3_213_5,0.2884349822998047,0.8643419146537781,0.9141800999641418,,
KPC3_213_6,0.6251394748687744,0.9091528058052063,0.9216296672821045,,
KPC3_213_7,0.291938453912735,0.8652641773223877,0.9123634099960327,,
KPC3_2141,0.33284011483192444,0.838712751865387,0.881079375743866,,
KPC3_2147,0.1857762336730957,0.8581722974777222,0.911517858505249,,
KPC3_2148,0.6168189644813538,0.9014018177986145,0.8942815661430359,,
KPC3_2149,0.3040597140789032,0.8493966460227966,0.8991600871086121,,
KPC3_214_9,0.7751584053039551,0.925433874130249,0.9307326078414917,,
KPC3_2150,0.8249216675758362,0.9093698263168335,0.8796367049217224,,
KPC3_2151,0.2288711965084076,0.8484890460968018,0.9251454472541809,,
KPC3_2157,0.7370917797088623,0.8983613848686218,0.8988973498344421,,
KPC3_215_7,0.8126877546310425,0.9571919441223145,0.9273130297660828,,
KPC3_2160,0.27756980061531067,0.8323788046836853,0.8616681098937988,,
KPC3_2164,0.2717924416065216,0.8321453928947449,0.91532301902771,,
KPC3_2170,0.8518936038017273,0.9570791125297546,0.9342586398124695,,
KPC3_2175,0.8612786531448364,0.9654622673988342,0.9310365915298462,,
KPC3_217_2,0.8390244841575623,0.9544235467910767,0.9464990496635437,,
KPC3_2180,0.38480377197265625,0.8537147045135498,0.8941952586174011,,
KPC3_2183,0.27425068616867065,0.5454515218734741,0.8473762273788452,,
KPC3_2183_2,0.27425068616867065,0.5454515218734741,0.8473762273788452,,
KPC3_2183_3,0.5902469754219055,0.8697916865348816,0.8562078475952148,,
KPC3_2183_4,0.5919803977012634,0.835997998714447,0.8714665174484253,,
KPC3_218_3,0.264391154050827,0.8508252501487732,0.8898299336433411,,
KPC3_2194,0.23206709325313568,0.840431272983551,0.9025905132293701,,
KPC3_219_6,0.5519130229949951,0.9292749762535095,0.9334234595298767,,
KPC3_21_1,0.5273777842521667,0.8072829842567444,0.8909210562705994,,
KPC3_21_4,0.6736752986907959,0.9267939925193787,0.8844853043556213,,
KPC3_21_5,0.5824882984161377,0.9185621738433838,0.9000886082649231,,
KPC3_21_9,0.8110002279281616,0.9459891319274902,0.9161245226860046,,
KPC3_2202,0.4057871401309967,0.8622057437896729,0.9053852558135986,,
KPC3_2203,0.5086437463760376,0.8911057710647583,0.9162712693214417,,
KPC3_2203_2,0.5086437463760376,0.8911057710647583,0.9162712693214417,,
KPC3_2203_3,0.29996347427368164,0.8844894766807556,0.9114553332328796,,
KPC3_2203_4,0.24036461114883423,0.8785951137542725,0.9165681004524231,,
KPC3_2206,0.7733660936355591,0.9259904623031616,0.8775140643119812,,
KPC3_2207,0.5250993371009827,0.884021520614624,0.8896785378456116,,
KPC3_2209,0.6929692625999451,0.895312488079071,0.8892866373062134,,
KPC3_220_0,0.641193151473999,0.9224419593811035,0.9150875210762024,,
KPC3_2210,0.34006553888320923,0.8874203562736511,0.8802390098571777,,
KPC3_2217,0.6496265530586243,0.9004607200622559,0.8902206420898438,,
KPC3_2218,0.2143239974975586,0.8724904656410217,0.905881941318512,,
KPC3_221_4,0.7129558324813843,0.9068527817726135,0.9274070858955383,,
KPC3_221_8,0.5773725509643555,0.8844559788703918,0.9332343339920044,,
KPC3_2225,0.3574998676776886,0.9239862561225891,0.912338376045227,,
KPC3_2226,0.5541908144950867,0.9217525124549866,0.9002833366394043,,
KPC3_2228,0.6842061877250671,0.9391210079193115,0.928509533405304,,
KPC3_222_2,0.39928048849105835,0.8629541993141174,0.8743814826011658,,
KPC3_222_5,0.36904147267341614,0.8555938005447388,0.8703985214233398,,
KPC3_2230,0.7537994980812073,0.9242596626281738,0.8456518650054932,,
KPC3_2231,0.26218438148498535,0.8552445769309998,0.9037010073661804,,
KPC3_2232,0.91532301902771,0.9516953825950623,0.8696567416191101,,
KPC3_2233,0.3811422884464264,0.8379299640655518,0.9104388952255249,,
KPC3_2235,0.5671065449714661,0.9047398567199707,0.8638845682144165,,
KPC3_2235_2,0.5671065449714661,0.9047398567199707,0.8638845682144165,,
KPC3_2235_3,0.6099249720573425,0.8816383481025696,0.8766908049583435,,
KPC3_2235_4,0.4321729838848114,0.8496705889701843,0.8730990290641785,,
KPC3_223_0,0.6415374875068665,0.7876424789428711,0.9126688241958618,,
KPC3_223_1,0.37773558497428894,0.8511373400688171,0.9107646346092224,,
KPC3_223_5,0.3274663984775543,0.8921274542808533,0.900962233543396,,
KPC3_2240,0.5104860067367554,0.9110791087150574,0.8889120817184448,,
KPC3_2241,0.5120768547058105,0.9084621667861938,0.9092543125152588,,
KPC3_2244,0.2256426066160202,0.8963446617126465,0.9067480564117432,,
KPC3_2245,0.37061718106269836,0.893290102481842,0.8897808790206909,,
KPC3_2257,0.24991483986377716,0.8740301132202148,0.8962368369102478,,
KPC3_2259,0.2026122510433197,0.8556753993034363,0.9279528260231018,,
KPC3_225_1,0.49983882904052734,0.907172679901123,0.9066347479820251,,
KPC3_225_2,0.5692867636680603,0.9199609160423279,0.8790525197982788,,
KPC3_225_3,0.657985270023346,0.9043775200843811,0.8982269763946533,,
KPC3_225_5,0.44826528429985046,0.8981783986091614,0.8894872069358826,,
KPC3_225_6,0.2835858464241028,0.894079327583313,0.8991104960441589,,
KPC3_225_8,0.33859407901763916,0.9112764596939087,0.8970322012901306,,
KPC3_2261,0.3027355968952179,0.8355357646942139,0.8793695569038391,,
KPC3_2263,0.5773777365684509,0.9225618839263916,0.8868787884712219,,
KPC3_2267,0.5943329930305481,0.9190252423286438,0.8828009366989136,,
KPC3_2268,0.43659400939941406,0.9097147583961487,0.9046553373336792,,
KPC3_2269,0.6717514395713806,0.9157932996749878,0.8842578530311584,,
KPC3_2272,0.3982986509799957,0.9288331270217896,0.898455798625946,,
KPC3_2273,0.7994788885116577,0.9356673955917358,0.8977031111717224,,
KPC3_2275,0.5212522149085999,0.9277960658073425,0.9153255820274353,,
KPC3_2277,0.8809463381767273,0.9551261067390442,0.9036380052566528,,
KPC3_2278,0.9296098351478577,0.9560242891311646,0.9102169871330261,,
KPC3_2279,0.3719651997089386,0.9161798357963562,0.9101109504699707,,
KPC3_227_4,0.8355284333229065,0.9215367436408997,0.8458889722824097,,
KPC3_227_6,0.7119978070259094,0.8813936710357666,0.8805791139602661,,
KPC3_227_8,0.13685177266597748,0.8132085204124451,0.87310791015625,,
KPC3_2280,0.5356124639511108,0.918230414390564,0.9175132513046265,,
KPC3_2285,0.7833731174468994,0.9313769936561584,0.9207974672317505,,
KPC3_2292,0.1619722992181778,0.8502692580223083,0.9002437591552734,,
KPC3_2292_2,0.1619722992181778,0.8502692580223083,0.9002437591552734,,
KPC3_2292_3,0.24897977709770203,0.8655516505241394,0.8990761041641235,,
KPC3_2292_4,0.255256712436676,0.8269234299659729,0.9000752568244934,,
KPC3_2293,0.4974517822265625,0.8757491111755371,0.853850781917572,,
KPC3_2295,0.34501978754997253,0.8761993646621704,0.87020343542099,,
KPC3_229_5,0.277904748916626,0.8980039954185486,0.9189924001693726,,
KPC3_22_4,0.5828489065170288,0.884290337562561,0.9264349341392517,,
KPC3_2301,0.21548382937908173,0.7930909991264343,0.8888674974441528,,
KPC3_2302,0.339678019285202,0.8840561509132385,0.8969222903251648,,
KPC3_2305,0.3322623670101166,0.8525826930999756,0.8924953937530518,,
KPC3_2308,0.4325478672981262,0.7843550443649292,0.8781150579452515,,
KPC3_230_1,0.36095717549324036,0.8649294972419739,0.8741762042045593,,
KPC3_230_8,0.34495770931243896,0.8627681136131287,0.8828662633895874,,
KPC3_2310,0.8063816428184509,0.9382546544075012,0.9219093918800354,,
KPC3_2311,0.7294588088989258,0.9499827027320862,0.9424298405647278,,
KPC3_2312,0.7056494951248169,0.9423028230667114,0.9211870431900024,,
KPC3_2312_2,0.7056494951248169,0.9423028230667114,0.9211870431900024,,
KPC3_2312_3,0.8180482983589172,0.9240446090698242,0.9158082008361816,,
KPC3_2312_4,0.8792150616645813,0.9483181834220886,0.9146425724029541,,
KPC3_2313,0.9265379309654236,0.9704352021217346,0.9270854592323303,,
KPC3_2314,0.8556405901908875,0.9585769772529602,0.911835789680481,,
KPC3_231_0,0.7101949453353882,0.9291441440582275,0.8883044719696045,,
KPC3_231_6,0.1829586774110794,0.7498070001602173,0.8945707082748413,,
KPC3_231_7,0.4113057255744934,0.8882748484611511,0.9028881788253784,,
KPC3_2327,0.3771824836730957,0.8440441489219666,0.8873090147972107,,
KPC3_2329,0.655927300453186,0.9099044799804688,0.8817149996757507,,
KPC3_232_3,0.7001175284385681,0.903789222240448,0.8738105297088623,,
KPC3_232_4,0.41179174184799194,0.8837602138519287,0.8796517848968506,,
KPC3_232_5,0.6382032036781311,0.8394181728363037,0.8768364191055298,,
KPC3_232_6,0.8464161157608032,0.922859787940979,0.8959169387817383,,
KPC3_232_8,0.2900281250476837,0.7103284001350403,0.8842247724533081,,
KPC3_2330,0.24029451608657837,0.8861836194992065,0.8810506463050842,,
KPC3_2333,0.7879500985145569,0.9406521320343018,0.8864111304283142,,
KPC3_2334,0.3940068185329437,0.9101499915122986,0.8940081000328064,,
KPC3_2336,0.15222029387950897,0.8795630931854248,0.9065217971801758,,
KPC3_233_1,0.557579755783081,0.9022066593170166,0.8862951397895813,,
KPC3_233_6,0.2633332908153534,0.8273627758026123,0.8669226765632629,,
KPC3_233_7,0.541235089302063,0.8816542625427246,0.8721045851707458,,
KPC3_2342,0.7612401843070984,0.9311926960945129,0.8964426517486572,,
KPC3_2344,0.8402757048606873,0.9518383145332336,0.9193865656852722,,
KPC3_2345,0.7154173851013184,0.9492940902709961,0.91431725025177,,
KPC3_2348,0.5055822730064392,0.9244351983070374,0.9060804843902588,,
KPC3_234_2,0.2279045134782791,0.8369994163513184,0.883037805557251,,
KPC3_234_5,0.22428271174430847,0.8516010046005249,0.8899858593940735,,
KPC3_234_6,0.43135857582092285,0.8702917098999023,0.8897432684898376,,
KPC3_234_8,0.24446776509284973,0.834259033203125,0.8849507570266724,,
KPC3_2351,0.7585557699203491,0.9416018128395081,0.8977766633033752,,
KPC3_2352,0.6120010614395142,0.9133946299552917,0.8868172764778137,,
KPC3_2355,0.5322495102882385,0.9244306087493896,0.8982497453689575,,
KPC3_2358,0.7593382000923157,0.9447278380393982,0.8963794708251953,,
KPC3_2359,0.5605859160423279,0.933394730091095,0.8801424503326416,,
KPC3_235_2,0.6650044918060303,0.9343151450157166,0.9218621253967285,,
KPC3_235_3,0.4234198331832886,0.88662189245224,0.908223032951355,,
KPC3_235_7,0.7343590259552002,0.9246052503585815,0.9046624898910522,,
KPC3_2360,0.8511143326759338,0.9308451414108276,0.8894060254096985,,
KPC3_2363,0.38035136461257935,0.8710513114929199,0.8884626626968384,,
KPC3_2365,0.7226623892784119,0.9248517155647278,0.870922327041626,,
KPC3_2368,0.5999186038970947,0.9202260971069336,0.902612566947937,,
KPC3_2369,0.4198018014431,0.9021667838096619,0.887164294719696,,
KPC3_236_1,0.8777977228164673,0.957497775554657,0.9024627208709717,,
KPC3_236_3,0.8167867660522461,0.9439101815223694,0.9183449745178223,,
KPC3_236_4,0.4739173352718353,0.918632447719574,0.9188580513000488,,
KPC3_236_7,0.7880561947822571,0.9228876233100891,0.9043566584587097,,
KPC3_2373,0.7456764578819275,0.9036531448364258,0.8891656398773193,,
KPC3_2378,0.6795811057090759,0.9258362650871277,0.8758461475372314,,
KPC3_2383,0.8692203164100647,0.926296591758728,0.8804927468299866,,
KPC3_2384,0.6532684564590454,0.9227417707443237,0.9168958067893982,,
KPC3_2386,0.797511637210846,0.9386856555938721,0.9027553200721741,,
KPC3_2389,0.4216000437736511,0.9077804088592529,0.8893911838531494,,
KPC3_2394,0.21667557954788208,0.8424679636955261,0.9164076447486877,,
KPC3_2398,0.7161767482757568,0.9075424075126648,0.8767301440238953,,
KPC3_239_4,0.3455173075199127,0.8995141983032227,0.8921352028846741,,
KPC3_23_0,0.37129083275794983,0.8830455541610718,0.9167037606239319,,
KPC3_2401,0.26967257261276245,0.82929927110672,0.9091802835464478,,
KPC3_2403,0.30309420824050903,0.816767692565918,0.9113398194313049,,
KPC3_240_5,0.5403081178665161,0.9124610424041748,0.9033300280570984,,
KPC3_240_8,0.6997224688529968,0.9175378084182739,0.9061667919158936,,
KPC3_2412,0.33271896839141846,0.8720679879188538,0.9190824031829834,,
KPC3_2413,0.3261187970638275,0.8113170862197876,0.8675522804260254,,
KPC3_2414,0.6647640466690063,0.9091054797172546,0.8852407336235046,,
KPC3_2415,0.25157952308654785,0.8335859775543213,0.8762592077255249,,
KPC3_2416,0.499660849571228,0.8870977163314819,0.8705299496650696,,
KPC3_2417,0.6519249081611633,0.9071993827819824,0.9026989340782166,,
KPC3_241_4,0.24279703199863434,0.8320817351341248,0.9153503775596619,,
KPC3_241_7,0.2564494013786316,0.7871459126472473,0.9318073391914368,,
KPC3_241_8,0.4960228502750397,0.8262445330619812,0.9399409890174866,,
KPC3_2420,0.6199434399604797,0.9257991909980774,0.9101877808570862,,
KPC3_2429,0.2221553921699524,0.8899612426757812,0.9085865020751953,,
KPC3_242_0,0.7868167161941528,0.923953115940094,0.9247525334358215,,
KPC3_2430,0.17365987598896027,0.8442704081535339,0.9284951090812683,,
KPC3_2431,0.47899457812309265,0.8824047446250916,0.8950409889221191,,
KPC3_2432,0.18749994039535522,0.8512040972709656,0.910780668258667,,
KPC3_2436,0.5298561453819275,0.8807361125946045,0.8959773182868958,,
KPC3_2438,0.3686130940914154,0.8745334148406982,0.9096986651420593,,
KPC3_243_6,0.5469391345977783,0.9274702668190002,0.9046856760978699,,
KPC3_243_7,0.6716516613960266,0.9289129376411438,0.9349199533462524,,
KPC3_2446,0.7378762364387512,0.9283111095428467,0.9062934517860413,,
KPC3_2447,0.798214852809906,0.9400432109832764,0.9147663116455078,,
KPC3_2448,0.7575336694717407,0.9394723176956177,0.8950828313827515,,
KPC3_2450,0.7750235795974731,0.9537320733070374,0.9126237034797668,,
KPC3_2451,0.6558801531791687,0.9418221712112427,0.9028541445732117,,
KPC3_2453,0.516367495059967,0.9206473231315613,0.8922712206840515,,
KPC3_2454,0.5359941720962524,0.914836585521698,0.9082618951797485,,
KPC3_2455,0.8024628162384033,0.9391972422599792,0.9230337142944336,,
KPC3_2463,0.37529754638671875,0.8567731976509094,0.9130592942237854,,
KPC3_2465,0.23562724888324738,0.83558189868927,0.9105944633483887,,
KPC3_2466,0.27675095200538635,0.8145834803581238,0.9174529314041138,,
KPC3_246_3,0.591081976890564,0.8949491381645203,0.8670328259468079,,
KPC3_2470,0.4173085391521454,0.8630282282829285,0.8684177994728088,,
KPC3_2471,0.2930976450443268,0.8173112869262695,0.9105086326599121,,
KPC3_2472,0.37854158878326416,0.787839412689209,0.8985406160354614,,
KPC3_2475,0.3774184286594391,0.8512221574783325,0.9179165959358215,,
KPC3_2476,0.40666303038597107,0.8359119296073914,0.929394543170929,,
KPC3_247_9,0.19854511320590973,0.8714908957481384,0.9127885103225708,,
KPC3_2486,0.5850346684455872,0.8590686917304993,0.875707745552063,,
KPC3_2491,0.7654433250427246,0.9453601837158203,0.9202733039855957,,
KPC3_2494,0.8069466948509216,0.957032322883606,0.9219788312911987,,
KPC3_2496,0.7457467317581177,0.9532151222229004,0.9177404642105103,,
KPC3_2499,0.611976683139801,0.9358110427856445,0.9132785201072693,,
KPC3_249_0,0.5730847120285034,0.9128212928771973,0.9106634855270386,,
KPC3_249_5,0.5157725811004639,0.9100775122642517,0.9101288318634033,,
KPC3_249_7,0.4530872404575348,0.9059696197509766,0.9045262932777405,,
KPC3_24_5,0.5779839754104614,0.9046205878257751,0.9012393951416016,,
KPC3_24_6,0.26482093334198,0.8580142259597778,0.9039757251739502,,
KPC3_2507,0.2557767927646637,0.8570317625999451,0.9076341986656189,,
KPC3_2509,0.7329989671707153,0.9007886648178101,0.8612470030784607,,
KPC3_251_2,0.7239052057266235,0.946418046951294,0.9106793999671936,,
KPC3_2523,0.5117578506469727,0.9074056148529053,0.9064881801605225,,
KPC3_2526,0.1919536590576172,0.8658602833747864,0.9334993958473206,,
KPC3_2529,0.39641985297203064,0.8724275231361389,0.8790590763092041,,
KPC3_252_1,0.4052794873714447,0.8746455907821655,0.8938177227973938,,
KPC3_252_3,0.41746073961257935,0.8872140049934387,0.895408570766449,,
KPC3_252_9,0.25538191199302673,0.8685473203659058,0.9048243165016174,,
KPC3_2538,0.5155472755432129,0.8223097920417786,0.8657131791114807,,
KPC3_2542,0.9052813053131104,0.9249852299690247,0.8800934553146362,,
KPC3_2545,0.7595598101615906,0.8997683525085449,0.8887073993682861,,
KPC3_2546,0.6621257662773132,0.916961669921875,0.9125576615333557,,
KPC3_254_1,0.611319363117218,0.9223511219024658,0.9107503294944763,,
KPC3_254_6,0.7341557145118713,0.9210087656974792,0.9047130942344666,,
KPC3_2550,0.17004753649234772,0.8324371576309204,0.8877641558647156,,
KPC3_255_3,0.5047507286071777,0.8905472159385681,0.9137011170387268,,
KPC3_2560,0.7667155861854553,0.891042172908783,0.8859171271324158,,
KPC3_2562,0.314961701631546,0.7312804460525513,0.8570703864097595,,
KPC3_2564,0.712695300579071,0.9051826000213623,0.8684051036834717,,
KPC3_2569,0.2833172380924225,0.6522045135498047,0.8678109645843506,,
KPC3_256_2,0.7929819822311401,0.9346729516983032,0.9289170503616333,,
KPC3_256_3,0.4604719281196594,0.9095900654792786,0.9031436443328857,,
KPC3_256_8,0.7048606276512146,0.9283705353736877,0.9090956449508667,,
KPC3_2572,0.7425275444984436,0.9043309092521667,0.9115350246429443,,
KPC3_257_4,0.4443865716457367,0.8761047720909119,0.8917638659477234,,
KPC3_257_7,0.3456653356552124,0.8666242361068726,0.8960634469985962,,
KPC3_2580,0.4267719089984894,0.8184154629707336,0.8708943128585815,,
KPC3_2583,0.4198121130466461,0.8687582015991211,0.8771553635597229,,
KPC3_2585,0.582389771938324,0.8605005145072937,0.8805695176124573,,
KPC3_2586,0.28970420360565186,0.7947350144386292,0.8703385591506958,,
KPC3_2603,0.6092343330383301,0.9251095056533813,0.9062316417694092,,
KPC3_2607,0.8567020893096924,0.9597740769386292,0.9331598877906799,,
KPC3_2608,0.8061183094978333,0.955645740032196,0.9131036996841431,,
KPC3_2617,0.8539152145385742,0.9413195848464966,0.9089793562889099,,
KPC3_2618,0.41576799750328064,0.8874752521514893,0.8921603560447693,,
KPC3_261_6,0.7147629261016846,0.9405950903892517,0.9344974756240845,,
KPC3_2627,0.2604209780693054,0.8374959230422974,0.8886834383010864,,
KPC3_262_8,0.5252071619033813,0.9107427597045898,0.8952674865722656,,
KPC3_2635,0.8236136436462402,0.9525412321090698,0.9294000864028931,,
KPC3_2638,0.49893003702163696,0.9272533655166626,0.906516432762146,,
KPC3_263_6,0.7001258730888367,0.9430425763130188,0.9260483384132385,,
KPC3_2640,0.6694738864898682,0.941166341304779,0.9016385078430176,,
KPC3_2641,0.7514052987098694,0.9510281682014465,0.9294235706329346,,
KPC3_2643,0.7243068814277649,0.9448596239089966,0.9007704854011536,,
KPC3_2645,0.8687248229980469,0.9580996632575989,0.9290834069252014,,
KPC3_2646,0.772618293762207,0.9364199638366699,0.899797797203064,,
KPC3_264_0,0.7178775072097778,0.9266002774238586,0.9124026894569397,,
KPC3_264_4,0.6709102392196655,0.9162306785583496,0.9142099618911743,,
KPC3_264_8,0.29964762926101685,0.8848697543144226,0.9107860922813416,,
KPC3_264_9,0.7643739581108093,0.9136307239532471,0.9085580110549927,,
KPC3_2652,0.3909742534160614,0.8857319951057434,0.879833459854126,,
KPC3_2653,0.46868810057640076,0.8943085670471191,0.8787137866020203,,
KPC3_2656,0.7090946435928345,0.9034155011177063,0.854698121547699,,
KPC3_265_4,0.782446563243866,0.9164322018623352,0.9133420586585999,,
KPC3_2667,0.5023424029350281,0.7443501353263855,0.8822396993637085,,
KPC3_2670,0.5681298971176147,0.8792714476585388,0.9155259132385254,,
KPC3_2671,0.7679200172424316,0.8988667726516724,0.8691957592964172,,
KPC3_2673,0.8232038617134094,0.9158754348754883,0.8815686106681824,,
KPC3_2679,0.22707386314868927,0.8556728363037109,0.8835086822509766,,
KPC3_267_3,0.8158783316612244,0.9489883780479431,0.9005153179168701,,
KPC3_2680,0.6980515122413635,0.9402406215667725,0.9202657341957092,,
KPC3_2681,0.8871346712112427,0.9608273506164551,0.9260692596435547,,
KPC3_2682,0.6554418802261353,0.9457771182060242,0.8966829180717468,,
KPC3_2683,0.8975338935852051,0.9505923390388489,0.8855370879173279,,
KPC3_2685,0.8563110828399658,0.9498342275619507,0.9210425615310669,,
KPC3_2688,0.5494106411933899,0.9165472388267517,0.8965771198272705,,
KPC3_2689,0.8944939970970154,0.961514949798584,0.9338282346725464,,
KPC3_268_4,0.2807750999927521,0.8602598905563354,0.8996127843856812,,
KPC3_2691,0.8692365884780884,0.9437375664710999,0.915109395980835,,
KPC3_2693,0.682011604309082,0.9150348901748657,0.8874819278717041,,
KPC3_2694,0.7927541732788086,0.9470180869102478,0.9180954098701477,,
KPC3_2696,0.6087349653244019,0.9257098436355591,0.9009955525398254,,
KPC3_2697,0.3871161639690399,0.8848487138748169,0.8945344090461731,,
KPC3_269_4,0.6600179672241211,0.9059668779373169,0.8737337589263916,,
KPC3_269_6,0.49582239985466003,0.9098470211029053,0.9041260480880737,,
KPC3_26_8,0.4501495063304901,0.9198612570762634,0.887570321559906,,
KPC3_270_1,0.4535619020462036,0.8779800534248352,0.8960593938827515,,
KPC3_270_4,0.326101690530777,0.8371400833129883,0.9128895998001099,,
KPC3_270_6,0.33199143409729004,0.8836303353309631,0.894333004951477,,
KPC3_2713,0.38761764764785767,0.9036750793457031,0.9052153825759888,,
KPC3_2715,0.9114862084388733,0.9544349312782288,0.9023484587669373,,
KPC3_2717,0.7522134184837341,0.9395170211791992,0.90395188331604,,
KPC3_2720,0.7304244637489319,0.9251838326454163,0.8806303143501282,,
KPC3_2730,0.5087040662765503,0.9135390520095825,0.9028897285461426,,
KPC3_2734,0.8489727973937988,0.9523183703422546,0.8974698185920715,,
KPC3_2739,0.6638284921646118,0.9254070520401001,0.9061391353607178,,
KPC3_273_1,0.3012891411781311,0.8634191155433655,0.902545690536499,,
KPC3_273_7,0.2798733413219452,0.8578773140907288,0.8933072686195374,,
KPC3_2740,0.5497859716415405,0.9295797944068909,0.9057824015617371,,
KPC3_2743,0.688681423664093,0.94473797082901,0.9129823446273804,,
KPC3_2744,0.7842351198196411,0.9517066478729248,0.9081575870513916,,
KPC3_2748,0.5361747145652771,0.928627073764801,0.8959763050079346,,
KPC3_2749,0.7639058232307434,0.9364029169082642,0.9109653234481812,,
KPC3_274_8,0.33571532368659973,0.8776067495346069,0.8989388346672058,,
KPC3_2750,0.814652681350708,0.9505188465118408,0.8886966705322266,,
KPC3_2752,0.5364726185798645,0.9234590530395508,0.9004096984863281,,
KPC3_2754,0.7984957098960876,0.9045080542564392,0.8907736539840698,,
KPC3_2757,0.25899872183799744,0.8773350119590759,0.9006026387214661,,
KPC3_2759,0.7881932854652405,0.9292572736740112,0.912559986114502,,
KPC3_275_5,0.44101592898368835,0.8664156794548035,0.8956425189971924,,
KPC3_2760,0.7992193102836609,0.9386582374572754,0.9410922527313232,,
KPC3_2761,0.642667829990387,0.915165364742279,0.9223138689994812,,
KPC3_2762,0.8924746513366699,0.9469736218452454,0.9130164980888367,,
KPC3_2763,0.6032350659370422,0.9265162348747253,0.9093508124351501,,
KPC3_2767,0.5477364659309387,0.9222278594970703,0.9042558073997498,,
KPC3_276_1,0.6727590560913086,0.9487279057502747,0.9177597761154175,,
KPC3_276_2,0.728747546672821,0.9424467086791992,0.9321065545082092,,
KPC3_276_6,0.7750274538993835,0.930528461933136,0.9320591688156128,,
KPC3_2770,0.37084218859672546,0.8416497707366943,0.9085054993629456,,
KPC3_2778,0.3941965699195862,0.8595454692840576,0.848554253578186,,
KPC3_2779,0.3638467490673065,0.8693492412567139,0.9147570729255676,,
KPC3_2782,0.5321993231773376,0.9087343811988831,0.9016644358634949,,
KPC3_2787,0.9408268928527832,0.9665881991386414,0.9139794111251831,,
KPC3_278_2,0.5366984605789185,0.9035575985908508,0.9048646092414856,,
KPC3_278_4,0.3196192681789398,0.8911682963371277,0.9022190570831299,,
KPC3_2790,0.724652111530304,0.9083489775657654,0.9083694815635681,,
KPC3_2794,0.8215574026107788,0.9393145442008972,0.9205142855644226,,
KPC3_2799,0.8336158990859985,0.9463235139846802,0.9157307744026184,,
KPC3_27_5,0.4341415464878082,0.8561694025993347,0.902694046497345,,
KPC3_2800,0.2495354413986206,0.859462559223175,0.9026868343353271,,
KPC3_2802,0.5266922116279602,0.8849380612373352,0.8679038882255554,,
KPC3_2805,0.5245108604431152,0.8848605751991272,0.8763437867164612,,
KPC3_280_6,0.6861661076545715,0.9302275776863098,0.8871871829032898,,
KPC3_2814,0.3722571134567261,0.8851826190948486,0.8644152879714966,,
KPC3_2815,0.5702470541000366,0.9181393384933472,0.8860979676246643,,
KPC3_2819,0.8132156729698181,0.9476656913757324,0.8932098150253296,,
KPC3_2821,0.6237062811851501,0.9440552592277527,0.9119677543640137,,
KPC3_2827,0.6619489789009094,0.9410266876220703,0.8930181860923767,,
KPC3_2828,0.8210955262184143,0.9487845301628113,0.909028947353363,,
KPC3_283_2,0.26046183705329895,0.8633249402046204,0.8996352553367615,,
KPC3_283_4,0.20069620013237,0.7919105291366577,0.8976964950561523,,
KPC3_283_6,0.22433139383792877,0.8452072143554688,0.9188393354415894,,
KPC3_283_7,0.22406278550624847,0.8389813899993896,0.9280935525894165,,
KPC3_2842,0.7040595412254333,0.9386208057403564,0.9183247685432434,,
KPC3_2844,0.6491628885269165,0.9423395395278931,0.9383001923561096,,
KPC3_2846,0.7111958861351013,0.9396071434020996,0.9197689294815063,,
KPC3_2848,0.5536640882492065,0.9247483015060425,0.9316681623458862,,
KPC3_2850,0.6623772978782654,0.9461575150489807,0.9085975289344788,,
KPC3_2853,0.7855335474014282,0.9406083822250366,0.9281118512153625,,
KPC3_2855,0.8351982831954956,0.9511348605155945,0.9047918915748596,,
KPC3_2867,0.596474289894104,0.9130005240440369,0.8904924988746643,,
KPC3_2872,0.7419381141662598,0.9363359808921814,0.8800362348556519,,
KPC3_2877,0.30369165539741516,0.907547116279602,0.8879004716873169,,
KPC3_2879,0.4775400161743164,0.8994917273521423,0.8851860761642456,,
KPC3_287_2,0.18865561485290527,0.810570240020752,0.9199337363243103,,
KPC3_287_5,0.2292977124452591,0.8322739005088806,0.8823315501213074,,
KPC3_287_9,0.2798347473144531,0.8515454530715942,0.913803219795227,,
KPC3_2889,0.4118947386741638,0.883295476436615,0.8989832401275635,,
KPC3_2890,0.7577841877937317,0.9461425542831421,0.9005699753761292,,
KPC3_2892,0.8708077073097229,0.9232744574546814,0.9199926853179932,,
KPC3_2894,0.7269537448883057,0.9234120845794678,0.9118112325668335,,
KPC3_2897,0.714117169380188,0.9439843893051147,0.9179704785346985,,
KPC3_289_7,0.7249828577041626,0.9261766672134399,0.8915204405784607,,
KPC3_2909,0.5436519384384155,0.8697078824043274,0.8518325686454773,,
KPC3_290_1,0.4285843074321747,0.8512328863143921,0.8725379705429077,,
KPC3_290_5,0.5057593584060669,0.8864707946777344,0.8682321906089783,,
KPC3_290_6,0.21922220289707184,0.8367845416069031,0.8598337769508362,,
KPC3_2912,0.26200878620147705,0.7433974742889404,0.8757259845733643,,
KPC3_2915,0.32554304599761963,0.7846766710281372,0.8927401304244995,,
KPC3_291_2,0.28499719500541687,0.8589707016944885,0.8970200419425964,,
KPC3_291_7,0.2802745997905731,0.7073668241500854,0.889287531375885,,
KPC3_2923,0.47781023383140564,0.7812695503234863,0.8823338747024536,,
KPC3_2925,0.7444913983345032,0.9268944263458252,0.8685402274131775,,
KPC3_2926,0.6191081404685974,0.9198793768882751,0.8874152898788452,,
KPC3_2927,0.33237260580062866,0.886484682559967,0.9100853204727173,,
KPC3_292_8,0.37180095911026,0.8803423643112183,0.8785439729690552,,
KPC3_2930,0.5316470265388489,0.8852513432502747,0.8636995553970337,,
KPC3_2932,0.17979681491851807,0.8585395216941833,0.8949896097183228,,
KPC3_293_4,0.24726292490959167,0.8521713018417358,0.8765162229537964,,
KPC3_293_6,0.34563374519348145,0.8491968512535095,0.8907057046890259,,
KPC3_293_7,0.2820722460746765,0.8248214721679688,0.8793984055519104,,
KPC3_2940,0.8414701223373413,0.9586447477340698,0.9072891473770142,,
KPC3_2946,0.7248775362968445,0.951734721660614,0.9153321981430054,,
KPC3_2948,0.7946966290473938,0.9478785991668701,0.9179899096488953,,
KPC3_2949,0.8538488149642944,0.9605951905250549,0.9136242270469666,,
KPC3_294_1,0.9726954698562622,0.9578579068183899,0.9456340670585632,,
KPC3_2957,0.26216256618499756,0.8711054921150208,0.909122884273529,,
KPC3_2958,0.6313542127609253,0.8685798048973083,0.8762235045433044,,
KPC3_2960,0.6806067228317261,0.93369460105896,0.9066264629364014,,
KPC3_2961,0.6304250359535217,0.9236764311790466,0.9067191481590271,,
KPC3_2963,0.7856230139732361,0.9343279004096985,0.9276992082595825,,
KPC3_2965,0.7751862406730652,0.9500253200531006,0.9111764430999756,,
KPC3_2966,0.763414204120636,0.946142315864563,0.9148271679878235,,
KPC3_2975,0.4506225287914276,0.887028157711029,0.9147635102272034,,
KPC3_2978,0.4277118444442749,0.8747026920318604,0.8549054265022278,,
KPC3_2979,0.42376551032066345,0.8805770874023438,0.8927902579307556,,
KPC3_297_1,0.2794112265110016,0.83600914478302,0.9075925946235657,,
KPC3_297_3,0.3670658469200134,0.861835777759552,0.912522554397583,,
KPC3_2981,0.25506114959716797,0.6915509104728699,0.851088285446167,,
KPC3_2983,0.6502732038497925,0.9055253863334656,0.8728108406066895,,
KPC3_2989,0.6497150659561157,0.8893176913261414,0.869817852973938,,
KPC3_2989_2,0.6497150659561157,0.8893176913261414,0.869817852973938,,
KPC3_2989_3,0.3313140869140625,0.6031059622764587,0.8700567483901978,,
KPC3_2989_4,0.5437438488006592,0.8354676961898804,0.8480626344680786,,
KPC3_298_0,0.26862430572509766,0.8005719184875488,0.8826876282691956,,
KPC3_298_5,0.40892401337623596,0.863946795463562,0.874597430229187,,
KPC3_2994,0.6956831812858582,0.9469057321548462,0.8983088135719299,,
KPC3_2996,0.7687162160873413,0.9572696685791016,0.9121825098991394,,
KPC3_2998,0.7835186719894409,0.9581140875816345,0.9355196952819824,,
KPC3_299_2,0.42137250304222107,0.8856666684150696,0.9152569770812988,,
KPC3_29_6,0.27559080719947815,0.8542991876602173,0.8823584914207458,,
KPC3_2_3,0.5616624355316162,0.9034721851348877,0.8975403904914856,,
KPC3_3011,0.6109865307807922,0.9142679572105408,0.8902773857116699,,
KPC3_3013,0.42734280228614807,0.8992637991905212,0.8883927464485168,,
KPC3_3016,0.5118004083633423,0.9064960479736328,0.8925022482872009,,
KPC3_3022,0.37416544556617737,0.8830803036689758,0.86282879114151,,
KPC3_3027,0.6898811459541321,0.9243456721305847,0.8753784894943237,,
KPC3_302_5,0.21146635711193085,0.8532348871231079,0.9063823819160461,,
KPC3_302_8,0.21975737810134888,0.8428968191146851,0.912225067615509,,
KPC3_3036,0.6718313097953796,0.9141706228256226,0.878517210483551,,
KPC3_3039,0.40620237588882446,0.891707181930542,0.8714420795440674,,
KPC3_3040,0.3735784888267517,0.8975213170051575,0.8897934556007385,,
KPC3_3041,0.6607261300086975,0.9300747513771057,0.8925223350524902,,
KPC3_3042,0.7389341592788696,0.9285051226615906,0.8912313580513,,
KPC3_3044,0.4556633234024048,0.9088202118873596,0.8854973316192627,,
KPC3_3047,0.468279093503952,0.9138672947883606,0.8939328789710999,,
KPC3_304_0,0.29652056097984314,0.8604681491851807,0.8603529930114746,,
KPC3_304_3,0.613925039768219,0.8944849967956543,0.8635249733924866,,
KPC3_304_7,0.23819540441036224,0.8395838737487793,0.9030330181121826,,
KPC3_3050,0.6098270416259766,0.9010950922966003,0.8903135061264038,,
KPC3_3054,0.5104653239250183,0.8122923970222473,0.8478515148162842,,
KPC3_3065,0.46266114711761475,0.8677064180374146,0.849560558795929,,
KPC3_306_3,0.5622332096099854,0.928008496761322,0.8966862559318542,,
KPC3_306_8,0.7234636545181274,0.9321433305740356,0.9031883478164673,,
KPC3_3076,0.3497384488582611,0.9099146723747253,0.9033891558647156,,
KPC3_307_2,0.3665938377380371,0.8825291991233826,0.8975311517715454,,
KPC3_307_8,0.4232598543167114,0.8846508860588074,0.8949869871139526,,
KPC3_3083,0.5458030104637146,0.9237679839134216,0.904299795627594,,
KPC3_3086,0.8562743663787842,0.9482235908508301,0.922452449798584,,
KPC3_3087,0.7488225102424622,0.9396206736564636,0.8964343667030334,,
KPC3_308_0,0.19860118627548218,0.8765130043029785,0.8893368244171143,,
KPC3_308_9,0.6240587830543518,0.8981558680534363,0.8777139782905579,,
KPC3_3092,0.5816258192062378,0.9316607713699341,0.9048790335655212,,
KPC3_3095,0.6026263236999512,0.9293051362037659,0.9068599343299866,,
KPC3_3098,0.3257262110710144,0.9069293141365051,0.897666871547699,,
KPC3_3099,0.6255096793174744,0.9091535210609436,0.9033456444740295,,
KPC3_309_3,0.628196120262146,0.9168455600738525,0.9106221795082092,,
KPC3_30_1,0.4940737187862396,0.9444590210914612,0.9286429286003113,,
KPC3_30_6,0.665361762046814,0.9264907836914062,0.9120383858680725,,
KPC3_30_7,0.4312572181224823,0.9406248331069946,0.9317675828933716,,
KPC3_3100,0.6929742693901062,0.9292175769805908,0.9183371067047119,,
KPC3_3105,0.6529730558395386,0.9332174062728882,0.9158582091331482,,
KPC3_3106,0.5992010831832886,0.934836208820343,0.8944389820098877,,
KPC3_3108,0.8466958999633789,0.9414239525794983,0.9117174744606018,,
KPC3_3109,0.7512849569320679,0.9486342668533325,0.901545524597168,,
KPC3_310_0,0.4716070592403412,0.9160587191581726,0.9166562557220459,,
KPC3_310_2,0.8578460216522217,0.954352855682373,0.9176427721977234,,
KPC3_310_3,0.8090035319328308,0.9472160339355469,0.9126604199409485,,
KPC3_310_4,0.617805004119873,0.9245904088020325,0.9100486636161804,,
KPC3_3115,0.7415803670883179,0.9193766117095947,0.8906193375587463,,
KPC3_311_4,0.6851990222930908,0.9197232127189636,0.9182384014129639,,
KPC3_311_7,0.8003236651420593,0.9465187788009644,0.9358486533164978,,
KPC3_3121,0.3220025599002838,0.8499323129653931,0.8961450457572937,,
KPC3_312_8,0.5778957605361938,0.913827657699585,0.8975732922554016,,
KPC3_312_9,0.2852756381034851,0.8724356889724731,0.925758421421051,,
KPC3_3134,0.4813929796218872,0.8914903998374939,0.8737075924873352,,
KPC3_3138,0.7085524201393127,0.9301552176475525,0.8705089092254639,,
KPC3_313_0,0.16079287230968475,0.8441600799560547,0.8962274789810181,,
KPC3_313_7,0.5534012913703918,0.879949688911438,0.886935830116272,,
KPC3_313_8,0.41433197259902954,0.8775167465209961,0.905868411064148,,
KPC3_313_9,0.5156619548797607,0.778347909450531,0.890842616558075,,
KPC3_3145,0.3517785966396332,0.8140020966529846,0.8787811994552612,,
KPC3_3146,0.7670814394950867,0.8976379036903381,0.8766987919807434,,
KPC3_3148,0.501838743686676,0.8687207102775574,0.8419599533081055,,
KPC3_314_7,0.6449795365333557,0.9140086770057678,0.9149513244628906,,
KPC3_314_9,0.33000627160072327,0.8933985233306885,0.8824734091758728,,
KPC3_3154,0.6748722791671753,0.9024659991264343,0.8810514211654663,,
KPC3_315_9,0.6446376442909241,0.881264865398407,0.9009664058685303,,
KPC3_3168,0.5547820329666138,0.8720701336860657,0.8656674027442932,,
KPC3_3169,0.6407541036605835,0.912763237953186,0.8813103437423706,,
KPC3_3170,0.8263435363769531,0.9132508039474487,0.8926993608474731,,
KPC3_3171,0.41537290811538696,0.8918213248252869,0.890446126461029,,
KPC3_3175,0.8078003525733948,0.9407246708869934,0.8933696746826172,,
KPC3_3176,0.6622431874275208,0.92140793800354,0.8911473751068115,,
KPC3_3177,0.4369574785232544,0.887888491153717,0.8873213529586792,,
KPC3_317_0,0.8830018043518066,0.9425549507141113,0.9456561207771301,,
KPC3_3181,0.5949074625968933,0.9398611187934875,0.9195054173469543,,
KPC3_3182,0.6383904218673706,0.9499580264091492,0.9272584319114685,,
KPC3_3184,0.5621291399002075,0.94002765417099,0.9154291152954102,,
KPC3_3185,0.9115129113197327,0.9609085321426392,0.9357073307037354,,
KPC3_3187,0.8229045867919922,0.9412916898727417,0.9298934936523438,,
KPC3_3189,0.5226335525512695,0.9457225203514099,0.9211990833282471,,
KPC3_3191,0.3743375539779663,0.8184947967529297,0.8832927346229553,,
KPC3_319_2,0.30397912859916687,0.8773990273475647,0.9188709855079651,,
KPC3_319_4,0.3357272148132324,0.8729650378227234,0.9238352179527283,,
KPC3_31_1,0.2656000554561615,0.9278400540351868,0.9210980534553528,,
KPC3_31_6,0.48912444710731506,0.9439134001731873,0.9221054911613464,,
KPC3_31_9,0.665310800075531,0.934547483921051,0.9217403531074524,,
KPC3_3202,0.6304425001144409,0.9096456170082092,0.8770753145217896,,
KPC3_320_9,0.5475584864616394,0.8930538296699524,0.9049244523048401,,
KPC3_3213,0.344617635011673,0.8809186220169067,0.8792569637298584,,
KPC3_3213_2,0.344617635011673,0.8809186220169067,0.8792569637298584,,
KPC3_3213_3,0.7277472615242004,0.9250180125236511,0.8906724452972412,,
KPC3_3213_4,0.586381196975708,0.8875885009765625,0.883401095867157,,
KPC3_3215,0.37476128339767456,0.8964978456497192,0.8809557557106018,,
KPC3_3216,0.4131262004375458,0.8911465406417847,0.9001206159591675,,
KPC3_3216_2,0.4131262004375458,0.8911465406417847,0.9001206159591675,,
KPC3_3216_3,0.5721535682678223,0.9035280346870422,0.8936388492584229,,
KPC3_3216_4,0.6290743350982666,0.919353187084198,0.8870106935501099,,
KPC3_321_4,0.6581993699073792,0.9195481538772583,0.9264949560165405,,
KPC3_3220,0.5375508069992065,0.9129982590675354,0.8905897736549377,,
KPC3_3223,0.3960796296596527,0.8986231088638306,0.8707970380783081,,
KPC3_3226,0.23427122831344604,0.8838011622428894,0.878462553024292,,
KPC3_3230,0.24947603046894073,0.6355833411216736,0.850052535533905,,
KPC3_3233,0.39038363099098206,0.837714672088623,0.8767549395561218,,
KPC3_3235,0.47886794805526733,0.7875359058380127,0.8710083365440369,,
KPC3_3237,0.5488203763961792,0.8848936557769775,0.8494782447814941,,
KPC3_323_8,0.4198324382305145,0.7576929926872253,0.8907119631767273,,
KPC3_3241,0.7100423574447632,0.8992806673049927,0.8741250038146973,,
KPC3_3244,0.7308380603790283,0.871082603931427,0.882496178150177,,
KPC3_3251,0.7860952615737915,0.9533382654190063,0.9157150983810425,,
KPC3_3253,0.6338797211647034,0.9471113681793213,0.9172515869140625,,
KPC3_3255,0.709125816822052,0.9503224492073059,0.9216421842575073,,
KPC3_3256,0.7089208364486694,0.9395915269851685,0.9296934604644775,,
KPC3_325_2,0.8152973651885986,0.9327139258384705,0.9199760556221008,,
KPC3_325_8,0.6757339835166931,0.9233109354972839,0.9465653896331787,,
KPC3_3263,0.802577793598175,0.9456760287284851,0.9079846739768982,,
KPC3_3264,0.8441528677940369,0.9579154849052429,0.8898298144340515,,
KPC3_3265,0.2821672260761261,0.8790196180343628,0.9010854363441467,,
KPC3_3266,0.8205696940422058,0.9289085268974304,0.8862414956092834,,
KPC3_326_1,0.7751316428184509,0.9282107949256897,0.8621383309364319,,
KPC3_3273,0.5752833485603333,0.9008998274803162,0.8910609483718872,,
KPC3_3277,0.48090508580207825,0.8704651594161987,0.8763248324394226,,
KPC3_327_4,0.9056689739227295,0.9455966949462891,0.9400496482849121,,
KPC3_3282,0.6620283126831055,0.8945510983467102,0.8854077458381653,,
KPC3_3290,0.30309218168258667,0.8728381991386414,0.8930057883262634,,
KPC3_3292,0.4616660177707672,0.8440091609954834,0.8585602641105652,,
KPC3_3295,0.23363980650901794,0.8404870629310608,0.8886706829071045,,
KPC3_3303,0.6782495379447937,0.9074453711509705,0.8721427321434021,,
KPC3_3305,0.8202996850013733,0.9489035606384277,0.8946199417114258,,
KPC3_3306,0.7119321227073669,0.9125786423683167,0.8870006799697876,,
KPC3_3308,0.8105838894844055,0.9368997812271118,0.8975069522857666,,
KPC3_3309,0.41261738538742065,0.9001656770706177,0.8967167139053345,,
KPC3_3309_2,0.41261738538742065,0.9001656770706177,0.8967167139053345,,
KPC3_3309_3,0.35682299733161926,0.9025769233703613,0.8996780514717102,,
KPC3_3309_4,0.39364078640937805,0.8869567513465881,0.8973895311355591,,
KPC3_330_8,0.4240882396697998,0.8486753106117249,0.9172038435935974,,
KPC3_3315,0.5702905654907227,0.8442723751068115,0.8700639605522156,,
KPC3_331_4,0.2281387448310852,0.6223754286766052,0.8949788212776184,,
KPC3_3320,0.7302431464195251,0.8728995323181152,0.8479361534118652,,
KPC3_3330,0.8045325875282288,0.9084546566009521,0.8834259510040283,,
KPC3_3336,0.7211894989013672,0.9106051921844482,0.8832575678825378,,
KPC3_333_0,0.2580249011516571,0.8170212507247925,0.8732114434242249,,
KPC3_333_1,0.3079412579536438,0.8755984902381897,0.8895971179008484,,
KPC3_333_3,0.5938065052032471,0.8946964144706726,0.8993948698043823,,
KPC3_333_6,0.37892112135887146,0.8445920348167419,0.8834511041641235,,
KPC3_3345,0.4073329567909241,0.8820338845252991,0.841804027557373,,
KPC3_3349,0.1949249655008316,0.8576017618179321,0.9182687997817993,,
KPC3_334_6,0.6645667552947998,0.9165307283401489,0.8870631456375122,,
KPC3_3350,0.6754031777381897,0.938931405544281,0.9013646245002747,,
KPC3_3352,0.5882250666618347,0.926105260848999,0.9009541273117065,,
KPC3_3355,0.7466691732406616,0.951237678527832,0.9033011794090271,,
KPC3_3355_2,0.7466691732406616,0.951237678527832,0.9033011794090271,,
KPC3_3355_3,0.8621525168418884,0.9571998715400696,0.916731595993042,,
KPC3_3355_4,0.7435896396636963,0.9497102499008179,0.9026282429695129,,
KPC3_3357,0.6851137280464172,0.9382614493370056,0.9142377972602844,,
KPC3_3358,0.6621177196502686,0.9458919167518616,0.9110602140426636,,
KPC3_3364,0.7489203810691833,0.9476225972175598,0.925010085105896,,
KPC3_336_4,0.23005566000938416,0.8734264373779297,0.89586341381073,,
KPC3_336_9,0.44127070903778076,0.9087071418762207,0.9052168130874634,,
KPC3_3371,0.8671391010284424,0.9590020775794983,0.9118665456771851,,
KPC3_3375,0.6430869102478027,0.930328905582428,0.9071081280708313,,
KPC3_3376,0.5916404724121094,0.9213767051696777,0.9017177224159241,,
KPC3_3379,0.7375149726867676,0.9340524673461914,0.9143294095993042,,
KPC3_337_0,0.15865401923656464,0.8446463942527771,0.9117264151573181,,
KPC3_337_2,0.3208635449409485,0.8655173778533936,0.9186683297157288,,
KPC3_337_3,0.2760057747364044,0.8492465019226074,0.8866049647331238,,
KPC3_337_4,0.318481981754303,0.8724552392959595,0.9237983226776123,,
KPC3_337_6,0.2040432244539261,0.8176002502441406,0.9082494378089905,,
KPC3_337_7,0.2976822555065155,0.8575770854949951,0.9041550755500793,,
KPC3_337_9,0.351728618144989,0.8005545735359192,0.8969531059265137,,
KPC3_3389,0.6040786504745483,0.8937355279922485,0.8692736625671387,,
KPC3_339_0,0.6062169671058655,0.874419629573822,0.8978726863861084,,
KPC3_339_1,0.6181361675262451,0.9215390086174011,0.8767921328544617,,
KPC3_339_2,0.32751238346099854,0.8949480652809143,0.9080830216407776,,
KPC3_339_3,0.3049839735031128,0.8845489025115967,0.8973428010940552,,
KPC3_339_4,0.2146633416414261,0.8736147284507751,0.8906033635139465,,
KPC3_339_6,0.4083994925022125,0.8694964647293091,0.8917475342750549,,
KPC3_339_7,0.6626036167144775,0.9110457301139832,0.8977345824241638,,
KPC3_33_0,0.544706404209137,0.9064335227012634,0.9100542068481445,,
KPC3_33_4,0.2029036581516266,0.8836498856544495,0.9051821827888489,,
KPC3_33_5,0.5747619271278381,0.9030433893203735,0.9027716517448425,,
KPC3_33_9,0.6448957920074463,0.905691921710968,0.8965739011764526,,
KPC3_3400,0.7064778208732605,0.8786537051200867,0.8659147620201111,,
KPC3_340_0,0.30191418528556824,0.8720983862876892,0.8940826654434204,,
KPC3_340_1,0.20002032816410065,0.8616493940353394,0.8987878561019897,,
KPC3_340_2,0.22113457322120667,0.8683099150657654,0.8824912309646606,,
KPC3_340_6,0.2600317895412445,0.8719543218612671,0.8932342529296875,,
KPC3_340_8,0.19260291755199432,0.8625030517578125,0.9011814594268799,,
KPC3_340_9,0.24214628338813782,0.8459324240684509,0.8864284157752991,,
KPC3_3410,0.6754490733146667,0.9447017908096313,0.9109885096549988,,
KPC3_341_1,0.33715251088142395,0.8502793908119202,0.8931671977043152,,
KPC3_341_3,0.343340665102005,0.8229066729545593,0.9028736352920532,,
KPC3_341_5,0.40487539768218994,0.8197072148323059,0.8897708058357239,,
KPC3_3422,0.48139527440071106,0.8930670619010925,0.9034839868545532,,
KPC3_3424,0.6202406287193298,0.8777570128440857,0.8922550678253174,,
KPC3_3426,0.7904849648475647,0.9315207004547119,0.8976280093193054,,
KPC3_3427,0.5599600076675415,0.9129735827445984,0.8970283269882202,,
KPC3_3429,0.7736238241195679,0.9440537095069885,0.9071890115737915,,
KPC3_342_3,0.28372055292129517,0.8995046615600586,0.9043937921524048,,
KPC3_342_4,0.34484025835990906,0.8936365842819214,0.8980976939201355,,
KPC3_342_9,0.8323588967323303,0.8995071649551392,0.8848199248313904,,
KPC3_3436,0.36427050828933716,0.8628363013267517,0.8533132076263428,,
KPC3_3437,0.5736379027366638,0.9001302123069763,0.8608729243278503,,
KPC3_3437_2,0.5736379027366638,0.9001302123069763,0.8608729243278503,,
KPC3_3437_3,0.5599908232688904,0.8962622880935669,0.8838849067687988,,
KPC3_3437_4,0.42046916484832764,0.878206193447113,0.8680501580238342,,
KPC3_3439,0.2391654998064041,0.8675793409347534,0.9105679392814636,,
KPC3_343_7,0.3919208347797394,0.8923457264900208,0.9055432677268982,,
KPC3_3442,0.6044835448265076,0.893646240234375,0.88492351770401,,
KPC3_3444,0.4165816307067871,0.9032599329948425,0.904837965965271,,
KPC3_3445,0.7262629866600037,0.9216417074203491,0.882349967956543,,
KPC3_3446,0.7025806307792664,0.9102278351783752,0.8819853663444519,,
KPC3_3447,0.36606651544570923,0.8955115079879761,0.8927918672561646,,
KPC3_3449,0.6602402925491333,0.9306182265281677,0.8930290341377258,,
KPC3_3453,0.6041689515113831,0.916799783706665,0.8859227895736694,,
KPC3_3455,0.7945595383644104,0.9337819814682007,0.8545823097229004,,
KPC3_345_6,0.359362930059433,0.9071563482284546,0.8936742544174194,,
KPC3_3460,0.35746902227401733,0.8984462022781372,0.8993372321128845,,
KPC3_3464,0.8030328750610352,0.9286719560623169,0.8960052132606506,,
KPC3_3465,0.7474246025085449,0.9308615922927856,0.9159069061279297,,
KPC3_3467,0.4012208878993988,0.8783066272735596,0.8843519687652588,,
KPC3_346_0,0.1386764794588089,0.8367112874984741,0.8622275590896606,,
KPC3_346_2,0.3533405065536499,0.8662152886390686,0.8783353567123413,,
KPC3_3472,0.49124208092689514,0.8693239092826843,0.8847816586494446,,
KPC3_3473,0.39114224910736084,0.8375326991081238,0.8682881593704224,,
KPC3_3474,0.6743537187576294,0.8982670307159424,0.8899933695793152,,
KPC3_3476,0.38412731885910034,0.8657200336456299,0.881105899810791,,
KPC3_3481,0.7469326853752136,0.9505950212478638,0.9323628544807434,,
KPC3_3484,0.6911974549293518,0.9535533785820007,0.9155299067497253,,
KPC3_3485,0.6950039863586426,0.9455126523971558,0.9301285743713379,,
KPC3_3486,0.737780749797821,0.9540883898735046,0.9119322299957275,,
KPC3_348_3,0.2518520951271057,0.8389774560928345,0.8752290606498718,,
KPC3_3492,0.62074214220047,0.9426538348197937,0.932974100112915,,
KPC3_3495,0.7892289757728577,0.9544180035591125,0.9319528937339783,,
KPC3_349_1,0.3389500677585602,0.8519614934921265,0.8736743927001953,,
KPC3_349_8,0.7163279056549072,0.8576774597167969,0.917756974697113,,
KPC3_34_9,0.8711535334587097,0.9563002586364746,0.9209731817245483,,
KPC3_3501,0.8375054597854614,0.9511176943778992,0.9106362462043762,,
KPC3_3503,0.7076694369316101,0.9421619772911072,0.9124405980110168,,
KPC3_3504,0.7315605878829956,0.93975830078125,0.9111446738243103,,
KPC3_3508,0.8946778774261475,0.9496263861656189,0.9007450938224792,,
KPC3_350_0,0.5217872858047485,0.9017335772514343,0.8858245611190796,,
KPC3_350_2,0.2977684438228607,0.7794606685638428,0.8779325485229492,,
KPC3_350_3,0.22472427785396576,0.8254915475845337,0.8767295479774475,,
KPC3_350_6,0.47158676385879517,0.8594049215316772,0.8724259734153748,,
KPC3_350_7,0.4828852713108063,0.800796389579773,0.8855138421058655,,
KPC3_3513,0.4960692524909973,0.8572559356689453,0.8943003416061401,,
KPC3_351_8,0.3357451558113098,0.873156726360321,0.8913266062736511,,
KPC3_352_2,0.20355883240699768,0.8444050550460815,0.9114274978637695,,
KPC3_352_4,0.3947243094444275,0.8043844103813171,0.9184932708740234,,
KPC3_352_8,0.386491596698761,0.8397821187973022,0.9245825409889221,,
KPC3_3536,0.8269813060760498,0.9453694224357605,0.8729672431945801,,
KPC3_3536_2,0.8269813060760498,0.9453694224357605,0.8729672431945801,,
KPC3_3536_3,0.517071008682251,0.8926113843917847,0.8788137435913086,,
KPC3_3536_4,0.381534606218338,0.881222128868103,0.8759461641311646,,
KPC3_3541,0.728385329246521,0.9387468099594116,0.9047159552574158,,
KPC3_3543,0.758938729763031,0.9412030577659607,0.8905068039894104,,
KPC3_3544,0.7494996786117554,0.9295578002929688,0.8995906710624695,,
KPC3_3546,0.7838311791419983,0.9514509439468384,0.9036269783973694,,
KPC3_3547,0.7645647525787354,0.9401887655258179,0.9177143573760986,,
KPC3_3548,0.6126531362533569,0.9322540163993835,0.9209845066070557,,
KPC3_3549,0.5342679619789124,0.8923400640487671,0.9094691276550293,,
KPC3_354_0,0.32431361079216003,0.8633872866630554,0.8796288371086121,,
KPC3_354_5,0.1952027678489685,0.8145216703414917,0.8775889277458191,,
KPC3_354_7,0.39057403802871704,0.8341677784919739,0.8799912333488464,,
KPC3_3552,0.5985169410705566,0.8294324278831482,0.8613964915275574,,
KPC3_3555,0.3653765022754669,0.880556046962738,0.9016892910003662,,
KPC3_3556,0.39896321296691895,0.722189724445343,0.9217045307159424,,
KPC3_3557,0.6262279152870178,0.90703284740448,0.8786023259162903,,
KPC3_355_1,0.4574431777000427,0.7803659439086914,0.8976613879203796,,
KPC3_356_4,0.22333133220672607,0.8099707961082458,0.9243103861808777,,
KPC3_356_6,0.38704782724380493,0.8462789058685303,0.9161185622215271,,
KPC3_356_8,0.2718092203140259,0.8396813869476318,0.919795036315918,,
KPC3_356_9,0.18320170044898987,0.6140637397766113,0.9124141335487366,,
KPC3_3572,0.6357397437095642,0.9186142086982727,0.8966538906097412,,
KPC3_3575,0.6488216519355774,0.9155045747756958,0.9228711128234863,,
KPC3_3577,0.6139208078384399,0.9209159016609192,0.8739734292030334,,
KPC3_357_0,0.491456538438797,0.9315633773803711,0.907234251499176,,
KPC3_357_3,0.42599472403526306,0.9099790453910828,0.9056252241134644,,
KPC3_357_6,0.7540304660797119,0.8758378624916077,0.9455312490463257,,
KPC3_3584,0.791108250617981,0.9321241974830627,0.931344211101532,,
KPC3_3591,0.3662833273410797,0.8509159088134766,0.8550609946250916,,
KPC3_3599,0.5055685639381409,0.8258928656578064,0.8720962405204773,,
KPC3_359_7,0.7737842202186584,0.9531478881835938,0.9122354984283447,,
KPC3_35_0,0.18469135463237762,0.8312884569168091,0.8877421021461487,,
KPC3_35_1,0.5252093076705933,0.8597419857978821,0.9155097603797913,,
KPC3_35_2,0.2585509121417999,0.8434870839118958,0.8860562443733215,,
KPC3_35_3,0.26390546560287476,0.6468265652656555,0.8978151082992554,,
KPC3_35_7,0.24198603630065918,0.7891249060630798,0.8858828544616699,,
KPC3_35_9,0.5146593451499939,0.8817376494407654,0.909753680229187,,
KPC3_3603,0.5554502606391907,0.8632054328918457,0.8609018921852112,,
KPC3_3604,0.7924628853797913,0.9336533546447754,0.8620527982711792,,
KPC3_3607,0.2476535588502884,0.8201659321784973,0.8901804089546204,,
KPC3_3609,0.30849790573120117,0.8321293592453003,0.8544013500213623,,
KPC3_360_1,0.21232004463672638,0.8604509830474854,0.889739453792572,,
KPC3_360_2,0.466275691986084,0.8587138056755066,0.9006813764572144,,
KPC3_360_9,0.3269388675689697,0.8510707020759583,0.8926451206207275,,
KPC3_3610,0.5066384077072144,0.839344322681427,0.8528059720993042,,
KPC3_3617,0.2463388442993164,0.8415695428848267,0.9072554111480713,,
KPC3_3622,0.3872548043727875,0.8832363486289978,0.8757464289665222,,
KPC3_3625,0.7221306562423706,0.9136096835136414,0.8871721029281616,,
KPC3_3627,0.6458878517150879,0.9039203524589539,0.8638359308242798,,
KPC3_363_0,0.8048015832901001,0.9222117066383362,0.9346293807029724,,
KPC3_363_2,0.7085692286491394,0.9329428672790527,0.8795608282089233,,
KPC3_363_5,0.7173159718513489,0.9141262173652649,0.8916958570480347,,
KPC3_363_6,0.16199395060539246,0.8646164536476135,0.9082959890365601,,
KPC3_363_8,0.5906651020050049,0.8968852162361145,0.917283833026886,,
KPC3_364_1,0.4859425723552704,0.8581871390342712,0.9220177531242371,,
KPC3_364_2,0.28156131505966187,0.855496346950531,0.9099258780479431,,
KPC3_364_8,0.19284804165363312,0.8560101389884949,0.9062909483909607,,
KPC3_3651,0.9039574265480042,0.9633879065513611,0.9075669050216675,,
KPC3_3655,0.8865560293197632,0.9597663283348083,0.9122957587242126,,
KPC3_3656,0.5830562710762024,0.9303508400917053,0.9161789417266846,,
KPC3_3657,0.641022801399231,0.9177676439285278,0.8979244828224182,,
KPC3_3658,0.78558349609375,0.9340019822120667,0.8944061398506165,,
KPC3_3658_2,0.78558349609375,0.9340019822120667,0.8944061398506165,,
KPC3_3658_3,0.6413949728012085,0.9360284209251404,0.8965206742286682,,
KPC3_3658_4,0.7372502088546753,0.9380087852478027,0.8984310626983643,,
KPC3_3659,0.6973176002502441,0.9382064938545227,0.8865727782249451,,
KPC3_365_1,0.73980712890625,0.928658664226532,0.8930314779281616,,
KPC3_365_2,0.17421339452266693,0.8850512504577637,0.8989775776863098,,
KPC3_365_4,0.5407593846321106,0.9090690016746521,0.8883394598960876,,
KPC3_365_7,0.5409582257270813,0.9087255001068115,0.8923475742340088,,
KPC3_3666,0.6980901956558228,0.922249972820282,0.8857664465904236,,
KPC3_3667,0.47465240955352783,0.8979741930961609,0.9132592082023621,,
KPC3_3668,0.6569080948829651,0.9119762182235718,0.8656418323516846,,
KPC3_366_2,0.38742533326148987,0.8356242775917053,0.8634471297264099,,
KPC3_366_3,0.2853202223777771,0.8392740488052368,0.9086472392082214,,
KPC3_3687,0.427101731300354,0.9044102430343628,0.9044357538223267,,
KPC3_3688,0.2916058599948883,0.9030967950820923,0.8960561752319336,,
KPC3_369_0,0.35400423407554626,0.9081565141677856,0.919400691986084,,
KPC3_369_4,0.5464870929718018,0.875933825969696,0.892353355884552,,
KPC3_369_5,0.32366809248924255,0.9038982391357422,0.915694534778595,,
KPC3_369_9,0.5576757788658142,0.8966361284255981,0.9038618803024292,,
KPC3_3701,0.24572928249835968,0.8942694664001465,0.9206686615943909,,
KPC3_3703,0.6239310503005981,0.9264760613441467,0.9113090634346008,,
KPC3_3705,0.2735915780067444,0.8891865611076355,0.9075543284416199,,
KPC3_3706,0.3923492431640625,0.8923103213310242,0.8994340300559998,,
KPC3_3707,0.44148024916648865,0.8839331865310669,0.8850202560424805,,
KPC3_3717,0.2253354787826538,0.8527652025222778,0.911530077457428,,
KPC3_3718,0.5041709542274475,0.9034870862960815,0.8536142110824585,,
KPC3_3719,0.3580652177333832,0.8706216216087341,0.8921945095062256,,
KPC3_371_1,0.8568294644355774,0.9303184151649475,0.9197766780853271,,
KPC3_371_5,0.6895294785499573,0.9176775813102722,0.9401054382324219,,
KPC3_3726,0.8467464447021484,0.9328026175498962,0.8797820210456848,,
KPC3_3727,0.5229347348213196,0.9061768651008606,0.9021064043045044,,
KPC3_372_3,0.9046573042869568,0.9643076062202454,0.9382050037384033,,
KPC3_3730,0.5232223868370056,0.9008104205131531,0.8707911968231201,,
KPC3_3739,0.8323643207550049,0.9234793186187744,0.8657563924789429,,
KPC3_3739_2,0.8323643207550049,0.9234793186187744,0.8657563924789429,,
KPC3_3739_3,0.33005625009536743,0.8615608215332031,0.8895429372787476,,
KPC3_3739_4,0.31240665912628174,0.8689530491828918,0.8902910351753235,,
KPC3_373_4,0.20269781351089478,0.8468047976493835,0.8954616189002991,,
KPC3_3740,0.7675377130508423,0.9368318319320679,0.9302080273628235,,
KPC3_3743,0.5341335535049438,0.9176808595657349,0.9050778746604919,,
KPC3_3746,0.8012468814849854,0.9422425627708435,0.934866726398468,,
KPC3_3749,0.8208333253860474,0.9523676633834839,0.8984295725822449,,
KPC3_374_1,0.3404025435447693,0.8984854221343994,0.9090976715087891,,
KPC3_374_2,0.4056658446788788,0.9078736305236816,0.8877806663513184,,
KPC3_374_4,0.2918204665184021,0.8682748079299927,0.9184930920600891,,
KPC3_374_7,0.5940700173377991,0.8898879885673523,0.9117614030838013,,
KPC3_375_1,0.29999837279319763,0.8379650115966797,0.8975245952606201,,
KPC3_375_2,0.3814731538295746,0.8558302521705627,0.9167042374610901,,
KPC3_3761,0.6224501729011536,0.9327623844146729,0.9164663553237915,,
KPC3_3766,0.6763105392456055,0.9073857665061951,0.9096541404724121,,
KPC3_3767,0.8004043102264404,0.955726146697998,0.9209427833557129,,
KPC3_3771,0.8130151629447937,0.9412859082221985,0.9157909154891968,,
KPC3_3776,0.7938100695610046,0.948671281337738,0.9106738567352295,,
KPC3_3778,0.8670679330825806,0.954985499382019,0.9121516346931458,,
KPC3_3781,0.8982393741607666,0.960544764995575,0.8902416825294495,,
KPC3_3783,0.8116850256919861,0.9518711566925049,0.914561927318573,,
KPC3_3786,0.7973681688308716,0.94352126121521,0.9151012897491455,,
KPC3_3789,0.7461844086647034,0.940189003944397,0.8974920511245728,,
KPC3_378_0,0.6853063702583313,0.9311770796775818,0.9159652590751648,,
KPC3_378_1,0.8870726227760315,0.9587666392326355,0.9521652460098267,,
KPC3_378_2,0.7713304758071899,0.9434134364128113,0.89708411693573,,
KPC3_3792,0.20002524554729462,0.855052649974823,0.882086455821991,,
KPC3_3799,0.5892209410667419,0.9028107523918152,0.8793284296989441,,
KPC3_379_1,0.47045037150382996,0.909823477268219,0.8919049501419067,,
KPC3_37_0,0.8064321279525757,0.9491754770278931,0.926252543926239,,
KPC3_37_5,0.7065488696098328,0.9458068609237671,0.907374382019043,,
KPC3_3803,0.29087281227111816,0.897187352180481,0.8989520072937012,,
KPC3_3805,0.6750763058662415,0.9376043081283569,0.9057891368865967,,
KPC3_3806,0.7686238884925842,0.9416443109512329,0.8902842402458191,,
KPC3_3807,0.23099863529205322,0.8946415185928345,0.9001869559288025,,
KPC3_3809,0.3126622438430786,0.9084155559539795,0.8964996337890625,,
KPC3_380_5,0.3187751770019531,0.8891428112983704,0.8861715197563171,,
KPC3_380_8,0.3069290220737457,0.8497339487075806,0.8992958068847656,,
KPC3_3812,0.6005579233169556,0.9001511931419373,0.8852863311767578,,
KPC3_3818,0.7681890726089478,0.9358587861061096,0.8724114894866943,,
KPC3_381_0,0.212999626994133,0.7947707176208496,0.8850426077842712,,
KPC3_381_4,0.4615899622440338,0.8436205387115479,0.8742069602012634,,
KPC3_381_5,0.2894688546657562,0.8254035115242004,0.8867743015289307,,
KPC3_381_8,0.20063374936580658,0.5938461422920227,0.8635977506637573,,
KPC3_3823,0.7044798135757446,0.9279196262359619,0.9226803183555603,,
KPC3_3827,0.7941051125526428,0.9437859654426575,0.920072615146637,,
KPC3_382_9,0.5783061981201172,0.914669930934906,0.902850866317749,,
KPC3_3833,0.2730292081832886,0.8184741139411926,0.8728786110877991,,
KPC3_383_1,0.4904317259788513,0.8901829123497009,0.9171667098999023,,
KPC3_383_3,0.724881649017334,0.939041256904602,0.9410964846611023,,
KPC3_383_7,0.6216299533843994,0.936651885509491,0.9133567810058594,,
KPC3_384_4,0.7764828205108643,0.9401366114616394,0.9434760212898254,,
KPC3_384_5,0.7378724813461304,0.9165722727775574,0.9396750330924988,,
KPC3_384_6,0.7726935148239136,0.932354748249054,0.9231125712394714,,
KPC3_384_9,0.7881169319152832,0.9494161605834961,0.9506314992904663,,
KPC3_3850,0.523527204990387,0.8431969285011292,0.8689283132553101,,
KPC3_3856,0.3789675533771515,0.8752807378768921,0.8578412532806396,,
KPC3_3859,0.6452175378799438,0.8939475417137146,0.8559936881065369,,
KPC3_385_2,0.6193318367004395,0.8678076863288879,0.8731383085250854,,
KPC3_385_4,0.1585991382598877,0.8595101833343506,0.8928425312042236,,
KPC3_385_8,0.3192748725414276,0.8527477383613586,0.8769130110740662,,
KPC3_3869,0.41407009959220886,0.8614811897277832,0.8649945855140686,,
KPC3_386_0,0.32975485920906067,0.7527593374252319,0.8990920782089233,,
KPC3_386_4,0.4870207607746124,0.8738539814949036,0.9234482645988464,,
KPC3_386_6,0.36603477597236633,0.8506459593772888,0.8991333842277527,,
KPC3_386_9,0.382072776556015,0.8482897877693176,0.8941973447799683,,
KPC3_3871,0.7270766496658325,0.8988579511642456,0.8752714991569519,,
KPC3_3886,0.3721763789653778,0.8516067266464233,0.905505895614624,,
KPC3_388_0,0.3111932873725891,0.8892730474472046,0.9031477570533752,,
KPC3_388_1,0.4885834753513336,0.9104254841804504,0.9047413468360901,,
KPC3_388_2,0.6453377604484558,0.9196613430976868,0.8927845358848572,,
KPC3_388_3,0.8926343321800232,0.9460240006446838,0.9165547490119934,,
KPC3_388_5,0.7010293006896973,0.9337949156761169,0.9122044444084167,,
KPC3_3890,0.7463749647140503,0.9018037915229797,0.8620527982711792,,
KPC3_3891,0.658809244632721,0.8374155759811401,0.8680163621902466,,
KPC3_3894,0.2056054323911667,0.8499609231948853,0.8998100757598877,,
KPC3_3897,0.7397313117980957,0.8919329643249512,0.8535581231117249,,
KPC3_3899,0.2322361320257187,0.8605326414108276,0.8824252486228943,,
KPC3_3902,0.8356069922447205,0.9470312595367432,0.9086595177650452,,
KPC3_3904,0.6275378465652466,0.9148118495941162,0.8810579180717468,,
KPC3_3906,0.43346112966537476,0.8926936984062195,0.8805322051048279,,
KPC3_3907,0.6059145927429199,0.904071033000946,0.8843404650688171,,
KPC3_3907_2,0.6059145927429199,0.904071033000946,0.8843404650688171,,
KPC3_3907_3,0.6820981502532959,0.9270627498626709,0.8768088221549988,,
KPC3_3907_4,0.5850525498390198,0.9026485085487366,0.8833428621292114,,
KPC3_3908,0.6370424628257751,0.9180821776390076,0.8849394917488098,,
KPC3_390_4,0.701996386051178,0.9186898469924927,0.8839220404624939,,
KPC3_390_5,0.4174758791923523,0.8974757194519043,0.9035683870315552,,
KPC3_3910,0.845506489276886,0.9541945457458496,0.9176523089408875,,
KPC3_3910_2,0.845506489276886,0.9541945457458496,0.9176523089408875,,
KPC3_3910_3,0.8667770624160767,0.9655803442001343,0.9132137298583984,,
KPC3_3910_4,0.6512550711631775,0.9494438171386719,0.9195833206176758,,
KPC3_3911,0.6401729583740234,0.9432597756385803,0.9148017168045044,,
KPC3_3915,0.7292729616165161,0.9525589346885681,0.9215134978294373,,
KPC3_3917,0.8227960467338562,0.9461244940757751,0.9256256818771362,,
KPC3_3918,0.8563463687896729,0.9586549401283264,0.9273579120635986,,
KPC3_391_1,0.34614384174346924,0.9039173722267151,0.9111729860305786,,
KPC3_391_6,0.5616382956504822,0.927075982093811,0.9168605208396912,,
KPC3_391_7,0.35506391525268555,0.9055868983268738,0.9109410047531128,,
KPC3_391_8,0.6399390697479248,0.9330587983131409,0.9166116118431091,,
KPC3_391_9,0.7121445536613464,0.9365984797477722,0.9201943278312683,,
KPC3_3920,0.587676465511322,0.9002847671508789,0.893424391746521,,
KPC3_3923,0.803504228591919,0.9347783327102661,0.8975349068641663,,
KPC3_3924,0.6467146277427673,0.9132506251335144,0.8873369097709656,,
KPC3_3928,0.6694817543029785,0.912318766117096,0.881957471370697,,
KPC3_3929,0.5003484487533569,0.9080345630645752,0.8694152235984802,,
KPC3_3934,0.3676430881023407,0.7465404272079468,0.8615782260894775,,
KPC3_3937,0.3210552930831909,0.8198554515838623,0.8708113431930542,,
KPC3_3943,0.2775304317474365,0.9109501242637634,0.9116353392601013,,
KPC3_3944,0.7454272508621216,0.9442408084869385,0.8825340270996094,,
KPC3_3945,0.4251756966114044,0.9082516431808472,0.8928744196891785,,
KPC3_3949,0.7050971388816833,0.9267439246177673,0.9156869649887085,,
KPC3_394_1,0.42717888951301575,0.920352041721344,0.9117619395256042,,
KPC3_394_2,0.7691207528114319,0.9400255680084229,0.9191592931747437,,
KPC3_395_0,0.8949172496795654,0.9554312229156494,0.9286264777183533,,
KPC3_395_4,0.39080825448036194,0.9062730073928833,0.9087033271789551,,
KPC3_395_8,0.5770652294158936,0.9213575124740601,0.8958038687705994,,
KPC3_3962,0.7057536840438843,0.8928626179695129,0.8844423294067383,,
KPC3_3964,0.5201078653335571,0.9099765419960022,0.903069794178009,,
KPC3_3966,0.5369970798492432,0.9230310916900635,0.9111453294754028,,
KPC3_3969,0.4164426326751709,0.9103975296020508,0.8867769241333008,,
KPC3_396_0,0.7200137376785278,0.9150981307029724,0.9178596138954163,,
KPC3_396_5,0.7692936062812805,0.9299833178520203,0.9301648139953613,,
KPC3_396_7,0.8635879755020142,0.9498060941696167,0.9347371459007263,,
KPC3_396_9,0.727473795413971,0.9225181341171265,0.9228736162185669,,
KPC3_3979,0.451100617647171,0.859195351600647,0.8504747152328491,,
KPC3_3987,0.3812068700790405,0.8149385452270508,0.8671236038208008,,
KPC3_3989,0.47783446311950684,0.8589215874671936,0.8719841241836548,,
KPC3_398_5,0.21051596105098724,0.9087468981742859,0.9133701324462891,,
KPC3_398_8,0.3878282904624939,0.8971465229988098,0.8946189880371094,,
KPC3_3990,0.5175068378448486,0.9229766726493835,0.9084750413894653,,
KPC3_3998,0.8260295987129211,0.9480606317520142,0.9140008091926575,,
KPC3_3999,0.796414315700531,0.9338065981864929,0.8941938281059265,,
KPC3_399_0,0.26553916931152344,0.618067741394043,0.905813992023468,,
KPC3_399_1,0.5940544009208679,0.8820868730545044,0.8859584331512451,,
KPC3_399_4,0.2062416672706604,0.8149396777153015,0.882879912853241,,
KPC3_399_9,0.3062610626220703,0.7804887294769287,0.8819474577903748,,
KPC3_39_0,0.6142358779907227,0.9131578803062439,0.9022572040557861,,
KPC3_39_3,0.34419605135917664,0.9131014943122864,0.911772608757019,,
KPC3_4002,0.7343946099281311,0.9567225575447083,0.9269402027130127,,
KPC3_4003,0.6671135425567627,0.9516212344169617,0.9276307821273804,,
KPC3_4005,0.7644290328025818,0.9421172142028809,0.9296732544898987,,
KPC3_400_1,0.7798980474472046,0.940187931060791,0.8965734243392944,,
KPC3_400_2,0.6744202375411987,0.9139299988746643,0.8693358898162842,,
KPC3_400_4,0.2636909484863281,0.8901814818382263,0.8979139924049377,,
KPC3_400_5,0.3066238760948181,0.8662911653518677,0.8965437412261963,,
KPC3_400_6,0.4712294936180115,0.8896573781967163,0.8832053542137146,,
KPC3_400_7,0.5613088011741638,0.9043979048728943,0.8895057439804077,,
KPC3_400_9,0.33081772923469543,0.8903443813323975,0.8838499188423157,,
KPC3_4021,0.7604802846908569,0.9469846487045288,0.9121882915496826,,
KPC3_4029,0.7561262845993042,0.9352191686630249,0.9042631387710571,,
KPC3_402_6,0.6070378422737122,0.9134758114814758,0.9214867353439331,,
KPC3_4030,0.7593360543251038,0.9312099814414978,0.915069043636322,,
KPC3_4031,0.6622390151023865,0.9138606786727905,0.8744326829910278,,
KPC3_4040,0.3387143313884735,0.8699015974998474,0.8787821531295776,,
KPC3_4047,0.37588295340538025,0.8812665343284607,0.912360668182373,,
KPC3_4048,0.32228884100914,0.8779429793357849,0.8880926370620728,,
KPC3_404_4,0.4579816460609436,0.8956312537193298,0.9226424694061279,,
KPC3_404_8,0.742353081703186,0.937080442905426,0.9006428122520447,,
KPC3_4051,0.5627150535583496,0.8796316981315613,0.8721975684165955,,
KPC3_4053,0.5214357972145081,0.8858879208564758,0.8621799945831299,,
KPC3_4054,0.30222687125205994,0.8806009292602539,0.8705406188964844,,
KPC3_4056,0.5157631635665894,0.8454270958900452,0.8658938407897949,,
KPC3_4057,0.3550589978694916,0.8553119897842407,0.8760437965393066,,
KPC3_4059,0.6912732720375061,0.9200301170349121,0.868487536907196,,
KPC3_405_1,0.2630336582660675,0.7183640003204346,0.9049968719482422,,
KPC3_405_6,0.27679696679115295,0.8228923082351685,0.8986045122146606,,
KPC3_405_7,0.5535591244697571,0.8686269521713257,0.89398193359375,,
KPC3_4060,0.8384672999382019,0.942948579788208,0.9346622228622437,,
KPC3_4061,0.3674413561820984,0.9333328008651733,0.9257290363311768,,
KPC3_4070,0.6647602915763855,0.9416007995605469,0.9041638970375061,,
KPC3_4072,0.8909924626350403,0.9510849118232727,0.9112015962600708,,
KPC3_4073,0.6622762680053711,0.943477213382721,0.9105258584022522,,
KPC3_4074,0.6065279245376587,0.9299677014350891,0.9079319834709167,,
KPC3_4076,0.8078228235244751,0.9206085205078125,0.9360710978507996,,
KPC3_407_7,0.7862163186073303,0.9413419365882874,0.905853271484375,,
KPC3_4080,0.5507732033729553,0.9427271485328674,0.9133136868476868,,
KPC3_4081,0.6997843980789185,0.9401698112487793,0.9249324202537537,,
KPC3_4088,0.7809417843818665,0.9511812925338745,0.9470759630203247,,
KPC3_408_6,0.5798999667167664,0.9101060628890991,0.8918929696083069,,
KPC3_408_7,0.41783207654953003,0.8814698457717896,0.8777621984481812,,
KPC3_4093,0.9247951507568359,0.9604084491729736,0.9215426445007324,,
KPC3_4096,0.6836313605308533,0.9315797090530396,0.8735478520393372,,
KPC3_4097,0.6777696013450623,0.9193106889724731,0.8773919939994812,,
KPC3_409_8,0.6912393569946289,0.9205869436264038,0.9028278589248657,,
KPC3_4102,0.7770556211471558,0.9224333167076111,0.8629195690155029,,
KPC3_4112,0.827552080154419,0.9537283778190613,0.8974980115890503,,
KPC3_4116,0.7675694823265076,0.9298436641693115,0.9111054539680481,,
KPC3_411_7,0.4192202687263489,0.9045944809913635,0.9050785303115845,,
KPC3_4120,0.5645813941955566,0.9025771021842957,0.8895843625068665,,
KPC3_4123,0.7829246520996094,0.9369989633560181,0.868144690990448,,
KPC3_4124,0.35940083861351013,0.8751546740531921,0.8940204977989197,,
KPC3_4127,0.6951121091842651,0.9215990900993347,0.8834901452064514,,
KPC3_4128,0.43053877353668213,0.888357937335968,0.851847767829895,,
KPC3_412_0,0.6422040462493896,0.9218672513961792,0.902114748954773,,
KPC3_412_1,0.5054871439933777,0.9196516871452332,0.8938232064247131,,
KPC3_412_2,0.34371262788772583,0.8917896747589111,0.8898963332176208,,
KPC3_412_8,0.6630476713180542,0.9312474727630615,0.9067714214324951,,
KPC3_4132,0.27492865920066833,0.8058111071586609,0.8962472081184387,,
KPC3_4135,0.5805888175964355,0.8476774096488953,0.8425194621086121,,
KPC3_413_4,0.5509238839149475,0.9150628447532654,0.9047134518623352,,
KPC3_413_8,0.4564315974712372,0.9038971066474915,0.8791965842247009,,
KPC3_4146,0.7996328473091125,0.9387885928153992,0.8912296891212463,,
KPC3_4149,0.5199822187423706,0.9068896770477295,0.8845328092575073,,
KPC3_414_0,0.531055212020874,0.8712033033370972,0.8871225714683533,,
KPC3_414_1,0.4096774756908417,0.8636519312858582,0.8767750859260559,,
KPC3_414_4,0.36031684279441833,0.8456918597221375,0.8932368755340576,,
KPC3_414_5,0.27195942401885986,0.8714028000831604,0.9037404656410217,,
KPC3_414_6,0.29881325364112854,0.8574424386024475,0.9110113382339478,,
KPC3_414_7,0.42584627866744995,0.8891641497612,0.9040502905845642,,
KPC3_414_8,0.5216585993766785,0.8758882880210876,0.9004241824150085,,
KPC3_4154,0.6325606107711792,0.9253100156784058,0.9010307192802429,,
KPC3_4155,0.8783528804779053,0.9598966240882874,0.8954500555992126,,
KPC3_4156,0.5818120837211609,0.9387398362159729,0.8990681767463684,,
KPC3_4158,0.8586606979370117,0.9553977251052856,0.9205899834632874,,
KPC3_415_0,0.413135290145874,0.9228326082229614,0.9136161804199219,,
KPC3_415_2,0.672466516494751,0.938951849937439,0.9267041683197021,,
KPC3_415_3,0.5804152488708496,0.9336638450622559,0.9099653363227844,,
KPC3_4168,0.6437919735908508,0.8514208197593689,0.8402329683303833,,
KPC3_416_0,0.40200141072273254,0.8711720108985901,0.903771698474884,,
KPC3_416_4,0.15236394107341766,0.8595412969589233,0.8986743688583374,,
KPC3_4171,0.5761384963989258,0.8896080255508423,0.8482012748718262,,
KPC3_4175,0.7848078608512878,0.9201707243919373,0.9282832741737366,,
KPC3_417_9,0.8117422461509705,0.9540693759918213,0.9178254008293152,,
KPC3_4183,0.39752236008644104,0.8865209817886353,0.8868795037269592,,
KPC3_4185,0.3190547227859497,0.7304133772850037,0.8467299342155457,,
KPC3_4188,0.24524107575416565,0.8723052740097046,0.8794252276420593,,
KPC3_418_5,0.6062961220741272,0.9019699692726135,0.8851720690727234,,
KPC3_4196,0.482956200838089,0.8548406362533569,0.8599817156791687,,
KPC3_419_0,0.5330020785331726,0.9249258637428284,0.9009831547737122,,
KPC3_419_4,0.7594985961914062,0.9266166090965271,0.9156985282897949,,
KPC3_419_5,0.8110851645469666,0.9549329876899719,0.9286297559738159,,
KPC3_419_9,0.33288854360580444,0.9124931693077087,0.9109964370727539,,
KPC3_41_9,0.6784530282020569,0.9335496425628662,0.8932868242263794,,
KPC3_4204,0.7869136333465576,0.9493717551231384,0.9097230434417725,,
KPC3_420_0,0.32183852791786194,0.8606029748916626,0.8774943947792053,,
KPC3_420_4,0.6579982042312622,0.9200412631034851,0.8927077054977417,,
KPC3_420_7,0.4908568859100342,0.892204225063324,0.8891322612762451,,
KPC3_4210,0.6044559478759766,0.8381865620613098,0.8644391894340515,,
KPC3_4212,0.6502696871757507,0.8767656683921814,0.868903398513794,,
KPC3_421_1,0.566586434841156,0.9036028981208801,0.8851912617683411,,
KPC3_421_4,0.27749258279800415,0.8618066310882568,0.8736255764961243,,
KPC3_423_0,0.642192542552948,0.9326117634773254,0.9008663892745972,,
KPC3_423_1,0.7679475545883179,0.950714647769928,0.9261800646781921,,
KPC3_423_2,0.6718895435333252,0.9448472261428833,0.9208835959434509,,
KPC3_4246,0.7060100436210632,0.9198068380355835,0.8502883911132812,,
KPC3_4253,0.461937814950943,0.8620076775550842,0.8748432993888855,,
KPC3_425_8,0.33967599272727966,0.8241261839866638,0.8990704417228699,,
KPC3_4260,0.6248874664306641,0.9263095259666443,0.8907604813575745,,
KPC3_4263,0.6890941262245178,0.9269781112670898,0.8839675188064575,,
KPC3_4265,0.6605696082115173,0.9241985082626343,0.8906256556510925,,
KPC3_4266,0.3432231843471527,0.8545596599578857,0.8911459445953369,,
KPC3_426_5,0.5697467923164368,0.922076940536499,0.9207185506820679,,
KPC3_426_8,0.8630445599555969,0.9463402032852173,0.9405682682991028,,
KPC3_4272,0.828538179397583,0.9450510144233704,0.922270655632019,,
KPC3_4273,0.632777750492096,0.9440241456031799,0.9152951836585999,,
KPC3_4277,0.6283083558082581,0.9420424103736877,0.9203199148178101,,
KPC3_4278,0.5854579210281372,0.9314164519309998,0.9135189652442932,,
KPC3_427_5,0.5712286829948425,0.9130401015281677,0.9225369691848755,,
KPC3_428_3,0.4726269543170929,0.8876193165779114,0.9149503111839294,,
KPC3_428_6,0.8079106211662292,0.9482876658439636,0.9150033593177795,,
KPC3_428_9,0.6031359434127808,0.9149665832519531,0.918971836566925,,
KPC3_4291,0.7297282218933105,0.9110379219055176,0.8867100477218628,,
KPC3_4297,0.1672988086938858,0.7842549681663513,0.8959746360778809,,
KPC3_429_9,0.4069185256958008,0.8837524056434631,0.8946882486343384,,
KPC3_4304,0.33719706535339355,0.8680456280708313,0.8740869760513306,,
KPC3_4306,0.49141252040863037,0.8786885142326355,0.8753105401992798,,
KPC3_430_0,0.7376490831375122,0.936941385269165,0.9219051003456116,,
KPC3_430_1,0.76739501953125,0.9439899921417236,0.919909656047821,,
KPC3_430_3,0.3569139540195465,0.9011206030845642,0.9247514605522156,,
KPC3_430_4,0.4761826992034912,0.9180406928062439,0.9134407639503479,,
KPC3_430_7,0.6266432404518127,0.9215633273124695,0.9111177921295166,,
KPC3_4311,0.5475945472717285,0.8765859007835388,0.8419023156166077,,
KPC3_4312,0.5831978917121887,0.8888728022575378,0.8427976965904236,,
KPC3_4316,0.8696737885475159,0.9329214692115784,0.8592110872268677,,
KPC3_4328,0.42361828684806824,0.8305563926696777,0.8809096217155457,,
KPC3_432_1,0.5711116790771484,0.9444051384925842,0.9208732843399048,,
KPC3_432_4,0.7856590747833252,0.9527574777603149,0.9245440363883972,,
KPC3_432_5,0.7152379751205444,0.9419887661933899,0.9247127771377563,,
KPC3_432_8,0.5031578540802002,0.942783534526825,0.9169721603393555,,
KPC3_4331,0.30132973194122314,0.8334671258926392,0.86329585313797,,
KPC3_4335,0.6306272745132446,0.6664388179779053,0.8645185828208923,,
KPC3_433_0,0.5703299045562744,0.8406597971916199,0.925132691860199,,
KPC3_433_4,0.38307467103004456,0.9075506329536438,0.9091908931732178,,
KPC3_433_9,0.6159688830375671,0.926876962184906,0.9168718457221985,,
KPC3_434_2,0.5104197263717651,0.8866701722145081,0.8915315270423889,,
KPC3_435_3,0.13968196511268616,0.827728807926178,0.88997882604599,,
KPC3_435_6,0.37520408630371094,0.8730375170707703,0.8883354663848877,,
KPC3_435_7,0.1740296632051468,0.8096341490745544,0.8988171815872192,,
KPC3_4361,0.6816768646240234,0.9283812642097473,0.9144222736358643,,
KPC3_4366,0.6708217263221741,0.9314890503883362,0.9329589009284973,,
KPC3_436_0,0.6415374875068665,0.943263053894043,0.9399780035018921,,
KPC3_436_5,0.7190543413162231,0.9316412806510925,0.9087580442428589,,
KPC3_436_8,0.3503684103488922,0.9148286581039429,0.9082791805267334,,
KPC3_4372,0.6286827921867371,0.8990364074707031,0.8702264428138733,,
KPC3_4379,0.5511428713798523,0.8728261590003967,0.8491761684417725,,
KPC3_437_3,0.33920928835868835,0.7683203816413879,0.8965145945549011,,
KPC3_437_8,0.5334537625312805,0.8775733709335327,0.888844907283783,,
KPC3_4385,0.7807893753051758,0.9458215832710266,0.895632803440094,,
KPC3_4388,0.5714950561523438,0.9297885894775391,0.9066930413246155,,
KPC3_438_0,0.3491569459438324,0.8359871506690979,0.8767759203910828,,
KPC3_438_4,0.23063349723815918,0.7864732146263123,0.8871161937713623,,
KPC3_438_7,0.4341559112071991,0.7965245246887207,0.8768035173416138,,
KPC3_4391,0.1654934585094452,0.676081120967865,0.8519282341003418,,
KPC3_4394,0.47840288281440735,0.8168383836746216,0.8674652576446533,,
KPC3_439_7,0.4032626450061798,0.8945848941802979,0.91289222240448,,
KPC3_439_8,0.4097787141799927,0.8935679793357849,0.9278329610824585,,
KPC3_4400,0.32198768854141235,0.8771800994873047,0.8849598169326782,,
KPC3_4404,0.3071531355381012,0.774994432926178,0.8609238862991333,,
KPC3_440_5,0.6457412838935852,0.9274044036865234,0.9128840565681458,,
KPC3_4419,0.7235914468765259,0.9047674536705017,0.8639666438102722,,
KPC3_441_0,0.43471091985702515,0.8848682641983032,0.90753173828125,,
KPC3_441_1,0.2815071642398834,0.8451848030090332,0.8967766165733337,,
KPC3_441_2,0.5433602929115295,0.8903859257698059,0.925559937953949,,
KPC3_441_4,0.24239370226860046,0.8640124797821045,0.8986856937408447,,
KPC3_441_7,0.2916477620601654,0.8635542988777161,0.8760218620300293,,
KPC3_4420,0.7523290514945984,0.9197378158569336,0.9007254838943481,,
KPC3_4421,0.6163169145584106,0.9259476065635681,0.8960157036781311,,
KPC3_4422,0.7033201456069946,0.9302584528923035,0.8979384303092957,,
KPC3_4424,0.5072448253631592,0.9223562479019165,0.8855369091033936,,
KPC3_4428,0.47940337657928467,0.9242780208587646,0.8882020711898804,,
KPC3_442_0,0.2195545881986618,0.7986106276512146,0.8876770734786987,,
KPC3_442_5,0.3716248869895935,0.811561644077301,0.8880456686019897,,
KPC3_442_7,0.16570539772510529,0.788429319858551,0.8850983381271362,,
KPC3_4434,0.4248845875263214,0.8859729766845703,0.8860337138175964,,
KPC3_443_1,0.8497981429100037,0.9294097423553467,0.9325397610664368,,
KPC3_443_2,0.5871638655662537,0.9238577485084534,0.9137806296348572,,
KPC3_443_3,0.7936423420906067,0.9209774732589722,0.9224776029586792,,
KPC3_444_1,0.36703619360923767,0.6947080492973328,0.8861097097396851,,
KPC3_444_3,0.7766744494438171,0.8963624835014343,0.9291432499885559,,
KPC3_444_5,0.6084291934967041,0.8916038274765015,0.9097666144371033,,
KPC3_4452,0.33221903443336487,0.9067739844322205,0.9047761559486389,,
KPC3_4455,0.44679638743400574,0.9200424551963806,0.8895871639251709,,
KPC3_4458,0.6845841407775879,0.9319107532501221,0.8977646827697754,,
KPC3_4459,0.7187178730964661,0.9396702647209167,0.9001260995864868,,
KPC3_445_9,0.7861376404762268,0.950981616973877,0.9259473085403442,,
KPC3_446_4,0.8747484683990479,0.9484567046165466,0.9531089663505554,,
KPC3_4471,0.671301543712616,0.9398423433303833,0.8991156816482544,,
KPC3_4473,0.39041611552238464,0.8946411609649658,0.8894033432006836,,
KPC3_4478,0.559582531452179,0.909359335899353,0.917081892490387,,
KPC3_447_9,0.5795964598655701,0.9364919662475586,0.9121420383453369,,
KPC3_4480,0.5849805474281311,0.9075731039047241,0.9015995860099792,,
KPC3_4482,0.31064388155937195,0.8842695355415344,0.8955071568489075,,
KPC3_4488,0.8080694675445557,0.9344449639320374,0.8899150490760803,,
KPC3_448_2,0.26550817489624023,0.807611346244812,0.8895846009254456,,
KPC3_448_7,0.178142249584198,0.7982919216156006,0.8723543882369995,,
KPC3_448_9,0.18764543533325195,0.7479976415634155,0.8784586191177368,,
KPC3_449_0,0.3659396469593048,0.8377880454063416,0.8861920237541199,,
KPC3_449_1,0.5298792719841003,0.8105570077896118,0.8770853877067566,,
KPC3_449_2,0.24027250707149506,0.7575573325157166,0.8757569193840027,,
KPC3_449_3,0.2622394859790802,0.8511244654655457,0.8771646618843079,,
KPC3_449_4,0.24521508812904358,0.8318710327148438,0.8800635933876038,,
KPC3_449_5,0.24500444531440735,0.8539020419120789,0.8882153034210205,,
KPC3_449_7,0.2015753835439682,0.8604660034179688,0.8839038014411926,,
KPC3_449_8,0.42824602127075195,0.838505744934082,0.8714636564254761,,
KPC3_4501,0.8483034372329712,0.9557157754898071,0.9227089881896973,,
KPC3_4503,0.6818870306015015,0.9474108219146729,0.9291170239448547,,
KPC3_4506,0.7708850502967834,0.9310618042945862,0.9183679819107056,,
KPC3_4507,0.7127828001976013,0.9467017650604248,0.9241421818733215,,
KPC3_4508,0.4666064977645874,0.931244969367981,0.9108107686042786,,
KPC3_450_6,0.7159470319747925,0.9393612742424011,0.8923152685165405,,
KPC3_451_0,0.2026156634092331,0.8471534252166748,0.8900042772293091,,
KPC3_451_6,0.34503453969955444,0.8321180939674377,0.8538572788238525,,
KPC3_451_8,0.1731427013874054,0.6574797034263611,0.8594956994056702,,
KPC3_451_9,0.22841890156269073,0.8479444980621338,0.8704261779785156,,
KPC3_4529,0.4245088994503021,0.8056566715240479,0.8867729306221008,,
KPC3_452_3,0.7376885414123535,0.9104858636856079,0.8934463262557983,,
KPC3_4536,0.46538910269737244,0.8706212639808655,0.8671960234642029,,
KPC3_453_4,0.6748782396316528,0.9262016415596008,0.9067445397377014,,
KPC3_4541,0.2533637285232544,0.8057088255882263,0.8644613027572632,,
KPC3_4542,0.6448057293891907,0.8520535826683044,0.8497723937034607,,
KPC3_4543,0.7310221195220947,0.903242826461792,0.8850685954093933,,
KPC3_4544,0.534485399723053,0.8409584164619446,0.8669479489326477,,
KPC3_4545,0.39216139912605286,0.8740548491477966,0.8975913524627686,,
KPC3_4547,0.3037240505218506,0.8576672077178955,0.8972338438034058,,
KPC3_454_0,0.6151611804962158,0.9425204992294312,0.9109557867050171,,
KPC3_454_6,0.8475068211555481,0.9340937733650208,0.9228644967079163,,
KPC3_4557,0.48705190420150757,0.9354599118232727,0.9091149568557739,,
KPC3_4559,0.5596521496772766,0.9260829091072083,0.916428804397583,,
KPC3_4560,0.6528313159942627,0.9391329884529114,0.902502179145813,,
KPC3_4564,0.8569769859313965,0.9328899383544922,0.9119147658348083,,
KPC3_4567,0.5836669206619263,0.9240129590034485,0.8772565126419067,,
KPC3_456_3,0.6573411822319031,0.8968948721885681,0.8722938895225525,,
KPC3_456_5,0.3425161838531494,0.8975815176963806,0.917165994644165,,
KPC3_456_6,0.3770945370197296,0.9137701392173767,0.89594966173172,,
KPC3_4572,0.600928783416748,0.928506076335907,0.8972781896591187,,
KPC3_4576,0.819216787815094,0.9455050826072693,0.9024170637130737,,
KPC3_4576_2,0.819216787815094,0.9455050826072693,0.9024170637130737,,
KPC3_4576_3,0.47932159900665283,0.9270601868629456,0.8903918862342834,,
KPC3_4576_4,0.7117971777915955,0.946045994758606,0.8946866393089294,,
KPC3_4578,0.8777303099632263,0.9423010945320129,0.9190287590026855,,
KPC3_457_2,0.8475973606109619,0.928083598613739,0.912371039390564,,
KPC3_457_3,0.36611688137054443,0.9065408706665039,0.9029576182365417,,
KPC3_457_5,0.5946734547615051,0.9276049733161926,0.8950210809707642,,
KPC3_4581,0.720438539981842,0.9562867879867554,0.9215684533119202,,
KPC3_4585,0.803758442401886,0.9544235467910767,0.9130812883377075,,
KPC3_4586,0.8070254325866699,0.9625673294067383,0.9266656041145325,,
KPC3_458_3,0.18612244725227356,0.8427872061729431,0.8998479247093201,,
KPC3_458_5,0.23244108259677887,0.8475943803787231,0.8955792188644409,,
KPC3_458_6,0.358249694108963,0.8715193867683411,0.9012418985366821,,
KPC3_458_8,0.28748956322669983,0.8603096008300781,0.8862495422363281,,
KPC3_458_9,0.18570400774478912,0.8415384888648987,0.8993262648582458,,
KPC3_4593,0.4854569435119629,0.9102926850318909,0.91302889585495,,
KPC3_4597,0.7849752306938171,0.9267935752868652,0.9094416499137878,,
KPC3_4599,0.8416986465454102,0.9447429180145264,0.9068472385406494,,
KPC3_459_2,0.612810492515564,0.928580105304718,0.9270356297492981,,
KPC3_45_1,0.2475966066122055,0.8608836531639099,0.8797158002853394,,
KPC3_45_2,0.24126489460468292,0.8538939952850342,0.8828151226043701,,
KPC3_4602,0.8173917531967163,0.9254733920097351,0.8597541451454163,,
KPC3_4606,0.34974169731140137,0.8525864481925964,0.8943537473678589,,
KPC3_4607,0.3894052803516388,0.8727180361747742,0.8648686408996582,,
KPC3_4615,0.5658180713653564,0.8842795491218567,0.8545063138008118,,
KPC3_461_3,0.8131439089775085,0.9410979747772217,0.9050090312957764,,
KPC3_461_5,0.8938502073287964,0.9514832496643066,0.9176439642906189,,
KPC3_4623,0.7424503564834595,0.9521214365959167,0.908998429775238,,
KPC3_4626,0.7608509063720703,0.9546895027160645,0.9113394021987915,,
KPC3_4627,0.7595343589782715,0.9333643317222595,0.9102843403816223,,
KPC3_4628,0.6286907196044922,0.9363189339637756,0.9185400009155273,,
KPC3_4631,0.5594619512557983,0.9109385013580322,0.8932719826698303,,
KPC3_4633,0.6992019414901733,0.9398559927940369,0.880871057510376,,
KPC3_4636,0.6485791802406311,0.9272533059120178,0.8959620594978333,,
KPC3_463_1,0.8310165405273438,0.9563856720924377,0.9185353517532349,,
KPC3_463_6,0.6921654343605042,0.919668972492218,0.9109866619110107,,
KPC3_463_8,0.6506882309913635,0.9193868041038513,0.9193581342697144,,
KPC3_4641,0.2174043506383896,0.8208639621734619,0.9115821123123169,,
KPC3_4645,0.34471216797828674,0.8461900353431702,0.8566657900810242,,
KPC3_4646,0.7652626633644104,0.8951640725135803,0.9102674722671509,,
KPC3_464_0,0.5660119652748108,0.8897655010223389,0.9057663083076477,,
KPC3_4653,0.4515482485294342,0.8825328350067139,0.8694478273391724,,
KPC3_4654,0.5310626029968262,0.9005414843559265,0.8754023313522339,,
KPC3_4664,0.5181477665901184,0.8339086174964905,0.8579512238502502,,
KPC3_466_0,0.6089159846305847,0.9278813004493713,0.9042130708694458,,
KPC3_466_4,0.24829170107841492,0.8943446278572083,0.8813583850860596,,
KPC3_4672,0.5439542531967163,0.9010931253433228,0.8653221130371094,,
KPC3_4674,0.5704465508460999,0.8906272649765015,0.8665128350257874,,
KPC3_4678,0.5348116755485535,0.891205370426178,0.8857997059822083,,
KPC3_4681,0.7696666717529297,0.9399909377098083,0.9337832927703857,,
KPC3_4686,0.720194935798645,0.9558326601982117,0.9093561768531799,,
KPC3_468_3,0.6940193772315979,0.8808403611183167,0.9106539487838745,,
KPC3_4694,0.7562477588653564,0.9457194209098816,0.9008223414421082,,
KPC3_4695,0.6299127340316772,0.9326732158660889,0.8996744155883789,,
KPC3_4696,0.42463576793670654,0.92266845703125,0.8902865052223206,,
KPC3_4697,0.5593695640563965,0.9120374321937561,0.9025861620903015,,
KPC3_4699,0.5635280013084412,0.908026397228241,0.8931647539138794,,
KPC3_469_0,0.5197981595993042,0.8878722786903381,0.861330509185791,,
KPC3_469_1,0.6803249716758728,0.8918078541755676,0.8748868107795715,,
KPC3_46_3,0.8879553079605103,0.9636139273643494,0.9413843750953674,,
KPC3_4700,0.7139369249343872,0.9281409978866577,0.9037432074546814,,
KPC3_4705,0.892209529876709,0.9562503695487976,0.9194400310516357,,
KPC3_4708,0.7742047309875488,0.9472800493240356,0.895377516746521,,
KPC3_470_5,0.6805689334869385,0.926697850227356,0.9312174916267395,,
KPC3_470_6,0.6254302859306335,0.9335450530052185,0.908647894859314,,
KPC3_4711,0.6818810105323792,0.9384697675704956,0.8996798396110535,,
KPC3_471_4,0.5198908448219299,0.9142536520957947,0.9035763144493103,,
KPC3_471_8,0.6060277223587036,0.9003579020500183,0.8993420004844666,,
KPC3_4727,0.3524214029312134,0.8643445372581482,0.8760460615158081,,
KPC3_4729,0.5031349658966064,0.8747862577438354,0.8599961996078491,,
KPC3_472_0,0.7115786671638489,0.9408761858940125,0.9022836685180664,,
KPC3_472_1,0.7938344478607178,0.9588198661804199,0.9299473762512207,,
KPC3_473_3,0.48631733655929565,0.9368492960929871,0.922295331954956,,
KPC3_473_6,0.7030907869338989,0.9337322115898132,0.9238093495368958,,
KPC3_473_9,0.4217386841773987,0.9401346445083618,0.9128668904304504,,
KPC3_4743,0.5533754825592041,0.8873818516731262,0.8655985593795776,,
KPC3_4744,0.35311359167099,0.8475532531738281,0.8654866218566895,,
KPC3_4745,0.6558666229248047,0.9101564288139343,0.8436705470085144,,
KPC3_4749,0.48397502303123474,0.8578404188156128,0.8774576783180237,,
KPC3_474_7,0.6153305768966675,0.9099591970443726,0.9204958081245422,,
KPC3_4750,0.5922925472259521,0.9134112596511841,0.8981467485427856,,
KPC3_4751,0.606016218662262,0.928613007068634,0.878950834274292,,
KPC3_4752,0.3856271207332611,0.8955046534538269,0.8803472518920898,,
KPC3_4757,0.653878927230835,0.9218623042106628,0.8700427412986755,,
KPC3_475_6,0.4461892247200012,0.9184065461158752,0.9276719093322754,,
KPC3_475_9,0.5724966526031494,0.9317424893379211,0.9207314848899841,,
KPC3_4766,0.6756023168563843,0.9408451914787292,0.9207509756088257,,
KPC3_4773,0.30597084760665894,0.7971075773239136,0.901892900466919,,
KPC3_4778,0.3781181871891022,0.846523642539978,0.8972230553627014,,
KPC3_4779,0.2331155687570572,0.6194494366645813,0.8604828715324402,,
KPC3_4782,0.5995969772338867,0.8971035480499268,0.8665001392364502,,
KPC3_4785,0.39617589116096497,0.8592458367347717,0.863739013671875,,
KPC3_4786,0.30851686000823975,0.8712502121925354,0.8707093000411987,,
KPC3_4787,0.6747003197669983,0.931291937828064,0.8717569708824158,,
KPC3_4791,0.5978031754493713,0.9201215505599976,0.8811159729957581,,
KPC3_4795,0.7885895371437073,0.9335837364196777,0.9037524461746216,,
KPC3_479_1,0.67476487159729,0.9184442758560181,0.8996573686599731,,
KPC3_479_4,0.25670263171195984,0.874704122543335,0.8925567269325256,,
KPC3_479_7,0.8202061057090759,0.9344459772109985,0.8917816281318665,,
KPC3_47_5,0.3074741065502167,0.8877671360969543,0.8995086550712585,,
KPC3_4800,0.7193581461906433,0.9495981931686401,0.9128912091255188,,
KPC3_4800_2,0.7193581461906433,0.9495981931686401,0.9128912091255188,,
KPC3_4800_3,0.8335108757019043,0.9587826132774353,0.9086061716079712,,
KPC3_4800_4,0.8655115365982056,0.9629536271095276,0.9085962772369385,,
KPC3_4802,0.4328754246234894,0.9275758266448975,0.9116325974464417,,
KPC3_4802_2,0.4328754246234894,0.9275758266448975,0.9116325974464417,,
KPC3_4802_3,0.37867990136146545,0.9248673319816589,0.9116977453231812,,
KPC3_4802_4,0.5755025148391724,0.9402281045913696,0.9108566045761108,,
KPC3_4803,0.8327108025550842,0.9543167948722839,0.901757538318634,,
KPC3_4805,0.8489065170288086,0.9491249322891235,0.9079539775848389,,
KPC3_4807,0.49396783113479614,0.9218311309814453,0.9159774780273438,,
KPC3_4809,0.7666366100311279,0.9439656138420105,0.9072150588035583,,
KPC3_480_4,0.2320399284362793,0.8428318500518799,0.8730688691139221,,
KPC3_480_6,0.35316747426986694,0.8147919178009033,0.8842043280601501,,
KPC3_480_8,0.5814344882965088,0.8970475196838379,0.8713539242744446,,
KPC3_4816,0.368246465921402,0.845493495464325,0.8787541389465332,,
KPC3_4817,0.5204669237136841,0.842332661151886,0.8747445940971375,,
KPC3_481_8,0.5090014934539795,0.9215986132621765,0.9208654165267944,,
KPC3_4820,0.8221895098686218,0.9561651349067688,0.8929034471511841,,
KPC3_4821,0.8826218247413635,0.9434874057769775,0.9283626079559326,,
KPC3_4824,0.7639751434326172,0.9443785548210144,0.9010505676269531,,
KPC3_4825,0.7225329875946045,0.9388148188591003,0.9058155417442322,,
KPC3_4826,0.7319076061248779,0.9469522833824158,0.9092976450920105,,
KPC3_4827,0.7471203207969666,0.9444547891616821,0.9088883399963379,,
KPC3_4829,0.7245713472366333,0.9443220496177673,0.9063528776168823,,
KPC3_482_2,0.5186919569969177,0.919376015663147,0.9108439683914185,,
KPC3_482_4,0.6203592419624329,0.9117462635040283,0.9059208631515503,,
KPC3_4830,0.5757009387016296,0.937911868095398,0.9166408777236938,,
KPC3_4833,0.8501126170158386,0.9517362117767334,0.9250618815422058,,
KPC3_4834,0.6686961054801941,0.9381315112113953,0.926466703414917,,
KPC3_4836,0.7475358843803406,0.9454336762428284,0.9125173091888428,,
KPC3_4837,0.6229729056358337,0.9476118683815002,0.9042767882347107,,
KPC3_4849,0.3058721125125885,0.8150619268417358,0.8838422298431396,,
KPC3_484_0,0.4842865765094757,0.8782262206077576,0.9191872477531433,,
KPC3_484_4,0.42073607444763184,0.8830986022949219,0.8819076418876648,,
KPC3_4851,0.7331794500350952,0.9499033093452454,0.8941041231155396,,
KPC3_4855,0.7072068452835083,0.9116370677947998,0.9014525413513184,,
KPC3_485_1,0.6842896938323975,0.8996539115905762,0.9085932374000549,,
KPC3_4863,0.6413648128509521,0.9332549571990967,0.8991520404815674,,
KPC3_4866,0.46749353408813477,0.9210195541381836,0.9007979035377502,,
KPC3_4868,0.6316717863082886,0.9349026679992676,0.8932082653045654,,
KPC3_486_2,0.2758721113204956,0.901289165019989,0.9021067023277283,,
KPC3_486_4,0.5885758996009827,0.9017676115036011,0.8957724571228027,,
KPC3_486_6,0.18034103512763977,0.876534640789032,0.9007302522659302,,
KPC3_487_1,0.7181171774864197,0.9450848698616028,0.9175382256507874,,
KPC3_487_8,0.5426378846168518,0.9267245531082153,0.923675000667572,,
KPC3_488_3,0.8356462121009827,0.9382120370864868,0.9146072268486023,,
KPC3_488_4,0.7328181862831116,0.9355366230010986,0.9342594146728516,,
KPC3_4891,0.45830994844436646,0.861764669418335,0.8734365105628967,,
KPC3_4894,0.4264279901981354,0.8568938970565796,0.8998897671699524,,
KPC3_4900,0.3938540518283844,0.8906502723693848,0.9062825441360474,,
KPC3_4901,0.8342230319976807,0.9489165544509888,0.8999978303909302,,
KPC3_4905,0.868568480014801,0.9442930817604065,0.8869268894195557,,
KPC3_4907,0.5738204121589661,0.9274562001228333,0.8826297521591187,,
KPC3_490_9,0.5243182182312012,0.887107253074646,0.9012347459793091,,
KPC3_4916,0.4688241481781006,0.8264715075492859,0.8829545378684998,,
KPC3_4917,0.26426419615745544,0.8226081132888794,0.8667914867401123,,
KPC3_4920,0.6389588117599487,0.913944661617279,0.8867367506027222,,
KPC3_4921,0.6830759644508362,0.9281703233718872,0.9221444725990295,,
KPC3_4924,0.8516087532043457,0.9483094811439514,0.8801248669624329,,
KPC3_4925,0.708707869052887,0.9045692086219788,0.886067807674408,,
KPC3_4926,0.6353145241737366,0.9246633052825928,0.8956544399261475,,
KPC3_4929,0.7490174174308777,0.930632472038269,0.8959290385246277,,
KPC3_492_5,0.3089958429336548,0.8559092879295349,0.888526976108551,,
KPC3_492_7,0.5675369501113892,0.9200488328933716,0.9110259413719177,,
KPC3_492_9,0.48700857162475586,0.8968349695205688,0.9047844409942627,,
KPC3_4934,0.6625630855560303,0.9349809885025024,0.8924480080604553,,
KPC3_4936,0.4407660961151123,0.9173427820205688,0.9014432430267334,,
KPC3_4939,0.6196538805961609,0.9323895573616028,0.8880664706230164,,
KPC3_493_3,0.6216592788696289,0.9134524464607239,0.9054813981056213,,
KPC3_493_5,0.5990344285964966,0.9320458173751831,0.9118553996086121,,
KPC3_493_8,0.5792056322097778,0.9264366030693054,0.9018304347991943,,
KPC3_4942,0.7215955853462219,0.9094755053520203,0.8821645975112915,,
KPC3_4943,0.7920578718185425,0.9407201409339905,0.8943051099777222,,
KPC3_4946,0.5348262786865234,0.8822696805000305,0.8723526000976562,,
KPC3_4948,0.82026606798172,0.9464218616485596,0.8914647698402405,,
KPC3_4949,0.4613298773765564,0.9042482376098633,0.8923494815826416,,
KPC3_4950,0.7211130857467651,0.9335189461708069,0.8735070824623108,,
KPC3_4953,0.5026136040687561,0.9070256948471069,0.8769705891609192,,
KPC3_4957,0.35416552424430847,0.8881996870040894,0.8795601725578308,,
KPC3_4958,0.8814112544059753,0.94281005859375,0.8805343508720398,,
KPC3_495_0,0.4982251524925232,0.9251922965049744,0.9143722057342529,,
KPC3_495_6,0.8607149720191956,0.9512853026390076,0.9147195219993591,,
KPC3_4962,0.519228994846344,0.9081135392189026,0.8886263966560364,,
KPC3_4964,0.5964499115943909,0.9205777645111084,0.8689776062965393,,
KPC3_4969,0.6264699697494507,0.8978114724159241,0.8893328309059143,,
KPC3_496_6,0.46508312225341797,0.8827244639396667,0.8966944813728333,,
KPC3_4970,0.7804142236709595,0.9493794441223145,0.9094383120536804,,
KPC3_4971,0.36663222312927246,0.9038527607917786,0.9048643112182617,,
KPC3_4975,0.5683910846710205,0.9231910109519958,0.8852073550224304,,
KPC3_4978,0.4614819884300232,0.9177599549293518,0.8873202204704285,,
KPC3_4979,0.5320998430252075,0.9308702349662781,0.8945159316062927,,
KPC3_497_2,0.438144326210022,0.802925169467926,0.8784474730491638,,
KPC3_497_5,0.21470041573047638,0.8311347961425781,0.9015385508537292,,
KPC3_497_6,0.18733228743076324,0.8406948447227478,0.8978410363197327,,
KPC3_497_7,0.15365681052207947,0.8347086906433105,0.8911455869674683,,
KPC3_497_8,0.7198505401611328,0.9193258881568909,0.8932598829269409,,
KPC3_4982,0.4268231987953186,0.9016135334968567,0.8868377208709717,,
KPC3_4995,0.34992656111717224,0.8416290879249573,0.8794853687286377,,
KPC3_4997,0.7236894369125366,0.9042328596115112,0.8630353212356567,,
KPC3_499_5,0.5157630443572998,0.909331202507019,0.9124484062194824,,
KPC3_499_6,0.448170930147171,0.8490293025970459,0.9093968868255615,,
KPC3_499_9,0.7179686427116394,0.9235010147094727,0.9145442843437195,,
KPC3_49_2,0.2470223605632782,0.7300580143928528,0.8801884055137634,,
KPC3_49_4,0.2776522636413574,0.8812257647514343,0.9017690420150757,,
KPC3_49_9,0.20889094471931458,0.8583980202674866,0.9028730392456055,,
KPC3_4_0,0.2306625247001648,0.7588704228401184,0.8796773552894592,,
KPC3_500_9,0.8042395114898682,0.9432926177978516,0.8909038305282593,,
KPC3_501_0,0.2519022524356842,0.73980712890625,0.9003228545188904,,
KPC3_502_6,0.7983170747756958,0.9536522626876831,0.9240763783454895,,
KPC3_503_0,0.5473690032958984,0.9212211966514587,0.8944348692893982,,
KPC3_503_3,0.2311416119337082,0.8945583701133728,0.9087268114089966,,
KPC3_503_6,0.44893136620521545,0.9133877158164978,0.9137248992919922,,
KPC3_504_8,0.7325212359428406,0.9327288866043091,0.9187394976615906,,
KPC3_507_2,0.4633708894252777,0.9360300898551941,0.9116221070289612,,
KPC3_508_0,0.7137980461120605,0.9212705492973328,0.928442656993866,,
KPC3_508_3,0.6960483193397522,0.9435208439826965,0.9232785701751709,,
KPC3_509_6,0.21227779984474182,0.8618200421333313,0.9019941687583923,,
KPC3_50_3,0.7513048052787781,0.9230582118034363,0.941102921962738,,
KPC3_50_6,0.6517112255096436,0.9440250396728516,0.9316337704658508,,
KPC3_511_0,0.37895527482032776,0.8892267942428589,0.9239380955696106,,
KPC3_511_9,0.3303234875202179,0.8082295060157776,0.9029853343963623,,
KPC3_512_0,0.8245862722396851,0.9272265434265137,0.9204815626144409,,
KPC3_512_2,0.28429368138313293,0.833673357963562,0.876105010509491,,
KPC3_512_4,0.16670134663581848,0.8618462085723877,0.890602171421051,,
KPC3_512_6,0.8124129176139832,0.9185441732406616,0.8649517893791199,,
KPC3_512_9,0.26419392228126526,0.8512468338012695,0.8679494857788086,,
KPC3_513_2,0.3445514738559723,0.872776985168457,0.8969637751579285,,
KPC3_515_3,0.812718391418457,0.8578589558601379,0.9011622667312622,,
KPC3_515_8,0.46253502368927,0.7896184325218201,0.889177680015564,,
KPC3_515_9,0.28503358364105225,0.8788291215896606,0.8838583827018738,,
KPC3_516_1,0.5563063025474548,0.9399482607841492,0.9313803911209106,,
KPC3_518_1,0.5395790934562683,0.9075636863708496,0.898635983467102,,
KPC3_518_2,0.6383766531944275,0.9160430431365967,0.868209958076477,,
KPC3_51_1,0.5641502141952515,0.9240125417709351,0.9123327136039734,,
KPC3_51_3,0.2283964455127716,0.8967667818069458,0.9091265797615051,,
KPC3_51_5,0.7368610501289368,0.9370798468589783,0.9171170592308044,,
KPC3_51_7,0.7974894642829895,0.9343165159225464,0.8952952027320862,,
KPC3_520_2,0.4743306636810303,0.8777826428413391,0.8664107918739319,,
KPC3_520_8,0.24057146906852722,0.6489536762237549,0.8700525164604187,,
KPC3_521_4,0.59880530834198,0.898054301738739,0.8682751059532166,,
KPC3_521_9,0.29543474316596985,0.8573734760284424,0.8772190809249878,,
KPC3_522_6,0.45926204323768616,0.8969082832336426,0.9055194854736328,,
KPC3_523_5,0.8061418533325195,0.8994647264480591,0.9209988713264465,,
KPC3_524_9,0.9517630934715271,0.9565317034721375,0.9275035262107849,,
KPC3_525_2,0.8135430812835693,0.9304550290107727,0.8962744474411011,,
KPC3_525_9,0.13944195210933685,0.8472868204116821,0.8954422473907471,,
KPC3_526_0,0.3514309823513031,0.8653257489204407,0.9067527651786804,,
KPC3_526_6,0.27905774116516113,0.8383121490478516,0.8996028304100037,,
KPC3_526_7,0.21514786779880524,0.8279854655265808,0.9041892886161804,,
KPC3_528_1,0.18338097631931305,0.8435893654823303,0.9146748781204224,,
KPC3_528_6,0.16347703337669373,0.7861388325691223,0.9213436245918274,,
KPC3_528_9,0.6043556332588196,0.8570671081542969,0.90982586145401,,
KPC3_529_4,0.2370559126138687,0.8645690679550171,0.880306601524353,,
KPC3_529_6,0.3129025995731354,0.8700263500213623,0.8720439672470093,,
KPC3_529_8,0.2546800673007965,0.8500756025314331,0.8791427612304688,,
KPC3_52_2,0.4314323961734772,0.8833314776420593,0.8970401883125305,,
KPC3_52_4,0.24237214028835297,0.868871808052063,0.8959526419639587,,
KPC3_52_6,0.3735886514186859,0.8635461330413818,0.8949641585350037,,
KPC3_530_0,0.6187840104103088,0.9104721546173096,0.8707006573677063,,
KPC3_530_3,0.8182768225669861,0.9243500828742981,0.8713443875312805,,
KPC3_531_4,0.2976093590259552,0.739848792552948,0.8865419030189514,,
KPC3_533_0,0.6625789403915405,0.9341644048690796,0.9060198664665222,,
KPC3_533_1,0.28025710582733154,0.9084713459014893,0.8988654017448425,,
KPC3_533_5,0.727448046207428,0.936249315738678,0.9119448661804199,,
KPC3_533_7,0.6429134011268616,0.9345195889472961,0.9110627770423889,,
KPC3_535_4,0.5781639814376831,0.8869970440864563,0.8748615980148315,,
KPC3_535_7,0.40102627873420715,0.884942352771759,0.8887249827384949,,
KPC3_536_0,0.2779850959777832,0.8588739037513733,0.8974351286888123,,
KPC3_536_8,0.1743340790271759,0.8209784626960754,0.8939045071601868,,
KPC3_536_9,0.21601596474647522,0.8532800674438477,0.9012017846107483,,
KPC3_538_6,0.3689497113227844,0.8847230672836304,0.9162263870239258,,
KPC3_53_3,0.23372608423233032,0.8383455872535706,0.8912131786346436,,
KPC3_53_9,0.5059266090393066,0.8850049376487732,0.8961482644081116,,
KPC3_540_0,0.3222928047180176,0.8474196791648865,0.8897458910942078,,
KPC3_540_1,0.2548450231552124,0.8636541962623596,0.8852253556251526,,
KPC3_540_6,0.2707444429397583,0.8790417313575745,0.8785253167152405,,
KPC3_540_9,0.2982168197631836,0.879341185092926,0.8741456866264343,,
KPC3_541_0,0.4556253254413605,0.8723337650299072,0.9134844541549683,,
KPC3_541_9,0.24700163304805756,0.8442299365997314,0.9042748808860779,,
KPC3_543_2,0.5681097507476807,0.8931757807731628,0.8809220790863037,,
KPC3_543_4,0.26680678129196167,0.8493428826332092,0.9101772308349609,,
KPC3_545_3,0.3920549750328064,0.8908383250236511,0.9073063135147095,,
KPC3_545_8,0.5129187107086182,0.911876380443573,0.9055483937263489,,
KPC3_546_2,0.2820201814174652,0.85740727186203,0.8951380848884583,,
KPC3_546_7,0.3688667118549347,0.8977997303009033,0.8932039141654968,,
KPC3_547_0,0.5300067067146301,0.7454289197921753,0.9102011322975159,,
KPC3_547_1,0.2539530396461487,0.8445194959640503,0.8803023099899292,,
KPC3_547_6,0.37305474281311035,0.8565757274627686,0.8848726153373718,,
KPC3_549_8,0.26361313462257385,0.8707562685012817,0.9061424732208252,,
KPC3_54_5,0.21014715731143951,0.9086524844169617,0.915371835231781,,
KPC3_54_7,0.2553293704986572,0.911622941493988,0.9141384959220886,,
KPC3_54_9,0.3618372976779938,0.8593482375144958,0.8907201290130615,,
KPC3_550_3,0.501768171787262,0.8805732131004333,0.9034568667411804,,
KPC3_552_3,0.8616899847984314,0.9329404830932617,0.8774687647819519,,
KPC3_553_6,0.731333315372467,0.9183013439178467,0.9326418042182922,,
KPC3_554_0,0.8750698566436768,0.9555188417434692,0.8947226405143738,,
KPC3_554_3,0.8468113541603088,0.9482319951057434,0.9160327911376953,,
KPC3_554_5,0.819457471370697,0.9212660789489746,0.917335569858551,,
KPC3_554_7,0.7551515102386475,0.9492389559745789,0.9089175462722778,,
KPC3_554_9,0.8332769274711609,0.9458154439926147,0.924750804901123,,
KPC3_556_1,0.587534487247467,0.7553215622901917,0.9171183109283447,,
KPC3_556_2,0.5277768969535828,0.9251574873924255,0.9034888744354248,,
KPC3_556_6,0.6019404530525208,0.9026910066604614,0.8841667771339417,,
KPC3_557_1,0.26285240054130554,0.7460071444511414,0.8750483989715576,,
KPC3_557_4,0.31696951389312744,0.8204653859138489,0.883243978023529,,
KPC3_557_7,0.19626161456108093,0.7963678240776062,0.8935813903808594,,
KPC3_558_0,0.4866655766963959,0.8704233169555664,0.891930878162384,,
KPC3_558_7,0.3398408889770508,0.8750656247138977,0.8787533640861511,,
KPC3_559_8,0.3518315851688385,0.9164185523986816,0.9164406061172485,,
KPC3_55_7,0.14862479269504547,0.8293373584747314,0.8869342803955078,,
KPC3_560_2,0.8398374915122986,0.9463950991630554,0.9058193564414978,,
KPC3_560_5,0.47920048236846924,0.8428160548210144,0.9038297533988953,,
KPC3_561_1,0.5184311270713806,0.8981277942657471,0.9119870662689209,,
KPC3_562_2,0.554502546787262,0.9198487997055054,0.895603358745575,,
KPC3_563_8,0.4727080762386322,0.9201030135154724,0.8986403942108154,,
KPC3_566_4,0.31647205352783203,0.891650915145874,0.8933743238449097,,
KPC3_567_1,0.176449716091156,0.711097240447998,0.8894671201705933,,
KPC3_568_1,0.7001414895057678,0.9338119626045227,0.8965510725975037,,
KPC3_568_5,0.866725504398346,0.9375318884849548,0.9066332578659058,,
KPC3_568_6,0.5860158205032349,0.9013237357139587,0.9000383615493774,,
KPC3_568_7,0.5202152729034424,0.9214017391204834,0.9083399772644043,,
KPC3_568_9,0.8684030771255493,0.9561616778373718,0.9105094075202942,,
KPC3_569_8,0.7709062695503235,0.923147976398468,0.9207213521003723,,
KPC3_56_6,0.1574278622865677,0.7533367276191711,0.8663469552993774,,
KPC3_56_9,0.35194602608680725,0.8549576997756958,0.8852878212928772,,
KPC3_570_2,0.41505157947540283,0.7983384728431702,0.8815271854400635,,
KPC3_570_9,0.2686435878276825,0.865759551525116,0.9225358963012695,,
KPC3_571_0,0.43819546699523926,0.8012310862541199,0.8931455016136169,,
KPC3_571_4,0.5505533218383789,0.8713118433952332,0.9297546744346619,,
KPC3_571_6,0.29575061798095703,0.837812602519989,0.9045548439025879,,
KPC3_572_1,0.29750558733940125,0.9201346039772034,0.9246723651885986,,
KPC3_572_5,0.3400503993034363,0.9162031412124634,0.910313606262207,,
KPC3_573_0,0.2921239137649536,0.8755120635032654,0.9043200612068176,,
KPC3_577_2,0.59764164686203,0.9140598177909851,0.9345108270645142,,
KPC3_577_5,0.6488465666770935,0.9239280819892883,0.9342246651649475,,
KPC3_578_1,0.6696789264678955,0.9179019927978516,0.9000687003135681,,
KPC3_579_1,0.16561146080493927,0.8348069190979004,0.890802800655365,,
KPC3_57_0,0.5689582228660583,0.7608513832092285,0.8843182325363159,,
KPC3_57_1,0.7600197196006775,0.8956760168075562,0.8985108137130737,,
KPC3_580_0,0.22477960586547852,0.8550891280174255,0.8958449363708496,,
KPC3_580_1,0.3362385332584381,0.8653764128684998,0.9012943506240845,,
KPC3_580_8,0.3274891674518585,0.8672399520874023,0.9054757952690125,,
KPC3_580_9,0.44705459475517273,0.7885031700134277,0.891231894493103,,
KPC3_581_5,0.25166594982147217,0.8667377829551697,0.8979378938674927,,
KPC3_581_7,0.7380614280700684,0.9049872159957886,0.897477388381958,,
KPC3_583_1,0.20117215812206268,0.8212688565254211,0.8779346942901611,,
KPC3_583_4,0.30929312109947205,0.8395265936851501,0.8977158069610596,,
KPC3_584_2,0.15030346810817719,0.8064697980880737,0.8960338234901428,,
KPC3_584_6,0.24313606321811676,0.8614775538444519,0.8778910040855408,,
KPC3_584_7,0.1541338860988617,0.8618510961532593,0.9010496139526367,,
KPC3_584_8,0.24965637922286987,0.8635333180427551,0.875531792640686,,
KPC3_584_9,0.25058162212371826,0.8507751226425171,0.8948500752449036,,
KPC3_585_1,0.33296647667884827,0.8940994739532471,0.9023333787918091,,
KPC3_585_3,0.32125866413116455,0.8764098882675171,0.8994998335838318,,
KPC3_586_1,0.5337352156639099,0.8960383534431458,0.913478672504425,,
KPC3_586_3,0.5999682545661926,0.9051046967506409,0.9120731353759766,,
KPC3_587_3,0.7534937262535095,0.9486106038093567,0.9295178651809692,,
KPC3_588_0,0.8024395108222961,0.9218613505363464,0.8810738325119019,,
KPC3_588_1,0.277513712644577,0.8674507141113281,0.8822579383850098,,
KPC3_588_4,0.3494581878185272,0.8908783793449402,0.882893443107605,,
KPC3_588_6,0.28793609142303467,0.8886492252349854,0.8897346258163452,,
KPC3_589_3,0.520898699760437,0.9140322804450989,0.9068437814712524,,
KPC3_589_5,0.7488464117050171,0.936421811580658,0.892772912979126,,
KPC3_591_3,0.25985968112945557,0.8530877828598022,0.8631941676139832,,
KPC3_591_7,0.4144652187824249,0.8360745906829834,0.8618088364601135,,
KPC3_591_8,0.4115574061870575,0.8363271951675415,0.8851472735404968,,
KPC3_592_6,0.39499133825302124,0.9017349481582642,0.9215578436851501,,
KPC3_592_7,0.5480413436889648,0.9071929454803467,0.9008527398109436,,
KPC3_593_2,0.34355926513671875,0.8278645873069763,0.8717976212501526,,
KPC3_593_7,0.1714930385351181,0.8373122811317444,0.8758264780044556,,
KPC3_595_2,0.47696101665496826,0.9172713160514832,0.9030711054801941,,
KPC3_595_3,0.695503830909729,0.9347556233406067,0.9058142900466919,,
KPC3_595_7,0.6908591985702515,0.9176987409591675,0.9164268970489502,,
KPC3_596_8,0.7630471587181091,0.941903293132782,0.9155464768409729,,
KPC3_598_8,0.39261800050735474,0.9181209206581116,0.9237731695175171,,
KPC3_599_5,0.46283385157585144,0.7839693427085876,0.8992416262626648,,
KPC3_59_3,0.42193400859832764,0.8922100067138672,0.9016897678375244,,
KPC3_59_4,0.6862508654594421,0.9245568513870239,0.8832974433898926,,
KPC3_59_5,0.48446881771087646,0.9178955554962158,0.8997000455856323,,
KPC3_59_6,0.2523079216480255,0.8674765825271606,0.8959558010101318,,
KPC3_5_1,0.35859277844429016,0.8758003115653992,0.9016277194023132,,
KPC3_600_1,0.7343113422393799,0.8624011278152466,0.911373496055603,,
KPC3_601_1,0.19744808971881866,0.8791836500167847,0.8907437324523926,,
KPC3_601_2,0.5536181926727295,0.9114243388175964,0.886315643787384,,
KPC3_601_3,0.5058806538581848,0.9130417704582214,0.8939656019210815,,
KPC3_601_9,0.5964652299880981,0.9129332304000854,0.9023242592811584,,
KPC3_602_8,0.7470804452896118,0.9277370572090149,0.9179587364196777,,
KPC3_603_3,0.7436882853507996,0.8953530192375183,0.9304441213607788,,
KPC3_604_0,0.3771588206291199,0.8746662139892578,0.8903459310531616,,
KPC3_604_3,0.3989320993423462,0.8605291843414307,0.8860108256340027,,
KPC3_604_7,0.7266591191291809,0.936995267868042,0.8918692469596863,,
KPC3_604_9,0.4734733998775482,0.8650031089782715,0.8887701034545898,,
KPC3_605_1,0.8964577913284302,0.9332431554794312,0.9343629479408264,,
KPC3_605_8,0.8031066656112671,0.9501575827598572,0.9257554411888123,,
KPC3_606_3,0.439136266708374,0.8714529871940613,0.8821218013763428,,
KPC3_606_5,0.26963192224502563,0.7840158343315125,0.8728329539299011,,
KPC3_606_6,0.3979346454143524,0.863329291343689,0.8957030177116394,,
KPC3_607_6,0.5066627860069275,0.9294190406799316,0.9199338555335999,,
KPC3_607_8,0.6811856627464294,0.9273810386657715,0.9102504849433899,,
KPC3_608_1,0.5071343183517456,0.9078680276870728,0.9028486609458923,,
KPC3_608_9,0.2793983817100525,0.836877703666687,0.8904992938041687,,
KPC3_609_3,0.6789494156837463,0.9320308566093445,0.9096705317497253,,
KPC3_60_4,0.6124981641769409,0.9102096557617188,0.9059168100357056,,
KPC3_60_6,0.5167887210845947,0.9204666018486023,0.9051802158355713,,
KPC3_610_2,0.31445690989494324,0.8332180976867676,0.8871586918830872,,
KPC3_610_3,0.2130444049835205,0.8484224677085876,0.8994329571723938,,
KPC3_610_6,0.36289525032043457,0.8635364174842834,0.9094029664993286,,
KPC3_610_7,0.6561126708984375,0.9095335602760315,0.8674598932266235,,
KPC3_611_7,0.3160414695739746,0.8658547401428223,0.9108012318611145,,
KPC3_611_8,0.26987215876579285,0.8929693102836609,0.9072486162185669,,
KPC3_612_1,0.7950938940048218,0.9492030143737793,0.9265357851982117,,
KPC3_613_8,0.6960703134536743,0.9346126317977905,0.9083260297775269,,
KPC3_615_5,0.5688058137893677,0.917915403842926,0.9185945987701416,,
KPC3_615_7,0.5172637701034546,0.9119560122489929,0.9107344746589661,,
KPC3_616_2,0.3638463318347931,0.9041290879249573,0.9008420705795288,,
KPC3_616_3,0.412956178188324,0.9133912324905396,0.9328082203865051,,
KPC3_616_5,0.3820326626300812,0.6699864268302917,0.9138378500938416,,
KPC3_618_3,0.5417705178260803,0.8664358854293823,0.8756603598594666,,
KPC3_618_7,0.39133182168006897,0.85247802734375,0.8768373131752014,,
KPC3_619_3,0.3712187707424164,0.8817036747932434,0.9122008085250854,,
KPC3_619_9,0.33103829622268677,0.8757140040397644,0.905978798866272,,
KPC3_61_4,0.3971793055534363,0.8910945653915405,0.8931223750114441,,
KPC3_61_8,0.6492878794670105,0.91986083984375,0.8868180513381958,,
KPC3_622_2,0.670879602432251,0.9235473871231079,0.8675400614738464,,
KPC3_622_3,0.38505464792251587,0.8657872080802917,0.8715304732322693,,
KPC3_622_6,0.8211764097213745,0.9460540413856506,0.8901926279067993,,
KPC3_622_8,0.8305875062942505,0.9229072332382202,0.8798941373825073,,
KPC3_623_3,0.4852003753185272,0.8729043006896973,0.8598515391349792,,
KPC3_625_2,0.5143842101097107,0.8454777002334595,0.8928984999656677,,
KPC3_625_3,0.3409000039100647,0.8540849685668945,0.8928365707397461,,
KPC3_625_4,0.27718880772590637,0.8112055659294128,0.8979032039642334,,
KPC3_625_7,0.17404182255268097,0.8023902773857117,0.8820587396621704,,
KPC3_626_5,0.5642430782318115,0.9377145171165466,0.9237204790115356,,
KPC3_627_1,0.23000623285770416,0.8268684148788452,0.8758889436721802,,
KPC3_627_3,0.4349713623523712,0.7819257378578186,0.8911668658256531,,
KPC3_627_5,0.3015914559364319,0.87685227394104,0.8782079815864563,,
KPC3_627_8,0.17906031012535095,0.8732587099075317,0.8957736492156982,,
KPC3_628_3,0.4317696690559387,0.8489091396331787,0.8659728765487671,,
KPC3_628_8,0.2846352458000183,0.7758040428161621,0.8763624429702759,,
KPC3_629_0,0.5779415369033813,0.9379405975341797,0.9225560426712036,,
KPC3_629_1,0.7256165146827698,0.9472803473472595,0.9077948927879333,,
KPC3_629_4,0.7593103647232056,0.896288275718689,0.9362539649009705,,
KPC3_62_2,0.485200434923172,0.9204176664352417,0.90699303150177,,
KPC3_630_0,0.24423453211784363,0.8522741198539734,0.8959522843360901,,
KPC3_631_1,0.3734315037727356,0.8824600577354431,0.898128092288971,,
KPC3_631_2,0.3382205665111542,0.8954693675041199,0.9124584197998047,,
KPC3_631_3,0.33802053332328796,0.9069601893424988,0.9162116050720215,,
KPC3_631_4,0.21799486875534058,0.8905849456787109,0.908918559551239,,
KPC3_631_6,0.3119387924671173,0.9066246151924133,0.8905439972877502,,
KPC3_631_7,0.24002638459205627,0.8841555714607239,0.9008548259735107,,
KPC3_632_3,0.40745317935943604,0.8805838823318481,0.914154052734375,,
KPC3_633_1,0.646891713142395,0.945580244064331,0.9083176851272583,,
KPC3_633_8,0.5989899039268494,0.932762622833252,0.9094849824905396,,
KPC3_634_3,0.5502004623413086,0.9111706018447876,0.8933590650558472,,
KPC3_637_1,0.5434010624885559,0.8769220113754272,0.8861154913902283,,
KPC3_637_8,0.23933248221874237,0.8645245432853699,0.8910421133041382,,
KPC3_638_2,0.7957273721694946,0.924347996711731,0.918000340461731,,
KPC3_638_6,0.5250057578086853,0.9294342994689941,0.9388850927352905,,
KPC3_638_9,0.6999173760414124,0.9354251623153687,0.9246810674667358,,
KPC3_639_4,0.439071923494339,0.933141827583313,0.9126494526863098,,
KPC3_639_7,0.8056269288063049,0.954093873500824,0.9166114330291748,,
KPC3_641_9,0.2216661125421524,0.8370515704154968,0.9140827655792236,,
KPC3_644_6,0.1901901811361313,0.8572093844413757,0.9062092304229736,,
KPC3_645_1,0.7168963551521301,0.9281408786773682,0.891468346118927,,
KPC3_646_3,0.29637372493743896,0.8862236738204956,0.9038410782814026,,
KPC3_648_3,0.7612162232398987,0.928429365158081,0.8959867358207703,,
KPC3_64_4,0.6406668424606323,0.9100283980369568,0.8808766007423401,,
KPC3_64_9,0.4046855866909027,0.8565297722816467,0.8889142870903015,,
KPC3_650_2,0.288377046585083,0.901390552520752,0.9092026948928833,,
KPC3_650_5,0.6502537131309509,0.9249247908592224,0.9080031514167786,,
KPC3_650_8,0.3507724106311798,0.8875854015350342,0.9050083756446838,,
KPC3_651_5,0.6643818020820618,0.9036686420440674,0.9010325074195862,,
KPC3_652_9,0.39840400218963623,0.893160343170166,0.9069605469703674,,
KPC3_653_1,0.5299186706542969,0.7957510948181152,0.8887655138969421,,
KPC3_653_2,0.5652121901512146,0.9020305275917053,0.8912909030914307,,
KPC3_653_3,0.6262832283973694,0.9213619828224182,0.8922885656356812,,
KPC3_653_5,0.6377311944961548,0.8999209403991699,0.8875024914741516,,
KPC3_656_5,0.25556883215904236,0.8520511984825134,0.8922379612922668,,
KPC3_657_2,0.6161617040634155,0.9339957237243652,0.9097906947135925,,
KPC3_657_3,0.7797235250473022,0.9440740942955017,0.9291871190071106,,
KPC3_657_4,0.7828452587127686,0.9280995726585388,0.9263162016868591,,
KPC3_659_2,0.4242095947265625,0.9088014364242554,0.9027416706085205,,
KPC3_659_6,0.2971351444721222,0.908535361289978,0.9089097380638123,,
KPC3_65_7,0.4308640956878662,0.9031932950019836,0.897587239742279,,
KPC3_65_9,0.4279208183288574,0.9176363348960876,0.9343667030334473,,
KPC3_660_0,0.6448008418083191,0.922615647315979,0.9342647790908813,,
KPC3_660_1,0.6314055323600769,0.917411744594574,0.9481122493743896,,
KPC3_660_2,0.6003592610359192,0.9288719296455383,0.9367367029190063,,
KPC3_660_7,0.493182897567749,0.9176093339920044,0.9188908338546753,,
KPC3_662_4,0.7847062349319458,0.9297412633895874,0.9026561975479126,,
KPC3_662_8,0.3734019100666046,0.886614978313446,0.8822899460792542,,
KPC3_663_1,0.6290696859359741,0.9281317591667175,0.8908911347389221,,
KPC3_663_3,0.5430930256843567,0.9209007620811462,0.9091233611106873,,
KPC3_663_4,0.7435226440429688,0.935150146484375,0.9003888964653015,,
KPC3_663_7,0.6671620011329651,0.846398651599884,0.9052730202674866,,
KPC3_663_8,0.6947540044784546,0.9104543924331665,0.9100675582885742,,
KPC3_663_9,0.3763616979122162,0.8424558043479919,0.9038192629814148,,
KPC3_664_2,0.6987072825431824,0.9095486402511597,0.8837658762931824,,
KPC3_664_4,0.8652780055999756,0.9441649913787842,0.8843917846679688,,
KPC3_664_5,0.8165842890739441,0.9427244663238525,0.8792098760604858,,
KPC3_664_7,0.7034551501274109,0.8506162166595459,0.8776324987411499,,
KPC3_664_8,0.4766833484172821,0.9140608310699463,0.9171030521392822,,
KPC3_664_9,0.8129512667655945,0.9265060424804688,0.8975358605384827,,
KPC3_665_0,0.6321090459823608,0.9072954654693604,0.8969429731369019,,
KPC3_665_1,0.5149046778678894,0.8998042941093445,0.8845184445381165,,
KPC3_665_3,0.4183233678340912,0.8931581974029541,0.903247058391571,,
KPC3_665_5,0.44338926672935486,0.9053528904914856,0.8858750462532043,,
KPC3_665_6,0.6372083425521851,0.9224186539649963,0.9134194254875183,,
KPC3_665_8,0.7628429532051086,0.935028612613678,0.8990166783332825,,
KPC3_668_3,0.5703586935997009,0.849321722984314,0.862446129322052,,
KPC3_668_4,0.269736647605896,0.8410564661026001,0.864232063293457,,
KPC3_668_5,0.45471206307411194,0.8479583263397217,0.8690975308418274,,
KPC3_669_1,0.33160772919654846,0.8218621015548706,0.8958176970481873,,
KPC3_66_2,0.4436684548854828,0.9017925262451172,0.8872330188751221,,
KPC3_671_1,0.3706229627132416,0.8655766844749451,0.9046837687492371,,
KPC3_671_3,0.20578496158123016,0.8496693968772888,0.8970221877098083,,
KPC3_671_4,0.47905662655830383,0.879554271697998,0.8784818649291992,,
KPC3_671_5,0.24926114082336426,0.828593373298645,0.8890717029571533,,
KPC3_671_7,0.2815513610839844,0.8249081969261169,0.8807014226913452,,
KPC3_672_3,0.23065924644470215,0.8958343267440796,0.8989889025688171,,
KPC3_672_7,0.5548835396766663,0.8969435095787048,0.9050812721252441,,
KPC3_672_8,0.3418688178062439,0.8998829126358032,0.9069184064865112,,
KPC3_673_0,0.4943417012691498,0.89078289270401,0.8823471665382385,,
KPC3_675_2,0.41933685541152954,0.8629729747772217,0.8946185111999512,,
KPC3_675_4,0.325007826089859,0.8642498254776001,0.8961517810821533,,
KPC3_675_8,0.5525522232055664,0.8955026865005493,0.8879894018173218,,
KPC3_676_7,0.5198900103569031,0.9197319746017456,0.8986895084381104,,
KPC3_676_8,0.43721655011177063,0.9210551977157593,0.9120886325836182,,
KPC3_677_2,0.3214825987815857,0.8520839810371399,0.8610203862190247,,
KPC3_677_4,0.21495245397090912,0.8468842506408691,0.9275662302970886,,
KPC3_677_7,0.23849326372146606,0.8671421408653259,0.8914294242858887,,
KPC3_677_8,0.6289948225021362,0.8971325755119324,0.8849636912345886,,
KPC3_678_9,0.4204920828342438,0.8748342990875244,0.8639287948608398,,
KPC3_679_0,0.7350845336914062,0.9286267757415771,0.8952958583831787,,
KPC3_679_7,0.7980299592018127,0.9370322227478027,0.8922949433326721,,
KPC3_679_8,0.4783232510089874,0.903579831123352,0.8941353559494019,,
KPC3_681_1,0.8659787774085999,0.9421133399009705,0.9344965815544128,,
KPC3_681_2,0.5953549742698669,0.9206002950668335,0.9387050867080688,,
KPC3_681_3,0.4827890396118164,0.930107057094574,0.9279481172561646,,
KPC3_681_4,0.7026825547218323,0.8805152177810669,0.9072893857955933,,
KPC3_681_5,0.7880560755729675,0.947114884853363,0.9308802485466003,,
KPC3_681_6,0.6824647784233093,0.9182751774787903,0.9172115921974182,,
KPC3_681_8,0.5413604974746704,0.9340790510177612,0.9011240005493164,,
KPC3_683_2,0.6146413683891296,0.9299935102462769,0.9079915285110474,,
KPC3_683_8,0.5535873770713806,0.9214904308319092,0.9093698263168335,,
KPC3_684_1,0.6205673813819885,0.9080917835235596,0.9180771112442017,,
KPC3_684_5,0.5421404242515564,0.916627049446106,0.9063630700111389,,
KPC3_685_0,0.9035478830337524,0.9622400403022766,0.9397032856941223,,
KPC3_685_4,0.6932072639465332,0.9381569623947144,0.9299988150596619,,
KPC3_685_8,0.5941790342330933,0.9350214004516602,0.9052722454071045,,
KPC3_686_6,0.5592906475067139,0.9196830987930298,0.9021840691566467,,
KPC3_686_8,0.603898823261261,0.887259840965271,0.9097287654876709,,
KPC3_687_0,0.28106489777565,0.842234194278717,0.9037242531776428,,
KPC3_687_5,0.21329902112483978,0.8366566896438599,0.9080523252487183,,
KPC3_687_7,0.5964101552963257,0.8652945160865784,0.918008029460907,,
KPC3_689_4,0.3663904070854187,0.8744738101959229,0.9095703363418579,,
KPC3_689_5,0.3600723147392273,0.8749967813491821,0.9158357381820679,,
KPC3_689_7,0.6349767446517944,0.8583877086639404,0.9217908382415771,,
KPC3_690_6,0.44909536838531494,0.9040855169296265,0.8857170939445496,,
KPC3_691_8,0.6618431210517883,0.9100825190544128,0.9318304061889648,,
KPC3_692_3,0.6604667901992798,0.9389697909355164,0.9137418866157532,,
KPC3_692_7,0.7034904360771179,0.9261817336082458,0.9246612191200256,,
KPC3_692_9,0.834185004234314,0.9451032876968384,0.9255862832069397,,
KPC3_694_2,0.4138360321521759,0.8907420039176941,0.8861234784126282,,
KPC3_694_3,0.2730296850204468,0.8635581731796265,0.9149870276451111,,
KPC3_695_2,0.5517135262489319,0.8062217235565186,0.9111672639846802,,
KPC3_697_7,0.43743667006492615,0.9123130440711975,0.905062735080719,,
KPC3_698_0,0.5716872215270996,0.875518262386322,0.8867725729942322,,
KPC3_699_7,0.5098577737808228,0.899483859539032,0.9177408814430237,,
KPC3_69_2,0.22001786530017853,0.8840184807777405,0.897894561290741,,
KPC3_6_1,0.24991506338119507,0.827172040939331,0.8820161819458008,,
KPC3_6_5,0.5943398475646973,0.8951468467712402,0.8908889889717102,,
KPC3_701_7,0.6946032047271729,0.9247338771820068,0.9088909029960632,,
KPC3_702_0,0.49484291672706604,0.902143657207489,0.9064846634864807,,
KPC3_702_3,0.8434386849403381,0.9203815460205078,0.9401151537895203,,
KPC3_702_6,0.4929160177707672,0.8800188302993774,0.8984061479568481,,
KPC3_702_7,0.5863677859306335,0.9181073904037476,0.9069749116897583,,
KPC3_703_2,0.4432310461997986,0.904920756816864,0.920545220375061,,
KPC3_703_5,0.6265682578086853,0.9226917624473572,0.894223153591156,,
KPC3_703_9,0.6979490518569946,0.9118830561637878,0.8842089772224426,,
KPC3_704_5,0.275725394487381,0.8331670761108398,0.8884121775627136,,
KPC3_705_6,0.7625109553337097,0.9280869960784912,0.9241030216217041,,
KPC3_705_8,0.5574725866317749,0.9357085227966309,0.9180387258529663,,
KPC3_706_2,0.4150335490703583,0.8285156488418579,0.8786559700965881,,
KPC3_706_3,0.5362056493759155,0.837899386882782,0.874647855758667,,
KPC3_706_4,0.1448177695274353,0.8576971292495728,0.883082389831543,,
KPC3_706_7,0.2869194746017456,0.846713662147522,0.8903821706771851,,
KPC3_708_6,0.46871480345726013,0.9052708148956299,0.9045937061309814,,
KPC3_70_3,0.3615877330303192,0.8459228873252869,0.8833338022232056,,
KPC3_70_7,0.7213398814201355,0.9066176414489746,0.8673946857452393,,
KPC3_710_3,0.2652796506881714,0.79811692237854,0.8825236558914185,,
KPC3_710_7,0.3505631983280182,0.8293591737747192,0.8677442073822021,,
KPC3_710_8,0.25114521384239197,0.8543020486831665,0.8978370428085327,,
KPC3_713_4,0.2642896771430969,0.908074140548706,0.9113517999649048,,
KPC3_713_5,0.6554714441299438,0.9373716711997986,0.9095295071601868,,
KPC3_715_0,0.49947184324264526,0.8610209822654724,0.8721100687980652,,
KPC3_715_2,0.7624735832214355,0.922610878944397,0.8801470994949341,,
KPC3_715_8,0.45841363072395325,0.869268000125885,0.8715599179267883,,
KPC3_715_9,0.8349367380142212,0.9377370476722717,0.9178669452667236,,
KPC3_716_4,0.46846476197242737,0.8663020730018616,0.9370449185371399,,
KPC3_716_9,0.6895231008529663,0.9284423589706421,0.9019311666488647,,
KPC3_719_5,0.5154236555099487,0.8751460313796997,0.864445686340332,,
KPC3_719_7,0.2831077575683594,0.8043134808540344,0.8844438195228577,,
KPC3_720_0,0.40162393450737,0.8888274431228638,0.8843962550163269,,
KPC3_720_6,0.34561023116111755,0.8792493939399719,0.9118472337722778,,
KPC3_720_8,0.8108949661254883,0.9330068230628967,0.8627822995185852,,
KPC3_722_0,0.6361985802650452,0.8850629925727844,0.9026068449020386,,
KPC3_722_2,0.6418238878250122,0.9329959750175476,0.9090481400489807,,
KPC3_722_3,0.6282098889350891,0.913963794708252,0.9108502864837646,,
KPC3_723_5,0.5327430963516235,0.9241726398468018,0.8903239965438843,,
KPC3_724_2,0.2481234073638916,0.8387254476547241,0.909144401550293,,
KPC3_724_3,0.3796055018901825,0.8322396874427795,0.8889046907424927,,
KPC3_724_5,0.47125524282455444,0.8638986349105835,0.885210394859314,,
KPC3_724_6,0.37988394498825073,0.7714691758155823,0.8890368938446045,,
KPC3_724_8,0.2712380886077881,0.8595564365386963,0.8874136805534363,,
KPC3_725_3,0.30206575989723206,0.8545320630073547,0.9144306778907776,,
KPC3_726_0,0.31899869441986084,0.8482397198677063,0.9128548502922058,,
KPC3_728_2,0.35584133863449097,0.9010028839111328,0.9095304012298584,,
KPC3_728_3,0.6494336724281311,0.9232553839683533,0.904468834400177,,
KPC3_728_7,0.8742853403091431,0.9421513080596924,0.8968789577484131,,
KPC3_728_9,0.31877246499061584,0.8913376331329346,0.8834205865859985,,
KPC3_72_5,0.5647873878479004,0.8913958668708801,0.9012783765792847,,
KPC3_72_8,0.6594541072845459,0.9373291730880737,0.9040029048919678,,
KPC3_72_9,0.5024712681770325,0.8744795322418213,0.9069182276725769,,
KPC3_732_1,0.455451101064682,0.8336203694343567,0.9001994729042053,,
KPC3_732_5,0.35202571749687195,0.8403598070144653,0.9014198780059814,,
KPC3_733_2,0.7610505819320679,0.8605092167854309,0.910636305809021,,
KPC3_733_3,0.570928156375885,0.918345034122467,0.9024592041969299,,
KPC3_733_4,0.30427584052085876,0.9058657288551331,0.891893208026886,,
KPC3_736_1,0.20345422625541687,0.8660924434661865,0.8929769396781921,,
KPC3_736_7,0.729313850402832,0.9261623024940491,0.9029914140701294,,
KPC3_736_8,0.6756314039230347,0.9009629487991333,0.883147656917572,,
KPC3_736_9,0.5119085907936096,0.905484139919281,0.9143833518028259,,
KPC3_737_9,0.31047916412353516,0.8719421625137329,0.8817014098167419,,
KPC3_738_4,0.21414965391159058,0.7631264328956604,0.8950769901275635,,
KPC3_738_7,0.6027207970619202,0.9210482835769653,0.9041351675987244,,
KPC3_738_8,0.4106987714767456,0.9052667021751404,0.8911904692649841,,
KPC3_73_0,0.6858640313148499,0.9256091713905334,0.8867596983909607,,
KPC3_742_0,0.2141720950603485,0.8242554068565369,0.9086386561393738,,
KPC3_742_3,0.5692532658576965,0.9034870266914368,0.9003340601921082,,
KPC3_743_8,0.505868136882782,0.8739230632781982,0.8937410116195679,,
KPC3_744_1,0.8262472152709961,0.9416940212249756,0.8578863143920898,,
KPC3_745_0,0.2222989797592163,0.8812196850776672,0.9016368985176086,,
KPC3_745_1,0.6054879426956177,0.9074949026107788,0.9160934090614319,,
KPC3_745_5,0.24159979820251465,0.8829546570777893,0.9238279461860657,,
KPC3_745_7,0.3029956519603729,0.8858321905136108,0.9088151454925537,,
KPC3_746_1,0.21122115850448608,0.8351888656616211,0.9082148671150208,,
KPC3_746_5,0.13492748141288757,0.83497554063797,0.9109206795692444,,
KPC3_747_3,0.8215816617012024,0.9340292811393738,0.8966857194900513,,
KPC3_747_4,0.23105333745479584,0.8948936462402344,0.9116969704627991,,
KPC3_748_0,0.7086717486381531,0.9330185055732727,0.9296883940696716,,
KPC3_749_3,0.4649467468261719,0.9183065295219421,0.8985286951065063,,
KPC3_749_4,0.8142005801200867,0.9463003277778625,0.9065759181976318,,
KPC3_749_9,0.5036103129386902,0.8798558712005615,0.9101715683937073,,
KPC3_750_3,0.26237696409225464,0.868439257144928,0.8835163712501526,,
KPC3_751_7,0.33276239037513733,0.84881591796875,0.892499566078186,,
KPC3_751_8,0.4668435752391815,0.854138970375061,0.8923389911651611,,
KPC3_752_2,0.5607349872589111,0.8951924443244934,0.9256144762039185,,
KPC3_753_1,0.18785817921161652,0.7947933673858643,0.9036861062049866,,
KPC3_754_7,0.39909058809280396,0.8945448994636536,0.8986817598342896,,
KPC3_754_8,0.49286723136901855,0.8910889625549316,0.8987103700637817,,
KPC3_755_1,0.4665716886520386,0.9065420031547546,0.9029413461685181,,
KPC3_755_2,0.19462846219539642,0.8169048428535461,0.8979678750038147,,
KPC3_755_4,0.5104739665985107,0.9056390523910522,0.9328199028968811,,
KPC3_755_5,0.3848515450954437,0.8981152176856995,0.8829663395881653,,
KPC3_755_6,0.3574172556400299,0.8909326791763306,0.9030637741088867,,
KPC3_755_7,0.3376639485359192,0.8445978164672852,0.8793161511421204,,
KPC3_756_2,0.3239891827106476,0.8429716229438782,0.8897334337234497,,
KPC3_756_7,0.3165925443172455,0.8924135565757751,0.9030336737632751,,
KPC3_75_0,0.21378694474697113,0.8321925401687622,0.8860001564025879,,
KPC3_75_5,0.35062795877456665,0.8655808568000793,0.8776319026947021,,
KPC3_75_7,0.23247255384922028,0.7633494734764099,0.8809314966201782,,
KPC3_760_1,0.42706385254859924,0.8958026766777039,0.9163832664489746,,
KPC3_761_2,0.28377339243888855,0.8344010710716248,0.8680579662322998,,
KPC3_761_5,0.42694732546806335,0.8641597628593445,0.917451024055481,,
KPC3_761_6,0.34634047746658325,0.8565428853034973,0.8812006711959839,,
KPC3_761_9,0.41120079159736633,0.8567611575126648,0.8841898441314697,,
KPC3_763_0,0.33854904770851135,0.7497019171714783,0.8988834023475647,,
KPC3_764_0,0.5601183772087097,0.9253628849983215,0.9186786413192749,,
KPC3_764_3,0.6371322274208069,0.9210222363471985,0.8986756801605225,,
KPC3_764_6,0.32953521609306335,0.8831526041030884,0.924514651298523,,
KPC3_764_7,0.5671793222427368,0.930460512638092,0.9090467691421509,,
KPC3_764_8,0.701733410358429,0.9433461427688599,0.9191935658454895,,
KPC3_764_9,0.7799764275550842,0.935533344745636,0.9009860157966614,,
KPC3_766_9,0.5419886112213135,0.8817577958106995,0.8830007910728455,,
KPC3_767_6,0.6519912481307983,0.9148614406585693,0.9132217764854431,,
KPC3_768_0,0.8696712255477905,0.953048586845398,0.90437251329422,,
KPC3_768_1,0.739715576171875,0.927750825881958,0.8828144669532776,,
KPC3_768_2,0.5955302119255066,0.9033650159835815,0.9067709445953369,,
KPC3_768_4,0.4155910611152649,0.9073696136474609,0.8839322924613953,,
KPC3_769_5,0.6275385618209839,0.9207387566566467,0.9062750339508057,,
KPC3_769_8,0.8923699855804443,0.9461864233016968,0.9623259902000427,,
KPC3_769_9,0.615071177482605,0.916713535785675,0.9083936810493469,,
KPC3_771_0,0.1491527557373047,0.8427556157112122,0.8796795606613159,,
KPC3_771_3,0.31829404830932617,0.8718259930610657,0.8978147506713867,,
KPC3_771_9,0.19817303121089935,0.8435965776443481,0.8757269382476807,,
KPC3_772_4,0.5417079329490662,0.9000087380409241,0.8990293145179749,,
KPC3_772_8,0.836683452129364,0.9394644498825073,0.8870986104011536,,
KPC3_774_7,0.1956074833869934,0.8405521512031555,0.9055842161178589,,
KPC3_776_1,0.6488285064697266,0.9230014085769653,0.9069809317588806,,
KPC3_776_5,0.7346187233924866,0.9358683228492737,0.9008023738861084,,
KPC3_778_2,0.6743376851081848,0.9378249645233154,0.9182119965553284,,
KPC3_778_5,0.2883208990097046,0.8933728933334351,0.9177221059799194,,
KPC3_778_6,0.46157538890838623,0.9182444214820862,0.9182999730110168,,
KPC3_779_9,0.7521744966506958,0.9517530202865601,0.9225391745567322,,
KPC3_77_1,0.46744266152381897,0.9182035326957703,0.9031767249107361,,
KPC3_77_8,0.5851191878318787,0.9345731735229492,0.9298515915870667,,
KPC3_781_1,0.46699443459510803,0.8275890946388245,0.8841279745101929,,
KPC3_781_4,0.7403228282928467,0.9068398475646973,0.9284082651138306,,
KPC3_782_8,0.616129994392395,0.9091458916664124,0.9075860381126404,,
KPC3_783_4,0.39690837264060974,0.8861103057861328,0.9128477573394775,,
KPC3_783_9,0.6678764820098877,0.9276835322380066,0.9046590328216553,,
KPC3_784_1,0.47240331768989563,0.8886202573776245,0.9019028544425964,,
KPC3_784_6,0.607176661491394,0.9204397201538086,0.8940026760101318,,
KPC3_784_8,0.6751807332038879,0.8899596929550171,0.8906668424606323,,
KPC3_785_0,0.159543976187706,0.8317065238952637,0.8878602385520935,,
KPC3_785_3,0.17421546578407288,0.799727737903595,0.8861932754516602,,
KPC3_785_4,0.6787912845611572,0.8890913724899292,0.8919596076011658,,
KPC3_785_5,0.319611132144928,0.860552191734314,0.9007008671760559,,
KPC3_785_9,0.38511285185813904,0.8395494222640991,0.8908289670944214,,
KPC3_786_4,0.34133604168891907,0.8734857439994812,0.8854169845581055,,
KPC3_787_1,0.2834414541721344,0.8356860876083374,0.9009668827056885,,
KPC3_787_2,0.23280873894691467,0.849819540977478,0.911937415599823,,
KPC3_788_0,0.14331600069999695,0.836518406867981,0.8968300223350525,,
KPC3_788_8,0.4754132926464081,0.7816692590713501,0.8977938890457153,,
KPC3_78_3,0.7326657176017761,0.9434172511100769,0.929293692111969,,
KPC3_78_9,0.30222928524017334,0.9142264723777771,0.9129393100738525,,
KPC3_795_4,0.42199233174324036,0.9044448137283325,0.9068182706832886,,
KPC3_795_7,0.5284793376922607,0.9300664663314819,0.9083390235900879,,
KPC3_796_3,0.45644187927246094,0.9015421271324158,0.8908485770225525,,
KPC3_796_7,0.3997671604156494,0.8750885128974915,0.8831287622451782,,
KPC3_797_4,0.28784188628196716,0.799385666847229,0.8777105808258057,,
KPC3_798_2,0.3778262138366699,0.8584084510803223,0.9013249278068542,,
KPC3_798_4,0.3414297103881836,0.8544178009033203,0.8982123732566833,,
KPC3_799_6,0.4292898178100586,0.9012911915779114,0.8958792090415955,,
KPC3_799_8,0.19316022098064423,0.8557413816452026,0.9048603177070618,,
KPC3_799_9,0.27401086688041687,0.8938009142875671,0.8988139033317566,,
KPC3_79_1,0.7448250651359558,0.9239545464515686,0.9025871157646179,,
KPC3_7_2,0.2638784945011139,0.8417119979858398,0.8851234912872314,,
KPC3_7_4,0.22628489136695862,0.8270333409309387,0.8776925206184387,,
KPC3_801_0,0.816804051399231,0.9406750798225403,0.9421706199645996,,
KPC3_802_6,0.6215367317199707,0.9046761989593506,0.9092482924461365,,
KPC3_802_7,0.5027960538864136,0.9037843346595764,0.8922244310379028,,
KPC3_803_3,0.23693451285362244,0.8530800342559814,0.908463716506958,,
KPC3_803_7,0.3323183059692383,0.8090052008628845,0.9006736278533936,,
KPC3_804_1,0.28606805205345154,0.8600156903266907,0.9146972894668579,,
KPC3_805_0,0.7075119614601135,0.9268413782119751,0.9136343598365784,,
KPC3_805_4,0.5967849493026733,0.9109253287315369,0.9254723191261292,,
KPC3_805_7,0.7151612043380737,0.9417715668678284,0.9232020974159241,,
KPC3_806_1,0.2144635021686554,0.8568617105484009,0.8803207278251648,,
KPC3_806_3,0.38962674140930176,0.8747420310974121,0.9081569314002991,,
KPC3_806_5,0.6165311932563782,0.8997840881347656,0.8921709656715393,,
KPC3_807_1,0.2229565978050232,0.8983030915260315,0.8861547708511353,,
KPC3_807_7,0.8005683422088623,0.936461865901947,0.8958108425140381,,
KPC3_807_8,0.5085417628288269,0.9110686779022217,0.8871699571609497,,
KPC3_807_9,0.7344415783882141,0.9335646033287048,0.8998836874961853,,
KPC3_808_5,0.5790300369262695,0.904886782169342,0.9050284028053284,,
KPC3_808_9,0.8578219413757324,0.9432066679000854,0.9217429161071777,,
KPC3_809_0,0.2504895031452179,0.8561201095581055,0.8809199333190918,,
KPC3_809_1,0.7305178642272949,0.8927547335624695,0.8727847337722778,,
KPC3_809_3,0.23272693157196045,0.851539671421051,0.8814864754676819,,
KPC3_809_7,0.5302974581718445,0.8181753754615784,0.8715177774429321,,
KPC3_809_9,0.41926097869873047,0.862825334072113,0.877345621585846,,
KPC3_810_6,0.7101488709449768,0.9197168350219727,0.8949365615844727,,
KPC3_810_8,0.5115718245506287,0.8848140239715576,0.9131764769554138,,
KPC3_811_2,0.46314525604248047,0.9078147411346436,0.8935580849647522,,
KPC3_811_4,0.5465517640113831,0.9031433463096619,0.8921039700508118,,
KPC3_811_5,0.45329537987709045,0.9113554358482361,0.9167799353599548,,
KPC3_811_6,0.7219315767288208,0.9194460511207581,0.9014880061149597,,
KPC3_811_8,0.3691779375076294,0.8318617939949036,0.8994763493537903,,
KPC3_812_7,0.29559433460235596,0.9063836932182312,0.9306461215019226,,
KPC3_813_5,0.7520972490310669,0.9564372897148132,0.9213207364082336,,
KPC3_813_6,0.8702568411827087,0.9591829180717468,0.9289962649345398,,
KPC3_814_0,0.5022462010383606,0.8501105308532715,0.87445467710495,,
KPC3_814_5,0.3836754560470581,0.7781297564506531,0.8695584535598755,,
KPC3_814_8,0.3984161615371704,0.8735349774360657,0.8809366822242737,,
KPC3_816_2,0.5375664830207825,0.8889217972755432,0.9066126346588135,,
KPC3_816_4,0.42623478174209595,0.8709045052528381,0.922512412071228,,
KPC3_816_8,0.279874324798584,0.8397517204284668,0.8949514627456665,,
KPC3_818_2,0.3339567184448242,0.8629443645477295,0.9179357290267944,,
KPC3_818_5,0.22895915806293488,0.8371315002441406,0.8973778486251831,,
KPC3_819_0,0.696009635925293,0.9056451320648193,0.8752555251121521,,
KPC3_819_3,0.3104102313518524,0.866951584815979,0.8771327137947083,,
KPC3_819_8,0.6777452230453491,0.9186762571334839,0.908010721206665,,
KPC3_81_8,0.8884565830230713,0.9529796838760376,0.8959158658981323,,
KPC3_820_0,0.5449005961418152,0.8901267051696777,0.8595735430717468,,
KPC3_820_1,0.5292641520500183,0.8693709373474121,0.8717913627624512,,
KPC3_820_3,0.3313450217247009,0.854435384273529,0.8762736320495605,,
KPC3_820_8,0.21296070516109467,0.8504330515861511,0.8700445294380188,,
KPC3_820_9,0.3752250075340271,0.8694108724594116,0.8827827572822571,,
KPC3_821_2,0.4452519714832306,0.9214223623275757,0.9146286845207214,,
KPC3_822_0,0.8527444005012512,0.9467827677726746,0.9207044839859009,,
KPC3_822_8,0.3364703059196472,0.9037811160087585,0.9112986326217651,,
KPC3_823_8,0.8976368308067322,0.9629837274551392,0.9140303134918213,,
KPC3_824_4,0.5107851624488831,0.9116259217262268,0.8992328643798828,,
KPC3_824_6,0.46375763416290283,0.9062253832817078,0.9107779860496521,,
KPC3_825_5,0.5333950519561768,0.8801409006118774,0.8742247819900513,,
KPC3_826_9,0.42174768447875977,0.9217579364776611,0.9158192873001099,,
KPC3_827_5,0.6919872164726257,0.9400448799133301,0.898443341255188,,
KPC3_827_8,0.5756519436836243,0.9125381708145142,0.8926214575767517,,
KPC3_828_3,0.7753366231918335,0.9368976354598999,0.9027196168899536,,
KPC3_828_6,0.6975865364074707,0.9303571581840515,0.9116374850273132,,
KPC3_829_7,0.770896315574646,0.9403569102287292,0.9079349637031555,,
KPC3_831_0,0.8285243511199951,0.9476268887519836,0.9128410816192627,,
KPC3_831_3,0.8167791962623596,0.9365577697753906,0.9248494505882263,,
KPC3_831_9,0.6287384033203125,0.9337760806083679,0.9137793779373169,,
KPC3_832_0,0.5695528984069824,0.8818398118019104,0.9010888338088989,,
KPC3_832_9,0.5421473979949951,0.9092999696731567,0.9099860787391663,,
KPC3_833_0,0.2625539302825928,0.8523418307304382,0.902458667755127,,
KPC3_833_2,0.35561490058898926,0.8543485999107361,0.8801281452178955,,
KPC3_833_4,0.4382750988006592,0.8332557678222656,0.8781625032424927,,
KPC3_833_8,0.20681895315647125,0.8549506664276123,0.8835408687591553,,
KPC3_833_9,0.4261859953403473,0.7998963594436646,0.8898784518241882,,
KPC3_834_2,0.6259274482727051,0.9043943285942078,0.8680087327957153,,
KPC3_837_8,0.5314866304397583,0.8910804986953735,0.874261736869812,,
KPC3_83_1,0.3162921369075775,0.7106978297233582,0.8806737065315247,,
KPC3_83_5,0.25751766562461853,0.8387904167175293,0.8895723223686218,,
KPC3_840_6,0.4594455361366272,0.8909092545509338,0.8914530277252197,,
KPC3_841_7,0.5122352242469788,0.9101054668426514,0.9027026891708374,,
KPC3_842_0,0.5885015726089478,0.8802111744880676,0.8798137307167053,,
KPC3_842_1,0.23584884405136108,0.8641276955604553,0.8746155500411987,,
KPC3_843_4,0.6171154379844666,0.9299007058143616,0.9220296740531921,,
KPC3_843_9,0.6577783823013306,0.9081128239631653,0.9315250515937805,,
KPC3_844_4,0.6910117864608765,0.9143257141113281,0.870712399482727,,
KPC3_845_0,0.5320417881011963,0.9303916096687317,0.9160330891609192,,
KPC3_845_1,0.5274423360824585,0.924984335899353,0.93585205078125,,
KPC3_845_6,0.6985200047492981,0.9395075440406799,0.9397901296615601,,
KPC3_845_7,0.817785382270813,0.92257159948349,0.9555887579917908,,
KPC3_845_9,0.8251643776893616,0.9464136958122253,0.9563339948654175,,
KPC3_847_1,0.4544779658317566,0.9014195799827576,0.9064139127731323,,
KPC3_847_2,0.6207736134529114,0.877906322479248,0.8865407109260559,,
KPC3_847_3,0.5552352070808411,0.8559777140617371,0.9034326672554016,,
KPC3_847_6,0.39542070031166077,0.9041475653648376,0.9014776349067688,,
KPC3_848_9,0.6753231883049011,0.9470905065536499,0.9250103235244751,,
KPC3_849_2,0.5119155645370483,0.8824387788772583,0.9154085516929626,,
KPC3_850_1,0.26147037744522095,0.8580119609832764,0.8772296905517578,,
KPC3_850_8,0.4193284809589386,0.6968955993652344,0.8719295859336853,,
KPC3_851_4,0.3670992851257324,0.8934353590011597,0.9210590124130249,,
KPC3_852_4,0.2209589034318924,0.8403956294059753,0.918648362159729,,
KPC3_853_0,0.1674961894750595,0.8648070693016052,0.908153235912323,,
KPC3_853_7,0.7636175751686096,0.9176229238510132,0.9116835594177246,,
KPC3_854_3,0.40321674942970276,0.8605831861495972,0.9047421216964722,,
KPC3_854_8,0.2758813500404358,0.8562818169593811,0.9194486141204834,,
KPC3_855_2,0.7487694621086121,0.9293144345283508,0.8734656572341919,,
KPC3_856_1,0.14646050333976746,0.8783497214317322,0.8984153866767883,,
KPC3_856_3,0.5428418517112732,0.8653349280357361,0.8890892863273621,,
KPC3_857_4,0.45677292346954346,0.936883270740509,0.9361521601676941,,
KPC3_858_8,0.24826236069202423,0.8778799772262573,0.8939467668533325,,
KPC3_859_3,0.5931898951530457,0.9149332046508789,0.8999003767967224,,
KPC3_85_3,0.6744674444198608,0.9106667637825012,0.9056726694107056,,
KPC3_85_5,0.8030319213867188,0.9151365756988525,0.9066940546035767,,
KPC3_85_8,0.29621732234954834,0.8177963495254517,0.910700261592865,,
KPC3_860_0,0.2675372064113617,0.8805919289588928,0.8873322010040283,,
KPC3_860_2,0.20369558036327362,0.8637644648551941,0.8986548185348511,,
KPC3_860_8,0.2656486928462982,0.8594328165054321,0.8929889798164368,,
KPC3_863_4,0.407257080078125,0.8519123196601868,0.8987340927124023,,
KPC3_865_0,0.32015618681907654,0.8858115077018738,0.8848831057548523,,
KPC3_865_1,0.28598588705062866,0.8694295287132263,0.8807646036148071,,
KPC3_865_4,0.39792400598526,0.9046244621276855,0.8999607563018799,,
KPC3_865_7,0.27800050377845764,0.8694595694541931,0.886559009552002,,
KPC3_865_8,0.3777574598789215,0.8604307770729065,0.8942277431488037,,
KPC3_866_0,0.37689027190208435,0.8631489872932434,0.9014682173728943,,
KPC3_867_3,0.6270512938499451,0.9299639463424683,0.9036886096000671,,
KPC3_867_5,0.34926167130470276,0.8797696232795715,0.9033223986625671,,
KPC3_867_7,0.4335787892341614,0.8970540761947632,0.8957823514938354,,
KPC3_869_4,0.21865296363830566,0.6657605171203613,0.8819544911384583,,
KPC3_870_7,0.6280590891838074,0.9028743505477905,0.9041460156440735,,
KPC3_871_7,0.3646092712879181,0.7783022522926331,0.8963891863822937,,
KPC3_871_8,0.2660634517669678,0.8312488794326782,0.8937537670135498,,
KPC3_874_1,0.3130968511104584,0.8609759211540222,0.8993326425552368,,
KPC3_874_5,0.5003132820129395,0.8882249593734741,0.90470951795578,,
KPC3_874_6,0.5754714012145996,0.8880251049995422,0.8815138339996338,,
KPC3_874_7,0.3789880573749542,0.8355284333229065,0.9096234440803528,,
KPC3_874_8,0.3340403139591217,0.835388720035553,0.8707122206687927,,
KPC3_876_0,0.22266995906829834,0.9039088487625122,0.9057608842849731,,
KPC3_876_1,0.754965603351593,0.9355617761611938,0.9083713293075562,,
KPC3_876_7,0.8730065226554871,0.9262251853942871,0.9014766812324524,,
KPC3_876_9,0.5597701072692871,0.9210181832313538,0.9114934802055359,,
KPC3_877_0,0.3496652841567993,0.9106647372245789,0.9097639918327332,,
KPC3_877_5,0.7932042479515076,0.9357087016105652,0.9306434392929077,,
KPC3_877_7,0.3990519642829895,0.918486475944519,0.9066760540008545,,
KPC3_877_8,0.5927541255950928,0.9361105561256409,0.9140335917472839,,
KPC3_877_9,0.7203839421272278,0.929104745388031,0.9251541495323181,,
KPC3_878_6,0.5524395108222961,0.8982920050621033,0.9219568371772766,,
KPC3_87_0,0.5374360084533691,0.8913880586624146,0.9051377773284912,,
KPC3_87_5,0.596312940120697,0.9141269326210022,0.8995901942253113,,
KPC3_87_6,0.21254347264766693,0.8615899682044983,0.9046355485916138,,
KPC3_880_2,0.6714759469032288,0.8937099575996399,0.9069440364837646,,
KPC3_880_9,0.2956003248691559,0.8792644739151001,0.9016954302787781,,
KPC3_882_7,0.5312398076057434,0.9147094488143921,0.9034084677696228,,
KPC3_883_1,0.3299473226070404,0.8051472306251526,0.9111744165420532,,
KPC3_884_0,0.25910624861717224,0.8179581761360168,0.9100719094276428,,
KPC3_885_1,0.5063429474830627,0.8991950750350952,0.9276588559150696,,
KPC3_885_2,0.4047538638114929,0.7764867544174194,0.8882631659507751,,
KPC3_885_8,0.5292057991027832,0.8983615636825562,0.9088107347488403,,
KPC3_886_5,0.17959287762641907,0.8102959990501404,0.8793595433235168,,
KPC3_887_5,0.5699328780174255,0.9161563515663147,0.9228261113166809,,
KPC3_888_5,0.6513161063194275,0.927886962890625,0.9119862914085388,,
KPC3_889_8,0.7118438482284546,0.9149389863014221,0.8899876475334167,,
KPC3_88_2,0.4518442749977112,0.8877245187759399,0.9170743823051453,,
KPC3_890_4,0.6793383955955505,0.9414469599723816,0.917294979095459,,
KPC3_890_5,0.8047320246696472,0.9486253261566162,0.9167191982269287,,
KPC3_890_7,0.7498413324356079,0.9444870948791504,0.9226104021072388,,
KPC3_891_0,0.7599151134490967,0.8770384788513184,0.8813978433609009,,
KPC3_892_1,0.7171268463134766,0.9156558513641357,0.8897503614425659,,
KPC3_892_2,0.5357031226158142,0.9018023014068604,0.8886679410934448,,
KPC3_893_0,0.39219310879707336,0.8623472452163696,0.9063159823417664,,
KPC3_893_1,0.40540191531181335,0.8621150255203247,0.9057604670524597,,
KPC3_894_4,0.49792417883872986,0.888209879398346,0.9003331065177917,,
KPC3_897_5,0.6881787776947021,0.913112998008728,0.8784684538841248,,
KPC3_897_6,0.1765052229166031,0.8597147464752197,0.8861753344535828,,
KPC3_898_0,0.7022988796234131,0.9075833559036255,0.8866890668869019,,
KPC3_898_3,0.6210265159606934,0.8989362120628357,0.878598153591156,,
KPC3_899_4,0.1693296879529953,0.8916818499565125,0.9123583436012268,,
KPC3_89_0,0.2397773712873459,0.8522491455078125,0.9175565838813782,,
KPC3_89_2,0.305550217628479,0.8911083936691284,0.9282956123352051,,
KPC3_8_2,0.8275442123413086,0.9284090399742126,0.9061784744262695,,
KPC3_900_1,0.2418932169675827,0.8623760938644409,0.8932876586914062,,
KPC3_900_3,0.3524933159351349,0.8736363053321838,0.9060840010643005,,
KPC3_900_5,0.6330912709236145,0.8723342418670654,0.896362841129303,,
KPC3_900_6,0.7147365212440491,0.9137153029441833,0.9021809101104736,,
KPC3_905_0,0.2733294665813446,0.8159402012825012,0.906048059463501,,
KPC3_905_3,0.6598821878433228,0.9214195609092712,0.8884413242340088,,
KPC3_905_6,0.8048160672187805,0.922440230846405,0.9061747789382935,,
KPC3_906_0,0.4817688465118408,0.9076428413391113,0.9177190661430359,,
KPC3_907_4,0.8447356820106506,0.9434715509414673,0.9382054209709167,,
KPC3_907_7,0.5642537474632263,0.8393622040748596,0.9203550219535828,,
KPC3_907_8,0.8642066717147827,0.9473849534988403,0.9431754946708679,,
KPC3_908_7,0.20136266946792603,0.8559444546699524,0.8990527391433716,,
KPC3_908_8,0.8128789067268372,0.8647574782371521,0.9135464429855347,,
KPC3_909_4,0.5841346383094788,0.9215588569641113,0.9097352623939514,,
KPC3_909_8,0.6000509262084961,0.8961849212646484,0.9024354219436646,,
KPC3_90_1,0.6547954678535461,0.9366222023963928,0.9014529585838318,,
KPC3_90_2,0.2972134053707123,0.911027729511261,0.8973152041435242,,
KPC3_90_3,0.4788905680179596,0.916882336139679,0.9122748970985413,,
KPC3_90_5,0.7276976704597473,0.8809716105461121,0.9276646375656128,,
KPC3_910_2,0.20551803708076477,0.8840669989585876,0.9079994559288025,,
KPC3_911_1,0.6813708543777466,0.915008008480072,0.921417236328125,,
KPC3_913_2,0.2896044850349426,0.9188076257705688,0.9140403270721436,,
KPC3_913_8,0.725895345211029,0.9308757185935974,0.903051495552063,,
KPC3_914_1,0.22508521378040314,0.831759512424469,0.872148871421814,,
KPC3_915_2,0.6647412180900574,0.9353315234184265,0.9072622060775757,,
KPC3_915_8,0.8388055562973022,0.9456743597984314,0.9167460799217224,,
KPC3_916_8,0.8311757445335388,0.9316311478614807,0.8574341535568237,,
KPC3_917_2,0.43200573325157166,0.8771066665649414,0.9047371745109558,,
KPC3_918_2,0.562985360622406,0.9269225001335144,0.9273620247840881,,
KPC3_91_3,0.34879159927368164,0.7534615993499756,0.8869221806526184,,
KPC3_91_4,0.27392008900642395,0.8333179354667664,0.8954973220825195,,
KPC3_920_3,0.33892911672592163,0.894353449344635,0.9048779606819153,,
KPC3_920_9,0.2553609311580658,0.8960478901863098,0.908818781375885,,
KPC3_921_3,0.47587794065475464,0.9018762111663818,0.8895410895347595,,
KPC3_921_4,0.5698321461677551,0.9088788032531738,0.8920195698738098,,
KPC3_921_5,0.5800789594650269,0.8736785054206848,0.900173008441925,,
KPC3_921_9,0.2717347741127014,0.8718676567077637,0.8965387940406799,,
KPC3_922_1,0.6310622692108154,0.9362164735794067,0.9286084175109863,,
KPC3_923_0,0.8048795461654663,0.9376006126403809,0.8916997909545898,,
KPC3_923_5,0.4006275236606598,0.8074089288711548,0.89576655626297,,
KPC3_923_6,0.4236952066421509,0.8835290670394897,0.8935708403587341,,
KPC3_923_8,0.5282196998596191,0.9132790565490723,0.87251877784729,,
KPC3_924_3,0.416205495595932,0.8733103275299072,0.8990831971168518,,
KPC3_924_5,0.4748231768608093,0.8869910836219788,0.8977832794189453,,
KPC3_925_9,0.6317435503005981,0.9422486424446106,0.9076982736587524,,
KPC3_927_1,0.5599360466003418,0.8921228051185608,0.9069899320602417,,
KPC3_928_4,0.3030116856098175,0.8575612902641296,0.8779019117355347,,
KPC3_930_1,0.7450549602508545,0.9235645532608032,0.8925203084945679,,
KPC3_930_5,0.5880391001701355,0.9052530527114868,0.8850687146186829,,
KPC3_930_9,0.48270341753959656,0.898858904838562,0.8980083465576172,,
KPC3_931_0,0.4354040324687958,0.8530871868133545,0.8805933594703674,,
KPC3_934_2,0.7219541668891907,0.951616108417511,0.92626953125,,
KPC3_934_3,0.5866516828536987,0.911149799823761,0.9118525981903076,,
KPC3_934_6,0.7058315277099609,0.9452844262123108,0.9188897013664246,,
KPC3_935_0,0.6161507368087769,0.9258174300193787,0.9147854447364807,,
KPC3_935_6,0.5918426513671875,0.9186875224113464,0.9143921136856079,,
KPC3_935_9,0.5146138072013855,0.914641797542572,0.909757137298584,,
KPC3_936_4,0.17907370626926422,0.8377657532691956,0.8896573781967163,,
KPC3_936_5,0.5036325454711914,0.7517921328544617,0.9029887914657593,,
KPC3_936_7,0.2246033400297165,0.8358299136161804,0.9174083471298218,,
KPC3_936_9,0.3590379059314728,0.8252624869346619,0.8808327913284302,,
KPC3_937_1,0.20319198071956635,0.6511831879615784,0.8952091932296753,,
KPC3_937_2,0.27667728066444397,0.8452012538909912,0.8965352177619934,,
KPC3_937_4,0.3858295977115631,0.8596554398536682,0.9012824892997742,,
KPC3_938_7,0.19169649481773376,0.8928573727607727,0.8933656215667725,,
KPC3_93_0,0.25104501843452454,0.7868357300758362,0.8904175162315369,,
KPC3_93_1,0.4859393537044525,0.8791634440422058,0.8909894227981567,,
KPC3_93_6,0.30618104338645935,0.8477689027786255,0.8774653077125549,,
KPC3_93_7,0.5290470719337463,0.8532010316848755,0.9137710928916931,,
KPC3_940_1,0.6059799790382385,0.9022971987724304,0.8857303857803345,,
KPC3_942_1,0.8135432600975037,0.9378492832183838,0.9161716103553772,,
KPC3_942_7,0.7763818502426147,0.9472726583480835,0.9202024340629578,,
KPC3_942_9,0.6006693243980408,0.9332801103591919,0.9142876863479614,,
KPC3_944_5,0.3364052474498749,0.8897781372070312,0.9037277102470398,,
KPC3_945_1,0.2192256897687912,0.852127194404602,0.8945000171661377,,
KPC3_945_2,0.19177156686782837,0.8450508117675781,0.8995966911315918,,
KPC3_945_6,0.44171303510665894,0.8464595675468445,0.8998562693595886,,
KPC3_946_0,0.8813154697418213,0.9593461751937866,0.9458319544792175,,
KPC3_946_1,0.7723796367645264,0.9079599976539612,0.9515966773033142,,
KPC3_946_3,0.6206600666046143,0.9331479072570801,0.9281880259513855,,
KPC3_946_5,0.44659969210624695,0.9080054759979248,0.9276478886604309,,
KPC3_947_7,0.6800341010093689,0.9260987043380737,0.9142679572105408,,
KPC3_948_8,0.16944923996925354,0.8627272248268127,0.9170242547988892,,
KPC3_949_2,0.4708438515663147,0.8661633729934692,0.9058799743652344,,
KPC3_949_4,0.6345010995864868,0.9043236970901489,0.9051485657691956,,
KPC3_951_4,0.7591784000396729,0.9433590769767761,0.929041862487793,,
KPC3_952_0,0.24277420341968536,0.8517616987228394,0.9256024956703186,,
KPC3_952_5,0.4428732991218567,0.8846902847290039,0.9177488088607788,,
KPC3_952_8,0.3671054244041443,0.8741640448570251,0.9228083491325378,,
KPC3_953_7,0.6739516258239746,0.9322590231895447,0.9225271344184875,,
KPC3_954_0,0.5737547874450684,0.8684812784194946,0.8761745691299438,,
KPC3_954_4,0.894612193107605,0.9473524689674377,0.9056640863418579,,
KPC3_954_5,0.2703363597393036,0.8846727013587952,0.9034505486488342,,
KPC3_955_3,0.4595932364463806,0.9076855778694153,0.9052503108978271,,
KPC3_955_4,0.7206494212150574,0.8928852081298828,0.9224753379821777,,
KPC3_955_6,0.17768257856369019,0.8769323229789734,0.9006987810134888,,
KPC3_955_9,0.38016095757484436,0.8833110332489014,0.9072538614273071,,
KPC3_958_0,0.529593825340271,0.9322900176048279,0.9132258296012878,,
KPC3_958_1,0.8562518358230591,0.9612583518028259,0.9390398263931274,,
KPC3_958_2,0.43739938735961914,0.9372788667678833,0.9133483171463013,,
KPC3_958_8,0.7716597318649292,0.9383155703544617,0.918304979801178,,
KPC3_958_9,0.5850869417190552,0.9341745972633362,0.9157249331474304,,
KPC3_95_0,0.6863647699356079,0.9283289313316345,0.9037954807281494,,
KPC3_95_7,0.38039493560791016,0.8838610053062439,0.9030153751373291,,
KPC3_960_4,0.2626529633998871,0.8680683970451355,0.8914491534233093,,
KPC3_962_3,0.22869355976581573,0.8621551394462585,0.8998085260391235,,
KPC3_963_0,0.4229446053504944,0.7331752777099609,0.893338680267334,,
KPC3_963_3,0.38862478733062744,0.7599292397499084,0.9194726347923279,,
KPC3_963_4,0.21901601552963257,0.812434196472168,0.8874036073684692,,
KPC3_963_5,0.23233266174793243,0.7661240100860596,0.9147241711616516,,
KPC3_963_8,0.1591029167175293,0.8267894387245178,0.8956304788589478,,
KPC3_964_2,0.29172366857528687,0.8867685794830322,0.9087016582489014,,
KPC3_964_7,0.36011001467704773,0.8710857033729553,0.8840598464012146,,
KPC3_965_9,0.2680608630180359,0.8230580687522888,0.8863915801048279,,
KPC3_966_3,0.6403574347496033,0.9250576496124268,0.9149275422096252,,
KPC3_966_6,0.35675451159477234,0.87065190076828,0.8906115293502808,,
KPC3_967_7,0.5146531462669373,0.9236443042755127,0.9029849171638489,,
KPC3_969_0,0.26625677943229675,0.8108447194099426,0.9223096966743469,,
KPC3_969_2,0.4167819023132324,0.8253741264343262,0.9118062257766724,,
KPC3_969_8,0.4668528437614441,0.8951630592346191,0.9184000492095947,,
KPC3_971_1,0.37017688155174255,0.9170193076133728,0.9176675081253052,,
KPC3_971_3,0.4381678104400635,0.8946558237075806,0.9146454930305481,,
KPC3_971_4,0.6060808897018433,0.9359992742538452,0.9258294701576233,,
KPC3_971_9,0.5337336659431458,0.9222409725189209,0.9198606014251709,,
KPC3_973_4,0.7264626026153564,0.9516559839248657,0.9139049649238586,,
KPC3_973_7,0.6297156810760498,0.9317877888679504,0.9187113642692566,,
KPC3_973_8,0.6545570492744446,0.9439563751220703,0.9116177558898926,,
KPC3_974_2,0.19063206017017365,0.8564295768737793,0.8956189155578613,,
KPC3_974_4,0.5100147724151611,0.8929432034492493,0.8817106485366821,,
KPC3_974_7,0.3543552756309509,0.8696671724319458,0.8881273865699768,,
KPC3_974_9,0.6028599739074707,0.90748530626297,0.8720303177833557,,
KPC3_976_1,0.5063091516494751,0.9086353778839111,0.897066056728363,,
KPC3_976_3,0.7257619500160217,0.9238006472587585,0.8967587351799011,,
KPC3_976_5,0.7170450687408447,0.9249035120010376,0.8842785954475403,,
KPC3_976_6,0.3061860203742981,0.8857629895210266,0.902435839176178,,
KPC3_976_7,0.7687625885009766,0.9381294250488281,0.8849090337753296,,
KPC3_976_9,0.3449569046497345,0.8869222402572632,0.9184466004371643,,
KPC3_978_1,0.2475830316543579,0.8391457200050354,0.897194504737854,,
KPC3_97_2,0.5176776051521301,0.8650480508804321,0.887556254863739,,
KPC3_980_7,0.28267279267311096,0.7551760077476501,0.8657166361808777,,
KPC3_980_9,0.20026959478855133,0.8080752491950989,0.8766417503356934,,
KPC3_981_6,0.3679402470588684,0.8288449645042419,0.8723930716514587,,
KPC3_982_2,0.33984774351119995,0.8809454441070557,0.8993769884109497,,
KPC3_982_6,0.3077647387981415,0.8753150701522827,0.9026360511779785,,
KPC3_983_1,0.28513652086257935,0.842659056186676,0.9106621146202087,,
KPC3_984_5,0.7705862522125244,0.9266778230667114,0.9201406240463257,,
KPC3_986_2,0.7762501239776611,0.9428486227989197,0.9270415306091309,,
KPC3_986_4,0.5848650932312012,0.916139543056488,0.9069316983222961,,
KPC3_986_6,0.3661319315433502,0.8873854875564575,0.9000227451324463,,
KPC3_987_0,0.32628366351127625,0.8165581822395325,0.8806424736976624,,
KPC3_987_3,0.31904342770576477,0.8596981167793274,0.8763081431388855,,
KPC3_987_7,0.3001026511192322,0.8420314788818359,0.879087507724762,,
KPC3_989_6,0.45456743240356445,0.9130322337150574,0.9218218326568604,,
KPC3_990_6,0.7721652984619141,0.9308605790138245,0.8910402059555054,,
KPC3_991_8,0.3867572546005249,0.8886876702308655,0.8963791728019714,,
KPC3_993_3,0.5513556599617004,0.840637743473053,0.8988503217697144,,
KPC3_994_3,0.19392047822475433,0.6535516977310181,0.8736699223518372,,
KPC3_994_5,0.2030683308839798,0.5566014051437378,0.8452491164207458,,
KPC3_994_7,0.25032588839530945,0.5113971829414368,0.8585442900657654,,
KPC3_994_8,0.3181825876235962,0.815576434135437,0.865294337272644,,
KPC3_995_3,0.5157114863395691,0.8805913925170898,0.9117345213890076,,
KPC3_995_5,0.7213348150253296,0.9124189615249634,0.888728678226471,,
KPC3_997_0,0.6097846627235413,0.8648922443389893,0.9034029245376587,,
KPC3_99_2,0.39419934153556824,0.796375572681427,0.8865777850151062,,
KPC3_99_6,0.6086307764053345,0.9131315350532532,0.8983635306358337,,
rank0001_KPC3_0252,0.5422006845474243,0.8863855600357056,0.9246904850006104,,
rank0002_KPC3_2018,0.2873723804950714,0.844430148601532,0.9204661846160889,,
rank0003_KPC3_2913,0.21794070303440094,0.8383505940437317,0.8928202390670776,,
rank0004_KPC3_1403,0.7865210175514221,0.8812179565429688,0.915152370929718,,
rank0005_KPC3_3337,0.4697735905647278,0.8226325511932373,0.9205967783927917,,
rank0006_KPC3_0367,0.19035325944423676,0.8398734927177429,0.9176610112190247,,
rank0007_KPC3_4655,0.16888923943042755,0.8556063175201416,0.9185529947280884,,
rank0008_KPC3_0365,0.4050179123878479,0.8004279136657715,0.934828519821167,,
rank0009_KPC3_1943,0.47489914298057556,0.8186362981796265,0.9223421216011047,,
rank0010_KPC3_3477,0.26919203996658325,0.8510797619819641,0.9058752655982971,,
rank0011_KPC3_2777,0.17012137174606323,0.849737823009491,0.91550213098526,,
rank0012_KPC3_1506,0.1875217705965042,0.8165233135223389,0.9214730262756348,,
rank0013_KPC3_1277,0.5281487703323364,0.8474077582359314,0.9147775769233704,,
rank0014_KPC3_1767,0.8026726245880127,0.9238058924674988,0.930838406085968,,
rank0015_KPC3_1581,0.13819371163845062,0.8112945556640625,0.9228513836860657,,
rank0017_KPC3_1882,0.39297544956207275,0.8344924449920654,0.8893948793411255,,
rank0018_KPC3_1687,0.3193727135658264,0.7992994785308838,0.9093759655952454,,
rank0019_KPC3_3404,0.6093687415122986,0.7639859318733215,0.8956543207168579,,
rank0020_KPC3_4735,0.5020584464073181,0.9013252258300781,0.9023610353469849,,
rank0021_KPC3_1157,0.5159770250320435,0.8225197196006775,0.9228541254997253,,
rank0022_KPC3_3321,0.33096402883529663,0.867459774017334,0.893315851688385,,
rank0024_KPC3_2035,0.5703250765800476,0.869839608669281,0.9262784719467163,,
rank0025_KPC3_2397,0.8096177577972412,0.9236853122711182,0.9275146722793579,,
rank0026_KPC3_4640,0.5019010901451111,0.8688706159591675,0.8974380493164062,,
rank0027_KPC3_1406,0.4627394378185272,0.8750366568565369,0.8868902921676636,,
rank0028_KPC3_2159,0.16893774271011353,0.8392565846443176,0.9235299229621887,,
rank0029_KPC3_1993,0.3513924777507782,0.8660010099411011,0.9249619245529175,,
rank0030_KPC3_3450,0.7656502723693848,0.9022983312606812,0.8980779647827148,,
rank0032_KPC3_3014,0.3881397247314453,0.8671448826789856,0.9089200496673584,,
rank0033_KPC3_2089,0.5169246792793274,0.7994968295097351,0.920149028301239,,
rank0034_KPC3_0923,0.5466042757034302,0.9036746025085449,0.9039314985275269,,
rank0035_KPC3_1621,0.2826753258705139,0.8544091582298279,0.9038113951683044,,
rank0036_KPC3_0744,0.3290565311908722,0.8749338388442993,0.9102156758308411,,
rank0037_KPC3_1309,0.2859016954898834,0.8588992357254028,0.907838761806488,,
rank0038_KPC3_0309,0.49906206130981445,0.8700156211853027,0.91864413022995,,
rank0039_KPC3_2910,0.2134765088558197,0.7645507454872131,0.8943365216255188,,
rank0040_KPC3_1550,0.3644065260887146,0.8632871508598328,0.8862579464912415,,
rank0041_KPC3_2477,0.4440325200557709,0.8688065409660339,0.9045775532722473,,
rank0042_KPC3_2388,0.4319864511489868,0.8959189653396606,0.9062882661819458,,
rank0043_KPC3_2249,0.4379200041294098,0.894202709197998,0.8717761039733887,,
rank0044_KPC3_1874,0.5164992809295654,0.9036890864372253,0.9039656519889832,,
rank0045_KPC3_2040,0.5298646688461304,0.8887906670570374,0.8735748529434204,,
rank0046_KPC3_1585,0.562041699886322,0.890437662601471,0.9228295683860779,,
rank0047_KPC3_2659,0.21883979439735413,0.8591904044151306,0.8854690790176392,,
rank0048_KPC3_1400,0.20702967047691345,0.8452513813972473,0.8970893025398254,,
rank0049_KPC3_0700,0.7600119709968567,0.9375741481781006,0.9241726398468018,,
rank0050_KPC3_2380,0.5057789087295532,0.8470062613487244,0.893617570400238,,
rank0051_KPC3_0727,0.7248201370239258,0.9301696419715881,0.9069352746009827,,
rank0052_KPC3_0721,0.6749280095100403,0.93619304895401,0.9264310598373413,,
rank0053_KPC3_3976,0.36612755060195923,0.8611721396446228,0.905501127243042,,
rank0054_KPC3_2038,0.5374875664710999,0.8777880668640137,0.9252908825874329,,
rank0055_KPC3_1419,0.5025858283042908,0.9030469655990601,0.940155565738678,,
rank0056_KPC3_1944,0.34701094031333923,0.8487638831138611,0.9156243205070496,,
rank0057_KPC3_1269,0.7953730225563049,0.9397259950637817,0.9158687591552734,,
rank0058_KPC3_0707,0.8106957674026489,0.9448906183242798,0.9090393781661987,,
rank0059_KPC3_1636,0.6863558888435364,0.9205796122550964,0.9128755331039429,,
rank0060_KPC3_1677,0.49173033237457275,0.881315290927887,0.9021841287612915,,
rank0062_KPC3_1905,0.6748116612434387,0.9117827415466309,0.8946502804756165,,
rank0063_KPC3_0315,0.5758129954338074,0.8627459406852722,0.9107699394226074,,
rank0064_KPC3_0574,0.6790202260017395,0.9199019074440002,0.9324460029602051,,
rank0065_KPC3_1619,0.5234841704368591,0.8984783887863159,0.9166432023048401,,
rank0066_KPC3_3663,0.40278932452201843,0.865957498550415,0.908409833908081,,
rank0067_KPC3_1501,0.25956493616104126,0.7811422944068909,0.9090802669525146,,
rank0068_KPC3_0028,0.267567902803421,0.8442322611808777,0.9204334616661072,,
rank0069_KPC3_1892,0.7818927764892578,0.9406948685646057,0.9209931492805481,,
rank0070_KPC3_2565,0.3914260268211365,0.870144784450531,0.9189885258674622,,
rank0071_KPC3_1725,0.4724878668785095,0.8614025712013245,0.9165248274803162,,
rank0072_KPC3_1310,0.3408929705619812,0.89769446849823,0.907023549079895,,
rank0073_KPC3_1234,0.4882562756538391,0.775761067867279,0.9184408783912659,,
rank0074_KPC3_1250,0.21596550941467285,0.8437727689743042,0.9146108627319336,,
rank0075_KPC3_2289,0.40385982394218445,0.9083632826805115,0.9071683883666992,,
rank0076_KPC3_1604,0.38361856341362,0.8775327801704407,0.8997429609298706,,
rank0077_KPC3_2080,0.3267846405506134,0.8469006419181824,0.9136425852775574,,
rank0078_KPC3_1535,0.8297771215438843,0.9445415139198303,0.9087607860565186,,
rank0079_KPC3_2886,0.2560671269893646,0.8526043891906738,0.8966146111488342,,
rank0080_KPC3_0112,0.2213200479745865,0.8894162178039551,0.8809993267059326,,
rank0081_KPC3_0179,0.7796133756637573,0.937344491481781,0.9104509353637695,,
rank0082_KPC3_2437,0.26939305663108826,0.8598821759223938,0.9353693723678589,,
rank0083_KPC3_2193,0.28729841113090515,0.8604130148887634,0.9355364441871643,,
rank0084_KPC3_1880,0.390496164560318,0.8657360076904297,0.9144262075424194,,
rank0085_KPC3_1618,0.31005823612213135,0.779411256313324,0.9134787321090698,,
rank0086_KPC3_0125,0.6565971970558167,0.9299924373626709,0.9169580936431885,,
rank0087_KPC3_3468,0.4851219356060028,0.8961091637611389,0.9028578996658325,,
rank0088_KPC3_1656,0.42055368423461914,0.8488268256187439,0.9380329847335815,,
rank0089_KPC3_4016,0.5512917041778564,0.9231880307197571,0.9002225995063782,,
rank0090_KPC3_2097,0.24186542630195618,0.859963059425354,0.926772952079773,,
rank0091_KPC3_3643,0.1852884441614151,0.8411845564842224,0.9141563177108765,,
rank0092_KPC3_2553,0.45205411314964294,0.8306339383125305,0.9042373299598694,,
rank0093_KPC3_0236,0.5425320267677307,0.8839389681816101,0.9202078580856323,,
rank0094_KPC3_0514,0.2692423164844513,0.8529943227767944,0.8960098624229431,,
rank0095_KPC3_1273,0.12031608074903488,0.8481261730194092,0.9352129101753235,,
rank0096_KPC3_4999,0.6385250091552734,0.8843978047370911,0.9140737056732178,,
rank0097_KPC3_1659,0.5372072458267212,0.8818398118019104,0.9311883449554443,,
rank0098_KPC3_2306,0.4194663166999817,0.8636651039123535,0.8682507276535034,,
rank0099_KPC3_0928,0.4885549247264862,0.9135610461235046,0.8980912566184998,,
rank0100_KPC3_1080,0.6081563830375671,0.922941267490387,0.9172154068946838,,
rank0101_KPC3_0200,0.7232077121734619,0.9317792057991028,0.9110286831855774,,
rank0102_KPC3_0729,0.7845578789710999,0.9366030097007751,0.8982346653938293,,
rank0103_KPC3_0162,0.24253837764263153,0.897350549697876,0.8947201371192932,,
rank0104_KPC3_0824,0.7364351749420166,0.9350513815879822,0.91468346118927,,
rank0105_KPC3_1411,0.6683194041252136,0.9145494699478149,0.9368388056755066,,
rank0106_KPC3_1610,0.29421961307525635,0.847965657711029,0.9216514229774475,,
rank0107_KPC3_1477,0.8408571481704712,0.9488663077354431,0.934245765209198,,
rank0108_KPC3_1099,0.4467073082923889,0.7719683647155762,0.8821077942848206,,
rank0109_KPC3_2248,0.22633662819862366,0.8849533200263977,0.9170578718185425,,
rank0110_KPC3_2084,0.21922877430915833,0.8355894684791565,0.9102596044540405,,
rank0111_KPC3_0348,0.3749651610851288,0.8884322047233582,0.8950814008712769,,
rank0112_KPC3_3208,0.4363870918750763,0.8793371319770813,0.9114149808883667,,
rank0114_KPC3_2085,0.43587619066238403,0.7994239926338196,0.888360857963562,,
rank0115_KPC3_0579,0.7738675475120544,0.9435021877288818,0.9181008338928223,,
rank0116_KPC3_2340,0.7646864652633667,0.9407264590263367,0.9004719853401184,,
rank0117_KPC3_0019,0.3926127254962921,0.8662814497947693,0.8982996344566345,,
rank0118_KPC3_1842,0.2286219745874405,0.7825318574905396,0.9129312634468079,,
rank0119_KPC3_1864,0.358713299036026,0.8422039747238159,0.9302754402160645,,
rank0120_KPC3_0584,0.4117809236049652,0.9093573093414307,0.8829270005226135,,
rank0121_KPC3_1706,0.5667915344238281,0.9344143271446228,0.9252374172210693,,
rank0122_KPC3_2024,0.28571000695228577,0.847090482711792,0.9287827014923096,,
rank0124_KPC3_0021,0.6051976084709167,0.8969247937202454,0.9410406351089478,,
rank0125_KPC3_2196,0.29719528555870056,0.8512372374534607,0.9236792325973511,,
rank0126_KPC3_1430,0.7092991471290588,0.9525302052497864,0.9249261021614075,,
rank0127_KPC3_1469,0.4483789801597595,0.8941140174865723,0.9248804450035095,,
rank0128_KPC3_1952,0.6588090658187866,0.933186411857605,0.9406588673591614,,
rank0129_KPC3_2153,0.5368609428405762,0.8919392228126526,0.9342551827430725,,
rank0130_KPC3_1512,0.4968721568584442,0.9027767777442932,0.8883995413780212,,
rank0131_KPC3_1799,0.22499121725559235,0.8487605452537537,0.895250141620636,,
rank0133_KPC3_2773,0.24633128941059113,0.8453279137611389,0.9134835600852966,,
rank0134_KPC3_1808,0.26731178164482117,0.8929149508476257,0.9159179329872131,,
rank0135_KPC3_2182,0.6202046275138855,0.9184742569923401,0.9056277871131897,,
rank0136_KPC3_1682,0.2306460738182068,0.8392623066902161,0.9127530455589294,,
rank0137_KPC3_2325,0.4388172924518585,0.8464040160179138,0.9360578656196594,,
rank0138_KPC3_1569,0.8131179809570312,0.9360411167144775,0.9376202821731567,,
rank0139_KPC3_0869,0.38651418685913086,0.7986573576927185,0.9244234561920166,,
rank0140_KPC3_0208,0.6635357141494751,0.921822190284729,0.9164333343505859,,
rank0141_KPC3_2868,0.587455153465271,0.9054324626922607,0.9110015630722046,,
rank0142_KPC3_0091,0.7923133969306946,0.9514821171760559,0.9106001853942871,,
rank0143_KPC3_2467,0.8502804636955261,0.9107282757759094,0.9428269863128662,,
rank0144_KPC3_0651,0.8703014254570007,0.9397029280662537,0.9223782420158386,,
rank0145_KPC3_3800,0.426639586687088,0.9205352067947388,0.910473644733429,,
rank0146_KPC3_2211,0.607795000076294,0.9168640971183777,0.9192350506782532,,
rank0148_KPC3_2393,0.4358617961406708,0.8780887722969055,0.8997025489807129,,
rank0150_KPC3_1276,0.4533725380897522,0.8909351825714111,0.8881148099899292,,
rank0151_KPC3_3475,0.2570898234844208,0.6828614473342896,0.8800044059753418,,
rank0152_KPC3_2374,0.6471930742263794,0.910972535610199,0.9279024600982666,,
rank0154_KPC3_1524,0.45117834210395813,0.8890324831008911,0.8891531229019165,,
rank0155_KPC3_0497,0.5606346726417542,0.8059670925140381,0.9033148288726807,,
rank0156_KPC3_0235,0.29232725501060486,0.8804731369018555,0.9016508460044861,,
rank0158_KPC3_0217,0.3371867537498474,0.8595294952392578,0.9121761918067932,,
rank0159_KPC3_0585,0.44395238161087036,0.9192270636558533,0.9100576043128967,,
rank0160_KPC3_0718,0.5050692558288574,0.8474289178848267,0.9108150005340576,,
rank0161_KPC3_2068,0.4386611878871918,0.8931587934494019,0.9228085875511169,,
rank0162_KPC3_0426,0.8198765516281128,0.9486083984375,0.9059397578239441,,
rank0163_KPC3_4416,0.27587994933128357,0.8436877727508545,0.9178280830383301,,
rank0164_KPC3_0210,0.2708715498447418,0.7596645355224609,0.901503324508667,,
rank0165_KPC3_3448,0.6681111454963684,0.9173266291618347,0.8876991271972656,,
rank0166_KPC3_1412,0.4705754816532135,0.8879790902137756,0.8905865550041199,,
rank0167_KPC3_1747,0.3961888551712036,0.844150960445404,0.9106613993644714,,
rank0168_KPC3_1810,0.31971466541290283,0.86586993932724,0.9084458947181702,,
rank0169_KPC3_0026,0.7088616490364075,0.8219203948974609,0.8791433572769165,,
rank0170_KPC3_1731,0.8068850636482239,0.9542742967605591,0.9025450944900513,,
rank0171_KPC3_1009,0.6230423450469971,0.9354376792907715,0.9144027829170227,,
rank0172_KPC3_1145,0.5623553991317749,0.8928517699241638,0.9316872954368591,,
rank0173_KPC3_1110,0.4020468294620514,0.8609271049499512,0.900530219078064,,
rank0174_KPC3_0930,0.2951796054840088,0.8490198850631714,0.926080584526062,,
rank0175_KPC3_0640,0.8513665795326233,0.948361337184906,0.8902162313461304,,
rank0176_KPC3_1651,0.7164449095726013,0.9091042280197144,0.9242985248565674,,
rank0177_KPC3_1683,0.8755794167518616,0.932896614074707,0.933203935623169,,
rank0178_KPC3_0689,0.32070016860961914,0.8630525469779968,0.9404247403144836,,
rank0178_KPC3_0689_2,0.5409644246101379,0.8856680393218994,0.940852165222168,,
rank0179_KPC3_1744,0.48811259865760803,0.8654236197471619,0.9307375550270081,,
rank0180_KPC3_0606,0.5492639541625977,0.9124336838722229,0.9128194451332092,,
rank0181_KPC3_1603,0.3156466484069824,0.8637461066246033,0.9168779253959656,,
rank0182_KPC3_0294,0.5838004946708679,0.8912364840507507,0.8996360898017883,,
rank0183_KPC3_0850,0.21134209632873535,0.8829419016838074,0.9195071458816528,,
rank0185_KPC3_0363,0.3069620132446289,0.8510589599609375,0.921481728553772,,
rank0186_KPC3_4890,0.32034996151924133,0.8911081552505493,0.907345175743103,,
rank0187_KPC3_1833,0.25737282633781433,0.8464943766593933,0.9094372987747192,,
rank0188_KPC3_1583,0.5069292187690735,0.872983455657959,0.896664559841156,,
rank0189_KPC3_1938,0.6864224076271057,0.9031484723091125,0.935337483882904,,
rank0190_KPC3_2191,0.27406197786331177,0.8476882576942444,0.920981764793396,,
rank0191_KPC3_2929,0.4355894923210144,0.9110974669456482,0.8929319381713867,,
rank0192_KPC3_1084,0.7513847351074219,0.9426152110099792,0.8833276033401489,,
rank0193_KPC3_1340,0.6103301048278809,0.8878401517868042,0.9162230491638184,,
rank0194_KPC3_0765,0.24479107558727264,0.8664979934692383,0.9113118648529053,,
rank0195_KPC3_2116,0.35281336307525635,0.8401947617530823,0.9228916764259338,,
rank0196_KPC3_0510,0.6909915208816528,0.9128485918045044,0.9417608380317688,,
rank0197_KPC3_4496,0.8623136878013611,0.9030138850212097,0.9231241345405579,,
rank0198_KPC3_0087,0.5823612213134766,0.9115966558456421,0.9103428721427917,,
rank0199_KPC3_0776,0.24226880073547363,0.8575479984283447,0.903620183467865,,
rank0200_KPC3_3784,0.7328329682350159,0.931110143661499,0.9057027101516724,,
