design_id,boltz2_iptm,boltz2_ptm,boltz2_plddt,boltz2_affinity_pred_value,boltz2_affinity_prob_binary
NDM5_0000,0.26747000217437744,0.8854219913482666,0.9286840558052063,,
NDM5_0003,0.2241755574941635,0.8755344748497009,0.8892186880111694,,
NDM5_0006,0.5222880840301514,0.8772283792495728,0.9284153580665588,,
NDM5_0007,0.47693756222724915,0.9052486419677734,0.9292840957641602,,
NDM5_0008,0.5719023942947388,0.8628140687942505,0.9071418642997742,,
NDM5_0011,0.3602064847946167,0.8655518889427185,0.8832591772079468,,
NDM5_0014,0.6887375116348267,0.9156561493873596,0.9061254262924194,,
NDM5_0016,0.12668490409851074,0.8477372527122498,0.8831797242164612,,
NDM5_0020,0.41163814067840576,0.8493478298187256,0.8766258955001831,,
NDM5_0022,0.5278953909873962,0.8919613361358643,0.914284884929657,,
NDM5_0024,0.6313217878341675,0.9072447419166565,0.9301777482032776,,
NDM5_0032,0.4244152903556824,0.8784564733505249,0.8966035842895508,,
NDM5_0032_2,0.4244152903556824,0.8784564733505249,0.8966035842895508,,
NDM5_0032_3,0.5979046821594238,0.8999276757240295,0.8947533369064331,,
NDM5_0032_4,0.3449632525444031,0.8606814742088318,0.8882321715354919,,
NDM5_0039,0.431923508644104,0.8683587908744812,0.9028453826904297,,
NDM5_0040,0.4169568419456482,0.9036327600479126,0.9247844219207764,,
NDM5_0041,0.6035947203636169,0.9191275835037231,0.9168176651000977,,
NDM5_0043,0.5226905941963196,0.9114205837249756,0.8658271431922913,,
NDM5_0045,0.2227443903684616,0.8694417476654053,0.8852150440216064,,
NDM5_0046,0.6183933019638062,0.9215608835220337,0.8779155015945435,,
NDM5_0047,0.08095443248748779,0.867467999458313,0.9368075132369995,,
NDM5_0048,0.287593811750412,0.8849678039550781,0.8956519961357117,,
NDM5_0052,0.3548178970813751,0.7829532623291016,0.905639111995697,,
NDM5_0055,0.5779902338981628,0.902066171169281,0.8942400217056274,,
NDM5_0057,0.3673948049545288,0.8832282423973083,0.9112536311149597,,
NDM5_0057_2,0.3673948049545288,0.8832282423973083,0.9112536311149597,,
NDM5_0057_3,0.37194326519966125,0.8722959160804749,0.90296870470047,,
NDM5_0057_4,0.35900142788887024,0.8713252544403076,0.9133168458938599,,
NDM5_0060,0.25008153915405273,0.8771700859069824,0.9053585529327393,,
NDM5_0062,0.4492627680301666,0.9063559770584106,0.9010486006736755,,
NDM5_0063,0.6019709706306458,0.9247008562088013,0.8800157904624939,,
NDM5_0069,0.5386174321174622,0.9191033840179443,0.9008257389068604,,
NDM5_0071,0.10264158993959427,0.8398033380508423,0.9164673089981079,,
NDM5_0072,0.2629339098930359,0.8559338450431824,0.9205489754676819,,
NDM5_0075,0.509123682975769,0.8796049356460571,0.845265805721283,,
NDM5_0080,0.5221067070960999,0.8796706795692444,0.8932377099990845,,
NDM5_0082,0.46990591287612915,0.8838444948196411,0.9468038082122803,,
NDM5_0091,0.4939033091068268,0.894411563873291,0.8804378509521484,,
NDM5_0092,0.638092041015625,0.9214335680007935,0.9209284782409668,,
NDM5_0095,0.5309324860572815,0.8893982768058777,0.9056516885757446,,
NDM5_0095_2,0.5309324860572815,0.8893982768058777,0.9056516885757446,,
NDM5_0095_3,0.3164590895175934,0.8612293004989624,0.9109982848167419,,
NDM5_0095_4,0.356277734041214,0.8198866844177246,0.9148908853530884,,
NDM5_0098,0.35061296820640564,0.8802691102027893,0.915901780128479,,
NDM5_0101,0.6933117508888245,0.9199672937393188,0.8765000700950623,,
NDM5_0102,0.331630676984787,0.8675047755241394,0.8666152954101562,,
NDM5_0103,0.21779528260231018,0.8586083650588989,0.9184662699699402,,
NDM5_0110,0.7860888242721558,0.9369205832481384,0.9117253422737122,,
NDM5_0113,0.3251212239265442,0.8677951693534851,0.9054108262062073,,
NDM5_0114,0.20954295992851257,0.8441303968429565,0.9061353206634521,,
NDM5_0119,0.16904772818088531,0.8422109484672546,0.9220414757728577,,
NDM5_0120,0.6451123952865601,0.935864269733429,0.8940678834915161,,
NDM5_0122,0.6103041768074036,0.9376011490821838,0.8893268704414368,,
NDM5_0124,0.56029212474823,0.9322574734687805,0.899570882320404,,
NDM5_0129,0.7670578360557556,0.9383106231689453,0.9073808193206787,,
NDM5_0130,0.7371411323547363,0.9553555250167847,0.9151032567024231,,
NDM5_0131,0.8441917896270752,0.9620125889778137,0.9099236130714417,,
NDM5_0133,0.6155686378479004,0.9379990100860596,0.9120897054672241,,
NDM5_0134,0.6893910765647888,0.9377431273460388,0.917892336845398,,
NDM5_0137,0.7063003182411194,0.9422590136528015,0.9318609237670898,,
NDM5_0139,0.76313716173172,0.9572436809539795,0.9133261442184448,,
NDM5_0141,0.8392930626869202,0.9519684314727783,0.932790219783783,,
NDM5_0142,0.7595616579055786,0.9475226998329163,0.9341444373130798,,
NDM5_0145,0.5468424558639526,0.7913770079612732,0.9300777912139893,,
NDM5_0147,0.7819998264312744,0.9458870887756348,0.9329894781112671,,
NDM5_0149,0.5889272689819336,0.9338691830635071,0.9159110188484192,,
NDM5_0150,0.6590282320976257,0.9371952414512634,0.89839768409729,,
NDM5_0152,0.6552002429962158,0.9316161274909973,0.8699919581413269,,
NDM5_0153,0.7354413866996765,0.9412383437156677,0.9030071496963501,,
NDM5_0155,0.6451572179794312,0.9126925468444824,0.8711938858032227,,
NDM5_0157,0.5002848505973816,0.9089581966400146,0.882391095161438,,
NDM5_0159,0.49353787302970886,0.9182611107826233,0.885505735874176,,
NDM5_0161,0.23347707092761993,0.8751326203346252,0.8899547457695007,,
NDM5_0163,0.6715611815452576,0.9358735680580139,0.9115882515907288,,
NDM5_0164,0.40763717889785767,0.9166557192802429,0.897952139377594,,
NDM5_0166,0.7763972878456116,0.9419503211975098,0.8866602182388306,,
NDM5_0167,0.6295291185379028,0.9397088289260864,0.9016286730766296,,
NDM5_0169,0.4327455163002014,0.904884397983551,0.9309017658233643,,
NDM5_0175,0.3547503650188446,0.8433350324630737,0.9063349962234497,,
NDM5_0181,0.7852112054824829,0.9641799330711365,0.9323312044143677,,
NDM5_0184,0.7787070274353027,0.9535493850708008,0.9346317052841187,,
NDM5_0186,0.8232970237731934,0.9608169198036194,0.9173039793968201,,
NDM5_0187,0.8202022314071655,0.9597303867340088,0.9247007966041565,,
NDM5_0188,0.5411636829376221,0.9434801340103149,0.9216133952140808,,
NDM5_0193,0.08783836662769318,0.8340572714805603,0.9241904616355896,,
NDM5_0200,0.7100765109062195,0.9174706935882568,0.8539642691612244,,
NDM5_0200_2,0.7100765109062195,0.9174706935882568,0.8539642691612244,,
NDM5_0200_3,0.5590560436248779,0.909214437007904,0.8581044673919678,,
NDM5_0200_4,0.6991774439811707,0.9272659420967102,0.8614663481712341,,
NDM5_0205,0.28852638602256775,0.8775316476821899,0.8677346706390381,,
NDM5_0213,0.13417235016822815,0.8331984877586365,0.9172737002372742,,
NDM5_0215,0.2984427809715271,0.8510417938232422,0.9360802173614502,,
NDM5_0216,0.6787185668945312,0.9144443273544312,0.9264125227928162,,
NDM5_0217,0.2348695993423462,0.8252879977226257,0.8588659167289734,,
NDM5_0220,0.791340708732605,0.9313686490058899,0.917258620262146,,
NDM5_0227,0.21831703186035156,0.8331049084663391,0.9205964803695679,,
NDM5_0229,0.3630831241607666,0.8223811984062195,0.8896928429603577,,
NDM5_0232,0.33899766206741333,0.9126636385917664,0.9056385159492493,,
NDM5_0233,0.4551173746585846,0.9000795483589172,0.9076987504959106,,
NDM5_0235,0.35249006748199463,0.9136002063751221,0.910860002040863,,
NDM5_0238,0.4529290497303009,0.9076926112174988,0.9086539149284363,,
NDM5_0241,0.21343636512756348,0.8779457807540894,0.917646050453186,,
NDM5_0242,0.5032622218132019,0.9177131056785583,0.8743194341659546,,
NDM5_0242_2,0.5032622218132019,0.9177131056785583,0.8743194341659546,,
NDM5_0242_3,0.6890076994895935,0.9339872598648071,0.9204587340354919,,
NDM5_0242_4,0.504188597202301,0.8857206702232361,0.8880100250244141,,
NDM5_0244,0.7754025459289551,0.921618640422821,0.8804701566696167,,
NDM5_0245,0.2830567955970764,0.8878194689750671,0.8859996199607849,,
NDM5_0246,0.6900096535682678,0.942590594291687,0.8815752863883972,,
NDM5_0249,0.3526684641838074,0.8931922316551208,0.8883394002914429,,
NDM5_0255,0.24139614403247833,0.8675779104232788,0.8992485404014587,,
NDM5_0260,0.5322747826576233,0.9095365405082703,0.9042380452156067,,
NDM5_0261,0.44643962383270264,0.9049352407455444,0.9004881381988525,,
NDM5_0262,0.757452666759491,0.9346455335617065,0.9133870005607605,,
NDM5_0263,0.5117428302764893,0.9328221082687378,0.9046680927276611,,
NDM5_0264,0.4211060702800751,0.8720870018005371,0.9005292057991028,,
NDM5_0264_2,0.4211060702800751,0.8720870018005371,0.9005292057991028,,
NDM5_0264_3,0.5165764689445496,0.924828290939331,0.9103086590766907,,
NDM5_0264_4,0.704318106174469,0.9413835406303406,0.9115862846374512,,
NDM5_0265,0.5512277483940125,0.935688316822052,0.9287082552909851,,
NDM5_0270,0.6301314234733582,0.9388049244880676,0.9174827337265015,,
NDM5_0271,0.655339241027832,0.9395779967308044,0.9160374999046326,,
NDM5_0274,0.6819497346878052,0.9514875411987305,0.9276914596557617,,
NDM5_0275,0.7820490598678589,0.9455178380012512,0.9110767841339111,,
NDM5_0276,0.6484801173210144,0.9403519034385681,0.9175444841384888,,
NDM5_0277,0.6980030536651611,0.9457237124443054,0.8953343629837036,,
NDM5_0279,0.7072681784629822,0.9563365578651428,0.919562816619873,,
NDM5_0284,0.690970778465271,0.900210976600647,0.9174293279647827,,
NDM5_0294,0.6004675626754761,0.9260869026184082,0.8859924674034119,,
NDM5_0295,0.4391593933105469,0.9072226881980896,0.8875541090965271,,
NDM5_0298,0.7814233303070068,0.9317651987075806,0.9340836405754089,,
NDM5_0299,0.4913656413555145,0.9139239192008972,0.892081081867218,,
NDM5_0302,0.4377458095550537,0.904826283454895,0.8801098465919495,,
NDM5_0304,0.375061571598053,0.9003572463989258,0.8838270902633667,,
NDM5_0305,0.14638742804527283,0.8888238072395325,0.9264380931854248,,
NDM5_0306,0.46883174777030945,0.912876546382904,0.9269713759422302,,
NDM5_0308,0.7724117636680603,0.9228976964950562,0.880109965801239,,
NDM5_0309,0.22365707159042358,0.8852967619895935,0.8973937034606934,,
NDM5_0310,0.2297646552324295,0.8448283076286316,0.8988429307937622,,
NDM5_0311,0.5087686777114868,0.896858811378479,0.8829452991485596,,
NDM5_0317,0.5080476999282837,0.8904309272766113,0.8997096419334412,,
NDM5_0318,0.5234974026679993,0.9059910774230957,0.9085989594459534,,
NDM5_0324,0.6564458012580872,0.9281801581382751,0.9065418839454651,,
NDM5_0326,0.4614839255809784,0.9068202376365662,0.8912078738212585,,
NDM5_0327,0.6900888085365295,0.9190983176231384,0.9420613050460815,,
NDM5_0329,0.5115967392921448,0.9155226945877075,0.9014848470687866,,
NDM5_0332,0.5411018133163452,0.9270870089530945,0.9157736897468567,,
NDM5_0333,0.7042142748832703,0.9466933608055115,0.9119176864624023,,
NDM5_0335,0.6668474078178406,0.9438838362693787,0.9241517782211304,,
NDM5_0336,0.3225398361682892,0.9165788292884827,0.9068589210510254,,
NDM5_0337,0.6515307426452637,0.9430372714996338,0.906217098236084,,
NDM5_0337_2,0.6515307426452637,0.9430372714996338,0.906217098236084,,
NDM5_0337_3,0.6225512623786926,0.9420948028564453,0.9107517600059509,,
NDM5_0337_4,0.6443237662315369,0.9402674436569214,0.912063717842102,,
NDM5_0340,0.6483510136604309,0.9300447106361389,0.9190587997436523,,
NDM5_0341,0.717191755771637,0.9550437927246094,0.9286612272262573,,
NDM5_0344,0.6596097350120544,0.9388536810874939,0.916404664516449,,
NDM5_0345,0.7397356033325195,0.9526660442352295,0.9252916574478149,,
NDM5_0346,0.734776496887207,0.9585724472999573,0.9268710613250732,,
NDM5_0351,0.4378315508365631,0.895026683807373,0.9162193536758423,,
NDM5_0353,0.6549941301345825,0.911438524723053,0.9198470711708069,,
NDM5_0356,0.7879420518875122,0.9394292831420898,0.8854568004608154,,
NDM5_0360,0.45731982588768005,0.90212082862854,0.9251573085784912,,
NDM5_0362,0.537907600402832,0.8771669268608093,0.8892428874969482,,
NDM5_0363,0.23200157284736633,0.8874913454055786,0.8911563158035278,,
NDM5_0369,0.3443613350391388,0.8536502122879028,0.8831934332847595,,
NDM5_0370,0.713111937046051,0.9335428476333618,0.8827813267707825,,
NDM5_0371,0.7120864987373352,0.9331352710723877,0.8964022397994995,,
NDM5_0375,0.4146489202976227,0.8967265486717224,0.8920836448669434,,
NDM5_0377,0.5094875693321228,0.8889312744140625,0.8846589922904968,,
NDM5_0378,0.48390594124794006,0.9078407883644104,0.9049392938613892,,
NDM5_0381,0.8547624349594116,0.9667828679084778,0.923153817653656,,
NDM5_0383,0.8349713087081909,0.9614300727844238,0.9448474645614624,,
NDM5_0388,0.868280827999115,0.9694671630859375,0.926049530506134,,
NDM5_0389,0.5793749690055847,0.9276126623153687,0.9212280511856079,,
NDM5_0394,0.7996127009391785,0.9548993706703186,0.9105730652809143,,
NDM5_0395,0.43382760882377625,0.9171932339668274,0.9003109931945801,,
NDM5_0396,0.799960196018219,0.9507877230644226,0.9556689858436584,,
NDM5_0397,0.40438151359558105,0.9150425791740417,0.902409553527832,,
NDM5_0400,0.5955489277839661,0.9393608570098877,0.918446958065033,,
NDM5_0401,0.7012590765953064,0.9491899609565735,0.9164507389068604,,
NDM5_0404,0.6779625415802002,0.9535543918609619,0.9353973269462585,,
NDM5_0405,0.4722627103328705,0.9402540326118469,0.9141988158226013,,
NDM5_0408,0.684938371181488,0.9484688639640808,0.9498759508132935,,
NDM5_0409,0.6858216524124146,0.9384034872055054,0.9316474199295044,,
NDM5_0410,0.11485345661640167,0.8695701360702515,0.9447950720787048,,
NDM5_0411,0.20634034276008606,0.8760272860527039,0.9097278118133545,,
NDM5_0412,0.30284029245376587,0.8749430775642395,0.8840494751930237,,
NDM5_0415,0.41031062602996826,0.8848289251327515,0.9379847645759583,,
NDM5_0418,0.3861188590526581,0.8909690380096436,0.9168769717216492,,
NDM5_0421,0.6392831206321716,0.9306825995445251,0.8807273507118225,,
NDM5_0422,0.4270135462284088,0.9099371433258057,0.8826156258583069,,
NDM5_0423,0.5770733952522278,0.9229813814163208,0.9116567969322205,,
NDM5_0424,0.3529380261898041,0.9020594954490662,0.8987556099891663,,
NDM5_0425,0.3285130262374878,0.8073856830596924,0.8764554262161255,,
NDM5_0428,0.233371764421463,0.894700288772583,0.9198034405708313,,
NDM5_0429,0.43055880069732666,0.9090878367424011,0.9250735640525818,,
NDM5_0433,0.5292307138442993,0.930123507976532,0.9174489974975586,,
NDM5_0435,0.570532500743866,0.937189519405365,0.8966217041015625,,
NDM5_0437,0.6985944509506226,0.9449282288551331,0.9038791060447693,,
NDM5_0438,0.7453625202178955,0.9500398635864258,0.9069859981536865,,
NDM5_0443,0.5970133543014526,0.9105291962623596,0.8721168637275696,,
NDM5_0451,0.2503216862678528,0.8494664430618286,0.9346628785133362,,
NDM5_0458,0.32458844780921936,0.8513309955596924,0.9209824800491333,,
NDM5_0464,0.3743782341480255,0.8369494080543518,0.8874950408935547,,
NDM5_0465,0.36434274911880493,0.8619628548622131,0.9179579615592957,,
NDM5_0466,0.33226609230041504,0.8657029271125793,0.9269273281097412,,
NDM5_0468,0.4229404330253601,0.8792780041694641,0.9137932062149048,,
NDM5_0471,0.450710266828537,0.8804767727851868,0.9020983576774597,,
NDM5_0473,0.4164225459098816,0.8822628259658813,0.8996848464012146,,
NDM5_0474_2,0.6924925446510315,0.9208648800849915,0.921087384223938,,
NDM5_0474_3,0.46859821677207947,0.8840433955192566,0.9054726958274841,,
NDM5_0474_4,0.42370936274528503,0.8922331929206848,0.9133872389793396,,
NDM5_0475,0.45172032713890076,0.7957993149757385,0.9042218327522278,,
NDM5_0479,0.3229109048843384,0.8714407682418823,0.928003191947937,,
NDM5_0480,0.4939519762992859,0.9206242561340332,0.8931642174720764,,
NDM5_0482,0.3467954695224762,0.9084915518760681,0.9136097431182861,,
NDM5_0483,0.5222167372703552,0.8996368050575256,0.9144759178161621,,
NDM5_0483_2,0.5222167372703552,0.8996368050575256,0.9144759178161621,,
NDM5_0483_3,0.5836817622184753,0.9256218671798706,0.9075015783309937,,
NDM5_0483_4,0.5234415531158447,0.9214537143707275,0.909083902835846,,
NDM5_0486,0.485985666513443,0.8937609195709229,0.8853499293327332,,
NDM5_0487,0.25829222798347473,0.9046640396118164,0.9052022099494934,,
NDM5_0488,0.264276921749115,0.9118321537971497,0.9102640151977539,,
NDM5_0495,0.6854982376098633,0.937984824180603,0.8932652473449707,,
NDM5_0496,0.41462215781211853,0.915492594242096,0.9135242700576782,,
NDM5_0499,0.7182163000106812,0.9343075752258301,0.9148057103157043,,
NDM5_0503,0.33959656953811646,0.8934417366981506,0.8902761936187744,,
NDM5_0506,0.2834022641181946,0.8769776821136475,0.896523118019104,,
NDM5_0506_2,0.5612180829048157,0.8949276208877563,0.8894123435020447,,
NDM5_0506_3,0.6663500666618347,0.9220388531684875,0.8904918432235718,,
NDM5_0506_4,0.507844865322113,0.8989936113357544,0.8951901197433472,,
NDM5_0509,0.6823484301567078,0.9317620992660522,0.8972282409667969,,
NDM5_0512,0.6289796829223633,0.9409551620483398,0.92918860912323,,
NDM5_0514,0.5341144800186157,0.9324985146522522,0.9202065467834473,,
NDM5_0515,0.6859835982322693,0.9479451775550842,0.9202720522880554,,
NDM5_0516,0.7245079874992371,0.9461395740509033,0.9364546537399292,,
NDM5_0517,0.5715041756629944,0.9396638870239258,0.9253337383270264,,
NDM5_0519,0.5633529424667358,0.91021728515625,0.9144956469535828,,
NDM5_0520,0.46896257996559143,0.9081406593322754,0.9044414758682251,,
NDM5_0527,0.8762139678001404,0.9532358050346375,0.8839167356491089,,
NDM5_0532,0.6918428540229797,0.9230332374572754,0.9383378624916077,,
NDM5_0534,0.22672314941883087,0.8565118312835693,0.8600131869316101,,
NDM5_0535,0.17550250887870789,0.859329342842102,0.9181200861930847,,
NDM5_0538,0.4645758867263794,0.8896611332893372,0.8632903695106506,,
NDM5_0539,0.5108746290206909,0.9029168486595154,0.9368588924407959,,
NDM5_0540,0.5625299215316772,0.9360731244087219,0.9210902452468872,,
NDM5_0541,0.40018489956855774,0.8898234367370605,0.8988524675369263,,
NDM5_0542,0.403841108083725,0.9237847924232483,0.9129934906959534,,
NDM5_0543,0.5008849501609802,0.9252262711524963,0.9145820140838623,,
NDM5_0544,0.8019973635673523,0.9541758894920349,0.8927197456359863,,
NDM5_0549,0.4425010085105896,0.896664023399353,0.9087644219398499,,
NDM5_0550,0.36574023962020874,0.9197680950164795,0.9152597188949585,,
NDM5_0553,0.419392466545105,0.909153163433075,0.9018390774726868,,
NDM5_0554,0.6803826689720154,0.9458801746368408,0.920332670211792,,
NDM5_0555,0.41809719800949097,0.9141898155212402,0.9070049524307251,,
NDM5_0557,0.3280433118343353,0.8351714611053467,0.9047661423683167,,
NDM5_0561,0.5883921980857849,0.9020664095878601,0.9445915222167969,,
NDM5_0562,0.48494139313697815,0.8704958558082581,0.8952114582061768,,
NDM5_0569,0.6352528929710388,0.9101831912994385,0.928381621837616,,
NDM5_0570,0.1758824586868286,0.9054645299911499,0.9270020723342896,,
NDM5_0573,0.4603482484817505,0.9180575609207153,0.8969581127166748,,
NDM5_0575,0.4339398145675659,0.9191794395446777,0.8985027074813843,,
NDM5_0576,0.5571153163909912,0.9147947430610657,0.8800249695777893,,
NDM5_0577,0.7331387996673584,0.938513994216919,0.9147933721542358,,
NDM5_0591,0.5123384594917297,0.9024006128311157,0.8752766847610474,,
NDM5_0593,0.4496413469314575,0.9009019136428833,0.8895565867424011,,
NDM5_0595,0.6763201951980591,0.9261338114738464,0.8984807133674622,,
NDM5_0600,0.3764042258262634,0.9140525460243225,0.907916247844696,,
NDM5_0602,0.7170308232307434,0.8677911758422852,0.9067860841751099,,
NDM5_0603,0.6009964942932129,0.9356447458267212,0.901714026927948,,
NDM5_0604,0.48427796363830566,0.9075260162353516,0.8876039981842041,,
NDM5_0605,0.8008294105529785,0.9424196481704712,0.9064303040504456,,
NDM5_0607,0.736838698387146,0.9437727928161621,0.9069483876228333,,
NDM5_0608,0.5921627283096313,0.9316390752792358,0.906528115272522,,
NDM5_0609,0.7001404762268066,0.9475234746932983,0.890711784362793,,
NDM5_0611,0.4913776218891144,0.8754443526268005,0.9041317105293274,,
NDM5_0612,0.42450886964797974,0.9087697267532349,0.9055991768836975,,
NDM5_0614,0.5123659372329712,0.9248741269111633,0.912787139415741,,
NDM5_0627,0.20633383095264435,0.8592286109924316,0.9311754107475281,,
NDM5_0630,0.1717114895582199,0.8734791278839111,0.9205446839332581,,
NDM5_0633,0.3048822283744812,0.8867267966270447,0.9088530540466309,,
NDM5_0633_2,0.3048822283744812,0.8867267966270447,0.9088530540466309,,
NDM5_0633_3,0.4238710403442383,0.8945136070251465,0.9059194922447205,,
NDM5_0633_4,0.5232995748519897,0.9070045351982117,0.9041591882705688,,
NDM5_0636,0.2029518485069275,0.8686657547950745,0.8959118127822876,,
NDM5_0637,0.6269494295120239,0.8941510915756226,0.8981298804283142,,
NDM5_0638,0.551801323890686,0.9094707369804382,0.9149100184440613,,
NDM5_0639,0.305182546377182,0.8469516634941101,0.9012237787246704,,
NDM5_0640,0.49133044481277466,0.9140299558639526,0.8951736688613892,,
NDM5_0644,0.5072081685066223,0.9236934185028076,0.8880378603935242,,
NDM5_0647,0.8099982738494873,0.9532775282859802,0.89606773853302,,
NDM5_0648,0.7225874662399292,0.9446572065353394,0.9254629015922546,,
NDM5_0649,0.6069532632827759,0.9280843138694763,0.9036414623260498,,
NDM5_0651,0.4681098759174347,0.8957836627960205,0.8935524225234985,,
NDM5_0656,0.5735405683517456,0.8350023627281189,0.8948075771331787,,
NDM5_0657,0.3006049394607544,0.8780114054679871,0.8955996632575989,,
NDM5_0659,0.17563572525978088,0.858769953250885,0.9124955534934998,,
NDM5_0662,0.3401847779750824,0.8448958992958069,0.873130202293396,,
NDM5_0664,0.6580082774162292,0.9145474433898926,0.9035223722457886,,
NDM5_0665,0.6759482622146606,0.9083620309829712,0.9267250895500183,,
NDM5_0665_2,0.27284061908721924,0.8647141456604004,0.9069225788116455,,
NDM5_0665_3,0.2589958608150482,0.8670544624328613,0.898564338684082,,
NDM5_0665_4,0.49951615929603577,0.9003748893737793,0.8926343321800232,,
NDM5_0666,0.3124937415122986,0.8706390261650085,0.9253456592559814,,
NDM5_0667,0.34664660692214966,0.8594468832015991,0.8937575221061707,,
NDM5_0671,0.24341414868831635,0.8633930683135986,0.8765718936920166,,
NDM5_0673,0.48774680495262146,0.8856361508369446,0.8898577094078064,,
NDM5_0674,0.12361013144254684,0.8443249464035034,0.93110191822052,,
NDM5_0686,0.16720275580883026,0.8335027694702148,0.9197968244552612,,
NDM5_0696,0.7344872951507568,0.9150080680847168,0.9402869343757629,,
NDM5_0702,0.3061343729496002,0.8553335070610046,0.8600937128067017,,
NDM5_0707,0.6373518705368042,0.9121329188346863,0.9125264883041382,,
NDM5_0707_2,0.6373518705368042,0.9121329188346863,0.9125264883041382,,
NDM5_0707_3,0.5683149695396423,0.8978384733200073,0.9234644770622253,,
NDM5_0707_4,0.6390656232833862,0.9122990965843201,0.9042636752128601,,
NDM5_0714,0.5049095749855042,0.8845032453536987,0.8638642430305481,,
NDM5_0715,0.5298930406570435,0.8950319290161133,0.8786404728889465,,
NDM5_0718,0.3669773042201996,0.8637418150901794,0.9263779520988464,,
NDM5_0720,0.39837175607681274,0.8678233623504639,0.9199415445327759,,
NDM5_0723,0.2542766034603119,0.8602832555770874,0.8740057945251465,,
NDM5_0725,0.3176128566265106,0.8692764043807983,0.9312506914138794,,
NDM5_0726,0.23870600759983063,0.8518013954162598,0.9160985350608826,,
NDM5_0728,0.7074171900749207,0.8851497769355774,0.93079674243927,,
NDM5_0730,0.7596821188926697,0.9253801107406616,0.9356033205986023,,
NDM5_0731,0.2329508662223816,0.8687552809715271,0.9330169558525085,,
NDM5_0732,0.6484770774841309,0.9189430475234985,0.9277250170707703,,
NDM5_0737,0.5161718130111694,0.871696412563324,0.8888782262802124,,
NDM5_0747,0.19897326827049255,0.8528311252593994,0.8768811225891113,,
NDM5_0748,0.39393410086631775,0.8892335891723633,0.8762728571891785,,
NDM5_0753,0.5806261897087097,0.909037709236145,0.8921037912368774,,
NDM5_0754,0.7412365674972534,0.9444615244865417,0.8850061893463135,,
NDM5_0756,0.7413339018821716,0.9477123022079468,0.8949175477027893,,
NDM5_0757,0.4272913634777069,0.9104282855987549,0.8963326215744019,,
NDM5_0760,0.4944545030593872,0.8865137696266174,0.8845999836921692,,
NDM5_0761,0.74617600440979,0.9202213287353516,0.9122427701950073,,
NDM5_0764,0.5409597754478455,0.8925169706344604,0.8611264824867249,,
NDM5_0766,0.7357132434844971,0.9172933101654053,0.9329070448875427,,
NDM5_0767,0.4643738269805908,0.8809812664985657,0.87773197889328,,
NDM5_0770,0.810285210609436,0.9436975717544556,0.8912129998207092,,
NDM5_0772,0.5086643695831299,0.919655978679657,0.9040968418121338,,
NDM5_0776,0.7870205044746399,0.9499403238296509,0.9038814902305603,,
NDM5_0777,0.2954491674900055,0.8940361738204956,0.9084564447402954,,
NDM5_0778,0.588821530342102,0.9252076745033264,0.8928819298744202,,
NDM5_0780,0.6772303581237793,0.9205816388130188,0.8869229555130005,,
NDM5_0783,0.2925828993320465,0.8821646571159363,0.8802900314331055,,
NDM5_0787,0.6445202231407166,0.9277000427246094,0.9074281454086304,,
NDM5_0789,0.511404812335968,0.8991941213607788,0.8978573083877563,,
NDM5_0795,0.691132128238678,0.9127771854400635,0.892397403717041,,
NDM5_0796,0.3075469136238098,0.8836820125579834,0.8853294849395752,,
NDM5_0800,0.32887062430381775,0.8676109910011292,0.8814953565597534,,
NDM5_0802,0.07378668338060379,0.8546099662780762,0.9297454357147217,,
NDM5_0803,0.5898822546005249,0.9136269092559814,0.888086199760437,,
NDM5_0803_2,0.31047573685646057,0.853312611579895,0.8853158950805664,,
NDM5_0803_3,0.1917828619480133,0.8643982410430908,0.889133870601654,,
NDM5_0803_4,0.4527967572212219,0.8824338912963867,0.8786910176277161,,
NDM5_0809,0.32279857993125916,0.8755369186401367,0.879176676273346,,
NDM5_0812,0.21356885135173798,0.8794102072715759,0.8863919973373413,,
NDM5_0813,0.7500447630882263,0.9434422254562378,0.8993667364120483,,
NDM5_0815,0.5618143677711487,0.8076139688491821,0.9103902578353882,,
NDM5_0817,0.2394840270280838,0.8248748183250427,0.9030094146728516,,
NDM5_0822,0.4836612343788147,0.8733574151992798,0.8920881748199463,,
NDM5_0823,0.17274141311645508,0.9023581147193909,0.9122716784477234,,
NDM5_0824,0.6117163896560669,0.9365510940551758,0.9032989144325256,,
NDM5_0824_2,0.6117163896560669,0.9365510940551758,0.9032989144325256,,
NDM5_0824_3,0.8589206337928772,0.9628549218177795,0.9554105997085571,,
NDM5_0824_4,0.4621199667453766,0.9175080060958862,0.905222475528717,,
NDM5_0825,0.33486664295196533,0.8755760192871094,0.885701596736908,,
NDM5_0826,0.4055933952331543,0.912187397480011,0.9068077802658081,,
NDM5_0827,0.8247577548027039,0.9396334886550903,0.9215800762176514,,
NDM5_0832,0.4351004660129547,0.8876984119415283,0.8936553001403809,,
NDM5_0832_2,0.4351004660129547,0.8876984119415283,0.8936553001403809,,
NDM5_0832_3,0.5097646117210388,0.9169816374778748,0.898794949054718,,
NDM5_0832_4,0.398936003446579,0.903742253780365,0.891227662563324,,
NDM5_0833,0.9063990712165833,0.9648324847221375,0.9352095723152161,,
NDM5_0839,0.5620754361152649,0.9218153953552246,0.9012879729270935,,
NDM5_0840,0.6537045836448669,0.9379310011863708,0.8911394476890564,,
NDM5_0841,0.4763282537460327,0.9063217639923096,0.8938745260238647,,
NDM5_0843,0.691827654838562,0.9362376928329468,0.9153896570205688,,
NDM5_0845,0.5557326674461365,0.9308808445930481,0.923263430595398,,
NDM5_0852,0.6777268648147583,0.9253362417221069,0.8615833520889282,,
NDM5_0854,0.6509032845497131,0.9136278629302979,0.9279661178588867,,
NDM5_0856,0.5379894971847534,0.8923540711402893,0.9243330955505371,,
NDM5_0863,0.6594399213790894,0.9436458945274353,0.902927577495575,,
NDM5_0864,0.589671790599823,0.9237281084060669,0.9004478454589844,,
NDM5_0865,0.777456521987915,0.9448515772819519,0.9113245606422424,,
NDM5_0867,0.6285220384597778,0.9162802696228027,0.9024555087089539,,
NDM5_0869,0.6941834092140198,0.9468454122543335,0.9099606275558472,,
NDM5_0875,0.42768004536628723,0.8766064047813416,0.8531911969184875,,
NDM5_0883,0.27638596296310425,0.8403436541557312,0.9225829839706421,,
NDM5_0884,0.2173427790403366,0.850746214389801,0.9206310510635376,,
NDM5_0886,0.1782519519329071,0.8383768796920776,0.8928136229515076,,
NDM5_0888,0.3692915439605713,0.8765774965286255,0.8905205130577087,,
NDM5_0894,0.3613325357437134,0.8726989030838013,0.9049472808837891,,
NDM5_0895,0.5112122893333435,0.8656594753265381,0.9159120321273804,,
NDM5_0904,0.43462565541267395,0.8181362748146057,0.9076929092407227,,
NDM5_0907,0.47668367624282837,0.872231662273407,0.9056600332260132,,
NDM5_0912,0.593570351600647,0.930498480796814,0.8925423622131348,,
NDM5_0915,0.3486773371696472,0.899628221988678,0.8851281404495239,,
NDM5_0917,0.5038691163063049,0.9154549241065979,0.9069836139678955,,
NDM5_0920,0.7767277956008911,0.9532584547996521,0.9187085032463074,,
NDM5_0921,0.6503662467002869,0.9532519578933716,0.9244402050971985,,
NDM5_0924,0.7894687652587891,0.95644211769104,0.9096862077713013,,
NDM5_0926,0.5656934976577759,0.9343870282173157,0.9250308871269226,,
NDM5_0927,0.6972907185554504,0.9404703974723816,0.9207513928413391,,
NDM5_0928,0.530640184879303,0.8729888200759888,0.9225373864173889,,
NDM5_0930,0.4237145781517029,0.9173984527587891,0.949587881565094,,
NDM5_0931,0.4874896705150604,0.9160929918289185,0.9371170401573181,,
NDM5_0936,0.6126540303230286,0.9161129593849182,0.8848084807395935,,
NDM5_0936_2,0.6126540303230286,0.9161129593849182,0.8848084807395935,,
NDM5_0936_3,0.44592607021331787,0.8710117340087891,0.8847953081130981,,
NDM5_0936_4,0.5382708311080933,0.9069727063179016,0.8945521712303162,,
NDM5_0937,0.5057302713394165,0.9200483560562134,0.8996405601501465,,
NDM5_0942,0.5800424218177795,0.9142873287200928,0.9244903922080994,,
NDM5_0943,0.5725520849227905,0.9272196888923645,0.9330798387527466,,
NDM5_0945,0.6187076568603516,0.9378131031990051,0.9139143824577332,,
NDM5_0946,0.6420645713806152,0.9418726563453674,0.9310909509658813,,
NDM5_0947,0.8055164813995361,0.9570497870445251,0.933882474899292,,
NDM5_0948,0.6657891869544983,0.9411105513572693,0.9149109125137329,,
NDM5_0949,0.7589084506034851,0.9526589512825012,0.9353198409080505,,
NDM5_0952,0.30684807896614075,0.8567721843719482,0.8917891979217529,,
NDM5_0956,0.33494824171066284,0.8525422811508179,0.9285077452659607,,
NDM5_0958,0.5642718076705933,0.9024258255958557,0.931682825088501,,
NDM5_0962_2,0.5582629442214966,0.910254716873169,0.9047788977622986,,
NDM5_0962_3,0.4501402676105499,0.8644676208496094,0.9078333973884583,,
NDM5_0962_4,0.5794222354888916,0.9084129333496094,0.9026710391044617,,
NDM5_0967,0.22584077715873718,0.8690390586853027,0.9203265309333801,,
NDM5_0969,0.3164960443973541,0.8343648314476013,0.9055205583572388,,
NDM5_0975,0.5243352651596069,0.8669034838676453,0.9096999764442444,,
NDM5_0977,0.5835399627685547,0.902263879776001,0.8923628330230713,,
NDM5_0980,0.24532735347747803,0.8331182599067688,0.9395566582679749,,
NDM5_0982,0.6451659202575684,0.9108864068984985,0.9052658081054688,,
NDM5_0984,0.2266387790441513,0.8335912823677063,0.8915740847587585,,
NDM5_0984_2,0.2266387790441513,0.8335912823677063,0.8915740847587585,,
NDM5_0984_3,0.19832034409046173,0.8325796127319336,0.90030837059021,,
NDM5_0984_4,0.1686391979455948,0.8355532884597778,0.9085055589675903,,
NDM5_0989,0.7704020142555237,0.9328097701072693,0.9424639940261841,,
NDM5_0993,0.3618389368057251,0.8920872807502747,0.89302659034729,,
NDM5_0995,0.7366294264793396,0.9230403900146484,0.8953974843025208,,
NDM5_0996,0.4862765073776245,0.9002423882484436,0.8691754341125488,,
NDM5_0_1,0.45545753836631775,0.8458256721496582,0.9139049649238586,,
NDM5_0_3,0.24521540105342865,0.8261922001838684,0.8710194826126099,,
NDM5_0_8,0.47214335203170776,0.8348594903945923,0.8915101289749146,,
NDM5_0_9,0.14101232588291168,0.8330432772636414,0.8812451362609863,,
NDM5_1004,0.4606476426124573,0.90015709400177,0.9421175718307495,,
NDM5_1005,0.48280176520347595,0.8920179605484009,0.875967264175415,,
NDM5_1008,0.21599921584129333,0.8643851280212402,0.9181779026985168,,
NDM5_1018,0.2615155279636383,0.8571739792823792,0.8709006309509277,,
NDM5_101_9,0.4256620705127716,0.908626139163971,0.9014706611633301,,
NDM5_1020,0.42522427439689636,0.8719673156738281,0.8484814763069153,,
NDM5_1023,0.21969430148601532,0.8478193283081055,0.883612334728241,,
NDM5_1028,0.18527516722679138,0.8462927341461182,0.889105498790741,,
NDM5_102_0,0.3468515872955322,0.8825947642326355,0.8793678879737854,,
NDM5_102_9,0.37215059995651245,0.8741515874862671,0.8898433446884155,,
NDM5_1032,0.4396175742149353,0.9008975028991699,0.8908230066299438,,
NDM5_1035,0.3067043423652649,0.8896255493164062,0.8950170278549194,,
NDM5_1037,0.18054819107055664,0.8762835264205933,0.9161257743835449,,
NDM5_1038,0.6233760714530945,0.9139197468757629,0.9543044567108154,,
NDM5_103_0,0.21355660259723663,0.8529546856880188,0.9059089422225952,,
NDM5_103_1,0.2641523480415344,0.8575121760368347,0.8887315392494202,,
NDM5_1042,0.2515687644481659,0.8898875713348389,0.89727383852005,,
NDM5_1045,0.8271756768226624,0.949476957321167,0.9283578991889954,,
NDM5_1047,0.506446897983551,0.9142937064170837,0.9199702739715576,,
NDM5_1048,0.8308449983596802,0.9502323269844055,0.927331805229187,,
NDM5_1049,0.5430823564529419,0.9054917693138123,0.8822579979896545,,
NDM5_104_7,0.5581638813018799,0.9009717106819153,0.9140989184379578,,
NDM5_1052,0.3733994960784912,0.8598073720932007,0.901254415512085,,
NDM5_105_0,0.07233324646949768,0.8497275710105896,0.9410335421562195,,
NDM5_105_2,0.40223076939582825,0.8909379839897156,0.9198387265205383,,
NDM5_105_6,0.39980408549308777,0.8851911425590515,0.8888672590255737,,
NDM5_1060,0.6111096143722534,0.9244557619094849,0.8960086703300476,,
NDM5_1062,0.5707566738128662,0.9351875185966492,0.891963005065918,,
NDM5_1063,0.4088909924030304,0.8922524452209473,0.9084151387214661,,
NDM5_1064,0.3720096945762634,0.8989410400390625,0.9108307361602783,,
NDM5_1065,0.7533907294273376,0.9511789679527283,0.8945287466049194,,
NDM5_1066,0.5862536430358887,0.9128356575965881,0.9008449912071228,,
NDM5_1068,0.6687369346618652,0.940388560295105,0.9328810572624207,,
NDM5_106_6,0.4976866841316223,0.9010224938392639,0.894394040107727,,
NDM5_1070,0.8110109567642212,0.9485960602760315,0.8988931775093079,,
NDM5_1077,0.2706938683986664,0.870718777179718,0.8736833930015564,,
NDM5_1079,0.3382890224456787,0.8959922790527344,0.9021481871604919,,
NDM5_108_0,0.2799234688282013,0.866573691368103,0.8800058960914612,,
NDM5_1095,0.3934232294559479,0.8853583931922913,0.9316757917404175,,
NDM5_1096,0.3640778660774231,0.881549596786499,0.9281539916992188,,
NDM5_1097,0.6774977445602417,0.9227808117866516,0.9262332916259766,,
NDM5_1097_2,0.6774977445602417,0.9227808117866516,0.9262332916259766,,
NDM5_1097_3,0.454369455575943,0.8806869983673096,0.9353623986244202,,
NDM5_1097_4,0.49801671504974365,0.8887806534767151,0.9371355772018433,,
NDM5_109_0,0.6111718416213989,0.9309157133102417,0.9118301868438721,,
NDM5_109_3,0.6513910889625549,0.9264569878578186,0.9267821907997131,,
NDM5_109_4,0.76627516746521,0.9549487829208374,0.9426171779632568,,
NDM5_10_0,0.7119948267936707,0.9529041647911072,0.9109089374542236,,
NDM5_10_1,0.8147298097610474,0.9575982093811035,0.9287066459655762,,
NDM5_10_6,0.533393383026123,0.93638014793396,0.9121569395065308,,
NDM5_1105,0.4976017475128174,0.8907803893089294,0.9110355377197266,,
NDM5_1106,0.3812514543533325,0.8641470074653625,0.929988443851471,,
NDM5_1108,0.2617025077342987,0.8635033965110779,0.9102975726127625,,
NDM5_1108_2,0.2617025077342987,0.8635033965110779,0.9102975726127625,,
NDM5_1108_3,0.3526805639266968,0.8762185573577881,0.9032878279685974,,
NDM5_1108_4,0.46654146909713745,0.8791569471359253,0.9074869751930237,,
NDM5_110_7,0.4903559982776642,0.8880184292793274,0.8959032893180847,,
NDM5_1114,0.403972327709198,0.8773982524871826,0.8895708322525024,,
NDM5_1114_2,0.403972327709198,0.8773982524871826,0.8895708322525024,,
NDM5_1114_3,0.3419511020183563,0.8708555698394775,0.8840073347091675,,
NDM5_1114_4,0.29634448885917664,0.8610420823097229,0.893580436706543,,
NDM5_1115,0.3919467329978943,0.8774389624595642,0.9207065105438232,,
NDM5_1116,0.11821173876523972,0.7875720858573914,0.932548999786377,,
NDM5_111_4,0.6849944591522217,0.9186295866966248,0.8788708448410034,,
NDM5_111_5,0.5397021770477295,0.9100877046585083,0.8798301219940186,,
NDM5_111_7,0.6441437602043152,0.90838223695755,0.8686550259590149,,
NDM5_1120,0.6450049877166748,0.9450274109840393,0.9270578622817993,,
NDM5_1121,0.6228680610656738,0.9450377821922302,0.9130819439888,,
NDM5_1122,0.6998378038406372,0.9509558081626892,0.911317765712738,,
NDM5_1123,0.5940058827400208,0.938167929649353,0.9060033559799194,,
NDM5_1124,0.6694031357765198,0.9404664039611816,0.9216417074203491,,
NDM5_1125,0.6564732193946838,0.9446980953216553,0.911777138710022,,
NDM5_1127,0.7566896677017212,0.9534497261047363,0.9072583317756653,,
NDM5_1128,0.5692898035049438,0.9364964962005615,0.9117490649223328,,
NDM5_1129,0.5476563572883606,0.9031132459640503,0.9130380153656006,,
NDM5_112_2,0.33014678955078125,0.8692188858985901,0.8989412188529968,,
NDM5_112_4,0.45072606205940247,0.8866674304008484,0.9329786896705627,,
NDM5_1131,0.3533647656440735,0.8742523789405823,0.9115471243858337,,
NDM5_1131_2,0.4408528208732605,0.8909053206443787,0.929780125617981,,
NDM5_1131_3,0.3915784955024719,0.8880652785301208,0.9263979196548462,,
NDM5_1131_4,0.455177903175354,0.8943485021591187,0.9294862747192383,,
NDM5_1132,0.4705056846141815,0.8965696692466736,0.9232599139213562,,
NDM5_1134,0.3472147285938263,0.8733437061309814,0.9417821764945984,,
NDM5_1135,0.4270772337913513,0.8920179009437561,0.8961400389671326,,
NDM5_1136,0.7413570880889893,0.9320036172866821,0.9275878667831421,,
NDM5_1140,0.6727517247200012,0.9471637606620789,0.9317578673362732,,
NDM5_1141,0.6416382789611816,0.9442341327667236,0.9168471693992615,,
NDM5_1143,0.8059221506118774,0.9517313241958618,0.9156314134597778,,
NDM5_1145,0.5653187036514282,0.9376620650291443,0.9114120006561279,,
NDM5_1147,0.6148698329925537,0.9373922944068909,0.8936334252357483,,
NDM5_1149,0.5179829597473145,0.9248007535934448,0.9035165905952454,,
NDM5_114_3,0.7242260575294495,0.9288108944892883,0.8656794428825378,,
NDM5_1150,0.5685198903083801,0.9118958115577698,0.8893719911575317,,
NDM5_1151,0.7968470454216003,0.9417020082473755,0.8784489035606384,,
NDM5_1152,0.35862281918525696,0.8774678111076355,0.8941536545753479,,
NDM5_1153,0.7509188055992126,0.9288668632507324,0.9361686706542969,,
NDM5_1154,0.4117906987667084,0.8992375135421753,0.8793827891349792,,
NDM5_115_1,0.278005987405777,0.7826566696166992,0.9112287163734436,,
NDM5_115_2,0.6335735321044922,0.9351186752319336,0.9034860730171204,,
NDM5_115_5,0.7250962853431702,0.9502874612808228,0.9123831987380981,,
NDM5_115_6,0.34111982583999634,0.9100759625434875,0.9231215715408325,,
NDM5_115_9,0.6755732893943787,0.9454614520072937,0.9209374189376831,,
NDM5_1161,0.38480129837989807,0.867943286895752,0.9352104067802429,,
NDM5_1163,0.3633497357368469,0.8649871945381165,0.9218646287918091,,
NDM5_1164,0.6559965014457703,0.9160287380218506,0.8771653771400452,,
NDM5_1167,0.7659880518913269,0.9219947457313538,0.8737020492553711,,
NDM5_1167_2,0.7659880518913269,0.9219947457313538,0.8737020492553711,,
NDM5_1167_3,0.534859299659729,0.8893109560012817,0.8775857090950012,,
NDM5_1167_4,0.5601453185081482,0.8906450867652893,0.8787912130355835,,
NDM5_1169,0.348279744386673,0.8709385395050049,0.9332557916641235,,
NDM5_1170,0.22881169617176056,0.8724073171615601,0.8821938037872314,,
NDM5_1172,0.6259546279907227,0.9215014576911926,0.8749873638153076,,
NDM5_1174,0.261231005191803,0.871722936630249,0.8855270147323608,,
NDM5_1175,0.44273823499679565,0.8784422874450684,0.8959413766860962,,
NDM5_1176,0.40963560342788696,0.899746298789978,0.8686941862106323,,
NDM5_1178,0.432287335395813,0.8378275632858276,0.866001307964325,,
NDM5_1183,0.7379716038703918,0.9443556666374207,0.9148427248001099,,
NDM5_1184,0.8525400161743164,0.9536030888557434,0.9122329354286194,,
NDM5_1187,0.8360499739646912,0.9625991582870483,0.9305402636528015,,
NDM5_1188,0.7843866348266602,0.9548355340957642,0.9146325588226318,,
NDM5_118_0,0.7479601502418518,0.9327105283737183,0.8841429948806763,,
NDM5_118_7,0.5912829041481018,0.9042484760284424,0.8996042609214783,,
NDM5_118_9,0.5987260937690735,0.9147542119026184,0.8789915442466736,,
NDM5_1193,0.5746158361434937,0.8981985449790955,0.8948273062705994,,
NDM5_1198,0.25138112902641296,0.8847139477729797,0.8990434408187866,,
NDM5_1199,0.5830552577972412,0.9166618585586548,0.8895822763442993,,
NDM5_11_5,0.6153027415275574,0.9191650152206421,0.9199832677841187,,
NDM5_1200,0.45373111963272095,0.9013234376907349,0.9249216914176941,,
NDM5_1203,0.6075755953788757,0.9094400405883789,0.8913512825965881,,
NDM5_1205,0.3730306029319763,0.870670735836029,0.8865659236907959,,
NDM5_120_8,0.08308864384889603,0.8419821858406067,0.909136950969696,,
NDM5_1210,0.31688192486763,0.8418897390365601,0.8624703288078308,,
NDM5_1213,0.3990260660648346,0.861971378326416,0.9427165985107422,,
NDM5_121_0,0.7994986772537231,0.9586672186851501,0.9661339521408081,,
NDM5_121_1,0.6366190910339355,0.950448215007782,0.9299825429916382,,
NDM5_121_2,0.554877758026123,0.9334264993667603,0.9113436341285706,,
NDM5_121_5,0.8193458914756775,0.9627823233604431,0.9140251278877258,,
NDM5_121_8,0.662259578704834,0.9499815106391907,0.9384886622428894,,
NDM5_1220,0.6455076932907104,0.9149733185768127,0.9323708415031433,,
NDM5_1223,0.3799986243247986,0.8923259973526001,0.8950672745704651,,
NDM5_1226,0.7469403147697449,0.9376804828643799,0.8781771063804626,,
NDM5_1228,0.5658289790153503,0.9269448518753052,0.9052054286003113,,
NDM5_1229,0.4167458117008209,0.9108478426933289,0.8863449096679688,,
NDM5_1233,0.4133642017841339,0.9187958240509033,0.9074808955192566,,
NDM5_1236,0.41801074147224426,0.9183406829833984,0.9216534495353699,,
NDM5_1237,0.3624618947505951,0.9073910117149353,0.9074782133102417,,
NDM5_1238,0.5584034323692322,0.9248506426811218,0.8928543925285339,,
NDM5_1239,0.407968670129776,0.9180492162704468,0.8978146910667419,,
NDM5_123_0,0.656511127948761,0.9358688592910767,0.9302299618721008,,
NDM5_1240,0.733864963054657,0.9485226273536682,0.90519118309021,,
NDM5_1241,0.8031665086746216,0.9525628089904785,0.9212639927864075,,
NDM5_1242,0.733074963092804,0.944918155670166,0.9225317239761353,,
NDM5_1246,0.590218722820282,0.9394093751907349,0.8922692537307739,,
NDM5_1248,0.5404101014137268,0.9331520795822144,0.9219991564750671,,
NDM5_1249,0.7181814908981323,0.9415411353111267,0.8963729739189148,,
NDM5_1250,0.749629020690918,0.9544349908828735,0.9254880547523499,,
NDM5_1254,0.794784665107727,0.9552205204963684,0.9083874821662903,,
NDM5_1256,0.7536509037017822,0.9488208293914795,0.921838104724884,,
NDM5_125_4,0.19950085878372192,0.8489285707473755,0.8847424387931824,,
NDM5_1260,0.4116021990776062,0.8508592247962952,0.9089857935905457,,
NDM5_1261,0.5189871788024902,0.8534706234931946,0.9347002506256104,,
NDM5_1262,0.42433640360832214,0.8802321553230286,0.9231128692626953,,
NDM5_126_5,0.20703330636024475,0.8589385747909546,0.8615975975990295,,
NDM5_126_6,0.5591077208518982,0.8900670409202576,0.8682831525802612,,
NDM5_126_7,0.4487094581127167,0.8830360174179077,0.8948650360107422,,
NDM5_1271,0.24920804798603058,0.8663821220397949,0.921859860420227,,
NDM5_1272,0.24255114793777466,0.8066905736923218,0.8989168405532837,,
NDM5_1273,0.2769324481487274,0.8599995970726013,0.9288065433502197,,
NDM5_1275,0.33892425894737244,0.8754255175590515,0.9326716661453247,,
NDM5_1278,0.6707587838172913,0.9199704527854919,0.9286275506019592,,
NDM5_127_6,0.6256139874458313,0.9388222098350525,0.9084863066673279,,
NDM5_1280,0.5385698080062866,0.916520357131958,0.9053101539611816,,
NDM5_1281,0.40683242678642273,0.9111916422843933,0.9078224897384644,,
NDM5_1282,0.5038239359855652,0.9200078248977661,0.893063485622406,,
NDM5_1285,0.2634783983230591,0.8916787505149841,0.8952440023422241,,
NDM5_1286,0.2411685734987259,0.8082399368286133,0.9000641703605652,,
NDM5_1292,0.5752764940261841,0.9119621515274048,0.8775100111961365,,
NDM5_1295,0.2238902598619461,0.8750219345092773,0.8999558091163635,,
NDM5_1296,0.920562207698822,0.9601860046386719,0.869194507598877,,
NDM5_1297,0.640127420425415,0.9269754886627197,0.8862349390983582,,
NDM5_1299,0.10455046594142914,0.8675180673599243,0.9086026549339294,,
NDM5_129_6,0.29012200236320496,0.9062902927398682,0.8971731066703796,,
NDM5_1304,0.49752724170684814,0.9288868308067322,0.9161240458488464,,
NDM5_1305,0.7580925226211548,0.9435031414031982,0.9137439131736755,,
NDM5_1306,0.6387885212898254,0.9437894225120544,0.8984231352806091,,
NDM5_1307,0.7741183042526245,0.9500748515129089,0.913334310054779,,
NDM5_130_2,0.4283040761947632,0.8949095010757446,0.9097639918327332,,
NDM5_130_6,0.577255368232727,0.916291356086731,0.9115906953811646,,
NDM5_1310,0.8238718509674072,0.9468501210212708,0.9141802191734314,,
NDM5_1312,0.4787624180316925,0.9032332897186279,0.8929588794708252,,
NDM5_1315,0.6732048988342285,0.936575710773468,0.8816615343093872,,
NDM5_1316,0.5682030320167542,0.9223725199699402,0.9130075573921204,,
NDM5_1317,0.4604743719100952,0.9112442135810852,0.9115257263183594,,
NDM5_1319,0.45536473393440247,0.9077475666999817,0.8946464657783508,,
NDM5_1323,0.4500071704387665,0.8858090043067932,0.9299649000167847,,
NDM5_1324,0.7598450183868408,0.9357437491416931,0.9478393793106079,,
NDM5_1325,0.3359997570514679,0.8636290431022644,0.9242193698883057,,
NDM5_1326,0.08544549345970154,0.8319342732429504,0.9453103542327881,,
NDM5_1326_2,0.08544549345970154,0.8319342732429504,0.9453103542327881,,
NDM5_1326_3,0.6529688239097595,0.9033775925636292,0.9554623365402222,,
NDM5_1326_4,0.20632360875606537,0.8319436311721802,0.9344695210456848,,
NDM5_1327,0.3832356035709381,0.8474425077438354,0.9209531545639038,,
NDM5_132_2,0.5816693305969238,0.9078826904296875,0.8876233696937561,,
NDM5_132_6,0.40296265482902527,0.8780543804168701,0.8998368382453918,,
NDM5_1331,0.2322322428226471,0.847446858882904,0.8866903781890869,,
NDM5_1333,0.2526530623435974,0.8507049083709717,0.8933233022689819,,
NDM5_1334,0.748487114906311,0.9385326504707336,0.8862780332565308,,
NDM5_1335,0.5139911770820618,0.9059678316116333,0.8694060444831848,,
NDM5_1339,0.795918881893158,0.9404397010803223,0.9308780431747437,,
NDM5_133_3,0.5178873538970947,0.9155580401420593,0.9149340987205505,,
NDM5_133_8,0.6692901849746704,0.9279510974884033,0.9123448133468628,,
NDM5_1345,0.2331341952085495,0.855350911617279,0.9129536747932434,,
NDM5_134_4,0.7661371827125549,0.9390519261360168,0.944243311882019,,
NDM5_1358,0.6991990804672241,0.918278157711029,0.9491774439811707,,
NDM5_1359,0.32649093866348267,0.8581782579421997,0.8964592814445496,,
NDM5_135_9,0.5080063939094543,0.914645791053772,0.9060395956039429,,
NDM5_1360,0.44761979579925537,0.9018458127975464,0.8939153552055359,,
NDM5_1365,0.393455445766449,0.8939946293830872,0.8814350962638855,,
NDM5_136_4,0.6495805978775024,0.894603431224823,0.8956985473632812,,
NDM5_1374,0.22377736866474152,0.8490448594093323,0.903477668762207,,
NDM5_1376,0.17276661098003387,0.8480491042137146,0.9244615435600281,,
NDM5_1377,0.6892396807670593,0.9098326563835144,0.9178531169891357,,
NDM5_1378,0.24743615090847015,0.8624511957168579,0.9021736979484558,,
NDM5_137_2,0.3935854136943817,0.9084340929985046,0.8933850526809692,,
NDM5_137_5,0.549933910369873,0.9229563474655151,0.9156013131141663,,
NDM5_137_8,0.6490510106086731,0.9333970546722412,0.8977903723716736,,
NDM5_1383,0.17077353596687317,0.8474568128585815,0.9022840857505798,,
NDM5_1386,0.23014463484287262,0.8546022176742554,0.8709278106689453,,
NDM5_1389,0.6418123245239258,0.9152634739875793,0.8639584183692932,,
NDM5_1394,0.4167235195636749,0.8762553334236145,0.9331747889518738,,
NDM5_1397,0.22741922736167908,0.8412675261497498,0.8654279112815857,,
NDM5_1399,0.29597190022468567,0.883044958114624,0.8925961256027222,,
NDM5_139_1,0.5623047947883606,0.8963395357131958,0.8851690292358398,,
NDM5_1401,0.8031030297279358,0.9360591173171997,0.9364801049232483,,
NDM5_1403,0.11893356591463089,0.8298285603523254,0.9265892505645752,,
NDM5_1405,0.40623602271080017,0.8709874749183655,0.9468658566474915,,
NDM5_1408,0.5063263177871704,0.8674583435058594,0.905632734298706,,
NDM5_1411,0.11027778685092926,0.8491411209106445,0.9273982048034668,,
NDM5_1413,0.4688897132873535,0.8812373876571655,0.8635666966438293,,
NDM5_1416,0.5634112358093262,0.8862165212631226,0.8970082998275757,,
NDM5_1417,0.1498205065727234,0.6770526766777039,0.910056471824646,,
NDM5_141_6,0.5733849406242371,0.9089847207069397,0.8975853323936462,,
NDM5_141_9,0.4976762533187866,0.8861374855041504,0.9038495421409607,,
NDM5_1420,0.3303687870502472,0.8610287308692932,0.9297313690185547,,
NDM5_1422,0.24875515699386597,0.8648412227630615,0.918066143989563,,
NDM5_1436,0.6043810248374939,0.9269941449165344,0.891855001449585,,
NDM5_1437,0.21341916918754578,0.8893246054649353,0.9116917848587036,,
NDM5_143_3,0.582661509513855,0.9380564093589783,0.9165765047073364,,
NDM5_1440,0.5713698267936707,0.9342666864395142,0.8808157444000244,,
NDM5_1442,0.6409533023834229,0.9375833868980408,0.8964126110076904,,
NDM5_144_0,0.42037561535835266,0.8594955801963806,0.9315880537033081,,
NDM5_144_2,0.16957992315292358,0.8388078212738037,0.934988260269165,,
NDM5_144_4,0.23784421384334564,0.8365432024002075,0.9173084497451782,,
NDM5_144_9,0.342230886220932,0.8392750024795532,0.9053804874420166,,
NDM5_1450,0.16046221554279327,0.8366279006004333,0.8820918202400208,,
NDM5_1455,0.23314188420772552,0.8528717756271362,0.9209018349647522,,
NDM5_1456,0.533158004283905,0.8990788459777832,0.8799138069152832,,
NDM5_1456_2,0.533158004283905,0.8990788459777832,0.8799138069152832,,
NDM5_1456_3,0.5311743021011353,0.8979905247688293,0.8766660690307617,,
NDM5_1456_4,0.5208134055137634,0.892332911491394,0.8757944703102112,,
NDM5_1457,0.7601999044418335,0.9309657216072083,0.8753579258918762,,
NDM5_1459,0.28224289417266846,0.8607209920883179,0.91795814037323,,
NDM5_1460,0.365285187959671,0.8643463253974915,0.9086167812347412,,
NDM5_1463,0.4600018858909607,0.8794492483139038,0.9272169470787048,,
NDM5_1464,0.18949636816978455,0.8455827832221985,0.8986528515815735,,
NDM5_1466,0.4905283749103546,0.8917748332023621,0.8989249467849731,,
NDM5_146_7,0.32957199215888977,0.8663824200630188,0.8957329392433167,,
NDM5_1470,0.19947713613510132,0.8577983975410461,0.928227424621582,,
NDM5_1471,0.30862924456596375,0.849981427192688,0.9127269983291626,,
NDM5_1473,0.4941473603248596,0.8990548849105835,0.8965885639190674,,
NDM5_1474,0.2963554561138153,0.8563981652259827,0.8954498767852783,,
NDM5_1474_2,0.2963554561138153,0.8563981652259827,0.8954498767852783,,
NDM5_1474_3,0.2871427536010742,0.8472265005111694,0.8880708813667297,,
NDM5_1474_4,0.6297853589057922,0.9175949096679688,0.9192847013473511,,
NDM5_1476,0.36965128779411316,0.8794753551483154,0.9190201163291931,,
NDM5_1479,0.49075138568878174,0.8921471834182739,0.941913366317749,,
NDM5_147_9,0.5196911096572876,0.9255488514900208,0.9255760312080383,,
NDM5_1481,0.21493296325206757,0.8476328253746033,0.9108933806419373,,
NDM5_1485,0.38954731822013855,0.8772586584091187,0.9397308826446533,,
NDM5_1486,0.2523443102836609,0.8504831790924072,0.9212168455123901,,
NDM5_1492,0.5866498351097107,0.9009407758712769,0.9425707459449768,,
NDM5_1496,0.40744683146476746,0.8751756548881531,0.9046408534049988,,
NDM5_149_2,0.6265467405319214,0.9013826847076416,0.9104176759719849,,
NDM5_149_5,0.40664082765579224,0.885118305683136,0.8981478214263916,,
NDM5_149_7,0.491172730922699,0.8788589835166931,0.8868198990821838,,
NDM5_149_9,0.47888877987861633,0.87894207239151,0.9112436771392822,,
NDM5_14_1,0.45613622665405273,0.875420093536377,0.8694702386856079,,
NDM5_14_3,0.5596523880958557,0.8980266451835632,0.8855234384536743,,
NDM5_14_5,0.2566355764865875,0.8558297157287598,0.874233603477478,,
NDM5_14_8,0.3295538127422333,0.8603596091270447,0.8885812163352966,,
NDM5_1501,0.6034504771232605,0.9386730194091797,0.9073086380958557,,
NDM5_1503,0.5714489817619324,0.9366278648376465,0.9066274166107178,,
NDM5_1505,0.7552918791770935,0.9519870281219482,0.9408730268478394,,
NDM5_1507,0.8003159761428833,0.9419647455215454,0.9305036067962646,,
NDM5_150_0,0.5934978723526001,0.8923232555389404,0.8991712927818298,,
NDM5_150_1,0.17862458527088165,0.835146427154541,0.9263312816619873,,
NDM5_150_6,0.5063133239746094,0.8823781609535217,0.9072972536087036,,
NDM5_150_7,0.7042739391326904,0.9113062024116516,0.9017529487609863,,
NDM5_150_9,0.2595078647136688,0.8436595797538757,0.9321710467338562,,
NDM5_1512,0.41818588972091675,0.9272592663764954,0.8946875333786011,,
NDM5_1516,0.8267453908920288,0.9536704421043396,0.8998904824256897,,
NDM5_1517,0.5878755450248718,0.9221765398979187,0.9030886292457581,,
NDM5_1518,0.4949426054954529,0.8700996041297913,0.8865596652030945,,
NDM5_151_3,0.27270665764808655,0.846053957939148,0.8906502723693848,,
NDM5_1523,0.4491885006427765,0.888058066368103,0.9065577387809753,,
NDM5_1527,0.45128190517425537,0.898751974105835,0.939411997795105,,
NDM5_152_1,0.7070032954216003,0.9169512391090393,0.8758412003517151,,
NDM5_1530,0.7382678985595703,0.9388763904571533,0.8861604928970337,,
NDM5_1535,0.18612134456634521,0.8840890526771545,0.9152171611785889,,
NDM5_1536,0.3804437220096588,0.8961613178253174,0.8985896110534668,,
NDM5_1539,0.2542857825756073,0.8894947171211243,0.8969923853874207,,
NDM5_153_0,0.40149351954460144,0.8786706328392029,0.8915364146232605,,
NDM5_1543,0.5426928400993347,0.9028175473213196,0.8926498293876648,,
NDM5_1544,0.14412236213684082,0.8495231866836548,0.9258766174316406,,
NDM5_1546,0.7386786341667175,0.924318790435791,0.9348801970481873,,
NDM5_1551,0.3490029275417328,0.8609776496887207,0.93709796667099,,
NDM5_1554,0.591039776802063,0.9105744361877441,0.854973554611206,,
NDM5_1558,0.29057806730270386,0.8525297045707703,0.9155339002609253,,
NDM5_155_1,0.6447672247886658,0.9312487840652466,0.9013676643371582,,
NDM5_155_6,0.5903409719467163,0.9225809574127197,0.8856703639030457,,
NDM5_1561,0.8033170104026794,0.953525185585022,0.9256135821342468,,
NDM5_1562,0.6865518093109131,0.9427216053009033,0.934495747089386,,
NDM5_1566,0.6910271048545837,0.9364244937896729,0.9067758917808533,,
NDM5_1569,0.7926412224769592,0.9638174772262573,0.9235719442367554,,
NDM5_1571,0.5911439061164856,0.9370182156562805,0.902060866355896,,
NDM5_1572,0.6391049027442932,0.9297950267791748,0.9120616316795349,,
NDM5_1574,0.6551589965820312,0.9314980506896973,0.9020017981529236,,
NDM5_1575,0.4337153732776642,0.8194597363471985,0.8972426056861877,,
NDM5_1579,0.6042318940162659,0.9185805916786194,0.9065542817115784,,
NDM5_157_7,0.7919406890869141,0.9554777145385742,0.9245457649230957,,
NDM5_1580,0.15831804275512695,0.8662039041519165,0.9115459322929382,,
NDM5_1582,0.27418434619903564,0.8898407220840454,0.9136695861816406,,
NDM5_1583,0.46700504422187805,0.906425416469574,0.8975351452827454,,
NDM5_1583_2,0.46700504422187805,0.906425416469574,0.8975351452827454,,
NDM5_1583_3,0.8327350616455078,0.9493566751480103,0.952662467956543,,
NDM5_1583_4,0.35434386134147644,0.9009358286857605,0.911701500415802,,
NDM5_1584,0.43526145815849304,0.8916347622871399,0.8952153325080872,,
NDM5_1586,0.41666391491889954,0.9052304625511169,0.9118348360061646,,
NDM5_158_1,0.5933442711830139,0.9081562757492065,0.9127664566040039,,
NDM5_158_9,0.1740185171365738,0.8475499749183655,0.9173290133476257,,
NDM5_1590,0.47593623399734497,0.8758704662322998,0.866464376449585,,
NDM5_1590_2,0.47593623399734497,0.8758704662322998,0.866464376449585,,
NDM5_1590_3,0.787536084651947,0.937667965888977,0.8597462773323059,,
NDM5_1590_4,0.8150423765182495,0.9459060430526733,0.8759779334068298,,
NDM5_1593,0.333258718252182,0.865825891494751,0.9010566473007202,,
NDM5_1598,0.5823736190795898,0.9125480055809021,0.8982139229774475,,
NDM5_159_1,0.69429612159729,0.9467300772666931,0.9131481647491455,,
NDM5_15_8,0.19752508401870728,0.8413994312286377,0.8998591303825378,,
NDM5_1601,0.3794921338558197,0.837949812412262,0.8679115772247314,,
NDM5_1601_2,0.3794921338558197,0.837949812412262,0.8679115772247314,,
NDM5_1601_3,0.30723321437835693,0.8576310873031616,0.870481550693512,,
NDM5_1601_4,0.4606647491455078,0.8845105171203613,0.8639702796936035,,
NDM5_160_0,0.6338086724281311,0.9409159421920776,0.9284904599189758,,
NDM5_160_1,0.6212610006332397,0.9503040313720703,0.9039163589477539,,
NDM5_161_0,0.38990429043769836,0.8561850786209106,0.9042813181877136,,
NDM5_161_4,0.3803110718727112,0.858751654624939,0.905659019947052,,
NDM5_161_8,0.3635028898715973,0.8540830612182617,0.9133983254432678,,
NDM5_1620,0.3708324730396271,0.9104918837547302,0.8951795697212219,,
NDM5_1621,0.6147639751434326,0.9278398752212524,0.91255784034729,,
NDM5_1624,0.5571029186248779,0.929321825504303,0.9015210270881653,,
NDM5_1628,0.5979100465774536,0.912352979183197,0.9028539061546326,,
NDM5_1629,0.7079657316207886,0.9442477822303772,0.8984264135360718,,
NDM5_162_0,0.33479222655296326,0.8613992929458618,0.8864001035690308,,
NDM5_162_8,0.6170681118965149,0.8932185173034668,0.9019508957862854,,
NDM5_1631,0.39971303939819336,0.8977864384651184,0.8795061707496643,,
NDM5_1634,0.547321617603302,0.9139702916145325,0.8852678537368774,,
NDM5_1637,0.5276381373405457,0.9127919673919678,0.8959966897964478,,
NDM5_163_5,0.5599526166915894,0.8858583569526672,0.8977073431015015,,
NDM5_163_7,0.6270477771759033,0.9302040338516235,0.8967880606651306,,
NDM5_163_9,0.6499745845794678,0.8861926794052124,0.9025786519050598,,
NDM5_1647,0.44746139645576477,0.9254652857780457,0.9067147970199585,,
NDM5_1648,0.5007549524307251,0.9186094403266907,0.9149502515792847,,
NDM5_1649,0.791347861289978,0.9522445201873779,0.8948917388916016,,
NDM5_1652,0.4641857147216797,0.9015769362449646,0.8858596086502075,,
NDM5_1656,0.5772261619567871,0.7677497863769531,0.9030091762542725,,
NDM5_165_0,0.7656044363975525,0.9385490417480469,0.9203763604164124,,
NDM5_165_4,0.6989157795906067,0.9357379674911499,0.8854213356971741,,
NDM5_165_8,0.8076395988464355,0.9511900544166565,0.9149860143661499,,
NDM5_1662,0.6171482801437378,0.9463605880737305,0.9147819876670837,,
NDM5_1663,0.7024845480918884,0.9522680640220642,0.9239295721054077,,
NDM5_1665,0.7254695296287537,0.956035852432251,0.9008041620254517,,
NDM5_1666,0.7525344491004944,0.9453216195106506,0.9128054976463318,,
NDM5_1668,0.6644158363342285,0.9448029398918152,0.929216742515564,,
NDM5_1669,0.802191436290741,0.9523487091064453,0.9237260222434998,,
NDM5_1671,0.253824919462204,0.8795849680900574,0.9038648009300232,,
NDM5_1671_2,0.253824919462204,0.8795849680900574,0.9038648009300232,,
NDM5_1671_3,0.33696773648262024,0.8864386677742004,0.9083352088928223,,
NDM5_1671_4,0.2975088357925415,0.8758368492126465,0.9059125781059265,,
NDM5_1673,0.5742517113685608,0.913210928440094,0.9078231453895569,,
NDM5_1679,0.7999886274337769,0.9383957386016846,0.8817955851554871,,
NDM5_1684,0.19055108726024628,0.8555200695991516,0.9050197601318359,,
NDM5_1685,0.6019078493118286,0.9017304182052612,0.893875777721405,,
NDM5_1686,0.5535027980804443,0.9008083343505859,0.9341979026794434,,
NDM5_1692,0.5706920623779297,0.9051598310470581,0.8685659170150757,,
NDM5_1694,0.4506889283657074,0.8910984992980957,0.892164409160614,,
NDM5_1694_2,0.4506889283657074,0.8910984992980957,0.892164409160614,,
NDM5_1694_3,0.687335729598999,0.9268497228622437,0.8880301713943481,,
NDM5_1694_4,0.46131381392478943,0.8306095004081726,0.8841899633407593,,
NDM5_1697,0.15946072340011597,0.8622143268585205,0.8912649154663086,,
NDM5_169_6,0.6357026696205139,0.9451673030853271,0.9236797094345093,,
NDM5_1702,0.7816751003265381,0.9399849772453308,0.905458390712738,,
NDM5_1707,0.5575103163719177,0.9127407073974609,0.8932681083679199,,
NDM5_170_3,0.5877668857574463,0.9225197434425354,0.8993226885795593,,
NDM5_1711,0.6511727571487427,0.9438588619232178,0.9001336693763733,,
NDM5_1713,0.5185643434524536,0.8919095993041992,0.9183590412139893,,
NDM5_1714,0.8518726229667664,0.9504579305648804,0.9179126620292664,,
NDM5_1714_2,0.8518726229667664,0.9504579305648804,0.9179126620292664,,
NDM5_1714_3,0.6079942584037781,0.9066002368927002,0.8912585377693176,,
NDM5_1714_4,0.5132399201393127,0.9297689199447632,0.9007420539855957,,
NDM5_1715,0.7747339606285095,0.9472408890724182,0.9084241986274719,,
NDM5_1719,0.6681232452392578,0.927009642124176,0.9053086638450623,,
NDM5_171_8,0.23794278502464294,0.8407742381095886,0.9018147587776184,,
NDM5_1720,0.20698729157447815,0.8377318382263184,0.8782384395599365,,
NDM5_172_1,0.3747047483921051,0.8940805792808533,0.9066141247749329,,
NDM5_1730,0.5352173447608948,0.9109514951705933,0.9173032641410828,,
NDM5_1731,0.6791750192642212,0.9425839781761169,0.9111931324005127,,
NDM5_1732,0.758234441280365,0.9532833099365234,0.9012726545333862,,
NDM5_1735,0.7337176203727722,0.9417950510978699,0.9174523949623108,,
NDM5_1735_2,0.7337176203727722,0.9417950510978699,0.9174523949623108,,
NDM5_1735_3,0.8201397061347961,0.9555842280387878,0.9161544442176819,,
NDM5_1735_4,0.6361305117607117,0.9337089657783508,0.9154508709907532,,
NDM5_1737,0.6995390057563782,0.947533905506134,0.89369136095047,,
NDM5_1739,0.5372194051742554,0.9220806360244751,0.8912504315376282,,
NDM5_173_1,0.3581050932407379,0.8914112448692322,0.9229467511177063,,
NDM5_173_4,0.3746287524700165,0.8888972997665405,0.9058286547660828,,
NDM5_173_7,0.5254310965538025,0.9120267629623413,0.9330031871795654,,
NDM5_1741,0.8172159790992737,0.9545758366584778,0.9033031463623047,,
NDM5_1742,0.6413199305534363,0.9408363699913025,0.9079113602638245,,
NDM5_1747,0.6128923296928406,0.939234733581543,0.9141700267791748,,
NDM5_1748,0.5954099893569946,0.9398897290229797,0.9219146966934204,,
NDM5_1749,0.671667754650116,0.9434328675270081,0.9251750111579895,,
NDM5_1756,0.20675913989543915,0.843583881855011,0.9039414525032043,,
NDM5_175_0,0.6740971803665161,0.9417964816093445,0.925395131111145,,
NDM5_175_1,0.671586811542511,0.9529064893722534,0.9190502762794495,,
NDM5_175_2,0.5025321245193481,0.9298021197319031,0.9183675646781921,,
NDM5_175_5,0.5811337232589722,0.9469538331031799,0.9150574207305908,,
NDM5_175_7,0.4212215840816498,0.9179051518440247,0.9174788594245911,,
NDM5_175_9,0.39341920614242554,0.9248528480529785,0.919905960559845,,
NDM5_1760,0.6383073925971985,0.9503148198127747,0.9380641579627991,,
NDM5_1764,0.4895690083503723,0.9388784766197205,0.9298027157783508,,
NDM5_1765,0.08785250782966614,0.9155730605125427,0.9416468739509583,,
NDM5_1768,0.8203828930854797,0.9620616436004639,0.9133960604667664,,
NDM5_1769,0.6604253053665161,0.9452728033065796,0.9202432036399841,,
NDM5_176_7,0.7113946080207825,0.93500155210495,0.9159260392189026,,
NDM5_1771_2,0.7413232922554016,0.9429337978363037,0.9024051427841187,,
NDM5_1771_3,0.46472275257110596,0.9138874411582947,0.9052574038505554,,
NDM5_1771_4,0.7598482370376587,0.9360741376876831,0.9039125442504883,,
NDM5_1772,0.7066913843154907,0.9213972091674805,0.9312444925308228,,
NDM5_1774,0.3108869194984436,0.8994853496551514,0.8993321061134338,,
NDM5_1778,0.8945708274841309,0.9444032907485962,0.9617530703544617,,
NDM5_1783,0.4760590195655823,0.9054815769195557,0.9019717574119568,,
NDM5_1784,0.5770956873893738,0.9104040265083313,0.9220930933952332,,
NDM5_1786,0.39594781398773193,0.899829626083374,0.8806118965148926,,
NDM5_1790_2,0.7592236995697021,0.9379080533981323,0.9132010340690613,,
NDM5_1790_3,0.33788755536079407,0.8884246945381165,0.919039249420166,,
NDM5_1790_4,0.24232973158359528,0.8571066856384277,0.9104192852973938,,
NDM5_1791,0.44906356930732727,0.8810142874717712,0.8947063088417053,,
NDM5_1795,0.7129579186439514,0.9314203262329102,0.9080360531806946,,
NDM5_1795_2,0.7129579186439514,0.9314203262329102,0.9080360531806946,,
NDM5_1795_3,0.6217991709709167,0.9202083945274353,0.9222338795661926,,
NDM5_1795_4,0.4688394367694855,0.8931353092193604,0.9105844497680664,,
NDM5_1798,0.2480689436197281,0.8768568634986877,0.8818729519844055,,
NDM5_1798_2,0.2480689436197281,0.8768568634986877,0.8818729519844055,,
NDM5_1798_3,0.5181854963302612,0.9048324227333069,0.8676973581314087,,
NDM5_1798_4,0.37385526299476624,0.890859842300415,0.8761019706726074,,
NDM5_1799,0.519310712814331,0.8540654182434082,0.9068660140037537,,
NDM5_179_7,0.7946222424507141,0.9383918642997742,0.8763108253479004,,
NDM5_179_8,0.502348005771637,0.8864598274230957,0.884549617767334,,
NDM5_179_9,0.41437241435050964,0.876349925994873,0.8776928782463074,,
NDM5_180_0,0.6758984923362732,0.9358220100402832,0.9062187075614929,,
NDM5_180_1,0.5084221959114075,0.9153689742088318,0.9077566862106323,,
NDM5_180_8,0.42115816473960876,0.9155476689338684,0.903395414352417,,
NDM5_1811,0.694571852684021,0.9515795707702637,0.9158483147621155,,
NDM5_1813,0.6813600659370422,0.9416458606719971,0.9082347750663757,,
NDM5_1816,0.6124411821365356,0.9225685000419617,0.8975797891616821,,
NDM5_181_4,0.6532939672470093,0.9237696528434753,0.8935869932174683,,
NDM5_181_6,0.9047238230705261,0.963298499584198,0.8595671057701111,,
NDM5_181_8,0.3466925323009491,0.8694561123847961,0.8849315047264099,,
NDM5_1830,0.7151991724967957,0.9202976822853088,0.8969720602035522,,
NDM5_1832,0.5996999144554138,0.9305854439735413,0.9047938585281372,,
NDM5_1833,0.3854641318321228,0.8993395566940308,0.9079843759536743,,
NDM5_1834,0.5970261096954346,0.9093606472015381,0.8886418342590332,,
NDM5_1835,0.7956569194793701,0.9397939443588257,0.910735547542572,,
NDM5_1837,0.4331470727920532,0.9136063456535339,0.9142386317253113,,
NDM5_183_2,0.4752984344959259,0.9033461809158325,0.886085033416748,,
NDM5_183_6,0.20612509548664093,0.8805049061775208,0.9027714729309082,,
NDM5_183_8,0.5286052823066711,0.9122526049613953,0.8912762999534607,,
NDM5_1841,0.6058396100997925,0.9281164407730103,0.8899198770523071,,
NDM5_1843,0.8103992342948914,0.9483219385147095,0.9118647575378418,,
NDM5_1845,0.563109815120697,0.9296145439147949,0.9083621501922607,,
NDM5_1846,0.4122185707092285,0.9177790284156799,0.9021690487861633,,
NDM5_1849,0.708863377571106,0.9498775005340576,0.9286882281303406,,
NDM5_184_5,0.2113698571920395,0.8811015486717224,0.9111117124557495,,
NDM5_1850,0.630981981754303,0.9062778949737549,0.9147388339042664,,
NDM5_1851,0.25932902097702026,0.8585611581802368,0.9231119155883789,,
NDM5_1851_2,0.25932902097702026,0.8585611581802368,0.9231119155883789,,
NDM5_1851_3,0.271596223115921,0.8600174784660339,0.9283909201622009,,
NDM5_1851_4,0.27004048228263855,0.862764835357666,0.9167970418930054,,
NDM5_1855,0.46204325556755066,0.8800837993621826,0.9349849820137024,,
NDM5_1858,0.4103091359138489,0.8747897744178772,0.9234912991523743,,
NDM5_185_3,0.4774688482284546,0.8954820036888123,0.9153974652290344,,
NDM5_185_4,0.19501645863056183,0.8405576944351196,0.9159784913063049,,
NDM5_185_9,0.27087506651878357,0.8652712106704712,0.9151581525802612,,
NDM5_1863,0.46169784665107727,0.8994621634483337,0.9129270911216736,,
NDM5_1864,0.4812694787979126,0.9209651947021484,0.8932586908340454,,
NDM5_1866,0.7496169209480286,0.9430363178253174,0.9212058782577515,,
NDM5_1867,0.4412098526954651,0.8876941204071045,0.8980692625045776,,
NDM5_1869,0.44762858748435974,0.9091619849205017,0.9225789308547974,,
NDM5_186_0,0.5331647396087646,0.8803888559341431,0.8892988562583923,,
NDM5_186_7,0.5767472982406616,0.9056205153465271,0.9057319760322571,,
NDM5_1870,0.8490574359893799,0.9580004215240479,0.9075874090194702,,
NDM5_1872,0.08365865051746368,0.8884114623069763,0.9176142811775208,,
NDM5_187_0,0.46201977133750916,0.8508753180503845,0.9165933728218079,,
NDM5_187_1,0.6873196363449097,0.9158980250358582,0.9328265190124512,,
NDM5_187_3,0.7187013626098633,0.9476231932640076,0.933992326259613,,
NDM5_187_9,0.7149162888526917,0.9409437775611877,0.9150112867355347,,
NDM5_1881,0.20223575830459595,0.8487526178359985,0.8959552645683289,,
NDM5_1884,0.5854849815368652,0.9036421179771423,0.9444088935852051,,
NDM5_1889,0.5202417969703674,0.8624508380889893,0.938877522945404,,
NDM5_188_1,0.4248550534248352,0.9178162217140198,0.9132315516471863,,
NDM5_188_2,0.5525814890861511,0.9237439632415771,0.9083648324012756,,
NDM5_188_7,0.735779345035553,0.9439619779586792,0.9131510853767395,,
NDM5_1893,0.32801344990730286,0.8790127635002136,0.9171386957168579,,
NDM5_1895,0.4168297350406647,0.8986354470252991,0.8915722966194153,,
NDM5_1896,0.4028143584728241,0.8977475762367249,0.9095708131790161,,
NDM5_1899,0.40369072556495667,0.9039167761802673,0.8987782001495361,,
NDM5_189_3,0.4357299506664276,0.8871994018554688,0.9165814518928528,,
NDM5_189_7,0.8828446865081787,0.9494127631187439,0.8864754438400269,,
NDM5_189_8,0.35113269090652466,0.8798852562904358,0.9051822423934937,,
NDM5_18_0,0.25087234377861023,0.8624300360679626,0.8887870907783508,,
NDM5_1900,0.4701661467552185,0.8959152698516846,0.9015185236930847,,
NDM5_1901,0.460625559091568,0.8923141956329346,0.9106461405754089,,
NDM5_1907,0.11087937653064728,0.8562467098236084,0.9139903783798218,,
NDM5_190_7,0.6468326449394226,0.9363232851028442,0.9143056273460388,,
NDM5_1910,0.16029639542102814,0.8493603467941284,0.9249566793441772,,
NDM5_1912,0.1791788637638092,0.8413028120994568,0.9134387373924255,,
NDM5_1919,0.42003580927848816,0.8745061159133911,0.9347791075706482,,
NDM5_1921,0.4306815564632416,0.890820324420929,0.8799546360969543,,
NDM5_1923,0.4833664894104004,0.8072543144226074,0.9250237345695496,,
NDM5_1926,0.8274958729743958,0.940977156162262,0.891730010509491,,
NDM5_1928,0.2417927086353302,0.8593007922172546,0.9047778248786926,,
NDM5_192_2,0.4594647288322449,0.8597440719604492,0.8710204362869263,,
NDM5_192_4,0.3973812460899353,0.8682697415351868,0.8979673385620117,,
NDM5_192_6,0.42733559012413025,0.8737501502037048,0.9015282988548279,,
NDM5_192_7,0.3061710000038147,0.8395418524742126,0.8799645304679871,,
NDM5_192_8,0.1910027116537094,0.8627319931983948,0.8897643685340881,,
NDM5_1936,0.21691328287124634,0.7901633977890015,0.9197393655776978,,
NDM5_193_5,0.6463624238967896,0.9253880381584167,0.9110638499259949,,
NDM5_193_6,0.29921644926071167,0.9068312644958496,0.8999453783035278,,
NDM5_193_8,0.2280753254890442,0.8962641358375549,0.9086928367614746,,
NDM5_1941,0.34189242124557495,0.910744845867157,0.9103718996047974,,
NDM5_1949,0.7972985506057739,0.95421302318573,0.9217608571052551,,
NDM5_1951,0.5912508964538574,0.9276425838470459,0.9036603569984436,,
NDM5_1952,0.35352981090545654,0.8988779783248901,0.899237871170044,,
NDM5_1953,0.5398136377334595,0.9290502667427063,0.8975636959075928,,
NDM5_1954,0.5950468182563782,0.9189772605895996,0.902444064617157,,
NDM5_1954_2,0.5950468182563782,0.9189772605895996,0.902444064617157,,
NDM5_1954_3,0.6462137699127197,0.9378674626350403,0.9006139636039734,,
NDM5_1954_4,0.8014100790023804,0.9447782635688782,0.9044003486633301,,
NDM5_1955,0.42939847707748413,0.91893470287323,0.9016403555870056,,
NDM5_1957,0.6737357974052429,0.9388661980628967,0.9091613292694092,,
NDM5_1959,0.8551998138427734,0.9587315320968628,0.8983725905418396,,
NDM5_195_2,0.3554794490337372,0.8967556953430176,0.9039732813835144,,
NDM5_195_6,0.5818193554878235,0.9046483635902405,0.9045153856277466,,
NDM5_1968,0.3619825839996338,0.8618544340133667,0.9305000901222229,,
NDM5_196_1,0.6055874228477478,0.9102703928947449,0.892273485660553,,
NDM5_196_5,0.3257500231266022,0.8911694884300232,0.9004066586494446,,
NDM5_196_8,0.11206447333097458,0.8696586489677429,0.9131027460098267,,
NDM5_1971,0.5257152915000916,0.9124748110771179,0.8978779911994934,,
NDM5_1972,0.6345747113227844,0.9032480716705322,0.9392762780189514,,
NDM5_1974,0.3689097762107849,0.8651834726333618,0.8885628581047058,,
NDM5_1978,0.5672284960746765,0.916141152381897,0.9063908457756042,,
NDM5_1978_2,0.5672284960746765,0.916141152381897,0.9063908457756042,,
NDM5_1978_3,0.5653353333473206,0.9227147102355957,0.9103178977966309,,
NDM5_1978_4,0.27448326349258423,0.8854761719703674,0.9016793966293335,,
NDM5_1986,0.5357312560081482,0.945772111415863,0.9372074007987976,,
NDM5_1987,0.7007532119750977,0.9464036226272583,0.9269489645957947,,
NDM5_1988,0.5415260195732117,0.8998833894729614,0.9172046780586243,,
NDM5_1990,0.6329343318939209,0.9356886148452759,0.9076530933380127,,
NDM5_1992,0.8405082821846008,0.9545890092849731,0.8965712785720825,,
NDM5_1995,0.9099633097648621,0.9634610414505005,0.9001186490058899,,
NDM5_1995_2,0.9099633097648621,0.9634610414505005,0.9001186490058899,,
NDM5_1995_3,0.7664008736610413,0.9259594678878784,0.8929814100265503,,
NDM5_1995_4,0.568708598613739,0.895302951335907,0.9132575988769531,,
NDM5_1996,0.9030913710594177,0.9670843482017517,0.9187411069869995,,
NDM5_1997,0.7095171213150024,0.9236293435096741,0.9435755610466003,,
NDM5_1998,0.5382402539253235,0.8966529965400696,0.925927460193634,,
NDM5_1999,0.5190536379814148,0.9248265624046326,0.9018809795379639,,
NDM5_199_0,0.7006556987762451,0.9396030902862549,0.9022952318191528,,
NDM5_199_3,0.6447470784187317,0.910269021987915,0.9145224690437317,,
NDM5_199_5,0.49469414353370667,0.8991037607192993,0.9076892733573914,,
NDM5_199_7,0.794147253036499,0.9390107989311218,0.9055334329605103,,
NDM5_19_8,0.1357034593820572,0.9181047081947327,0.935223400592804,,
NDM5_2005,0.6312385201454163,0.914986252784729,0.8863524198532104,,
NDM5_2015,0.3105202615261078,0.8559203743934631,0.8797964453697205,,
NDM5_201_5,0.4961807429790497,0.8879019021987915,0.9025149345397949,,
NDM5_2020,0.6686988472938538,0.9449203014373779,0.9059422016143799,,
NDM5_2035,0.21588285267353058,0.854074239730835,0.9329693913459778,,
NDM5_203_5,0.5415821075439453,0.8847711086273193,0.9020792245864868,,
NDM5_203_6,0.2686839997768402,0.8643751740455627,0.9039900898933411,,
NDM5_2040,0.6760155558586121,0.9301780462265015,0.9265742301940918,,
NDM5_2042,0.28366851806640625,0.8918573260307312,0.9356169104576111,,
NDM5_2048,0.6150934100151062,0.9188265800476074,0.8960044384002686,,
NDM5_204_8,0.8226116299629211,0.9416390061378479,0.8812189102172852,,
NDM5_2051,0.6126372814178467,0.9359989762306213,0.8942503929138184,,
NDM5_2052,0.4474276304244995,0.89848393201828,0.88529372215271,,
NDM5_2052_2,0.4474276304244995,0.89848393201828,0.88529372215271,,
NDM5_2052_3,0.49492284655570984,0.9139105677604675,0.8853251934051514,,
NDM5_2052_4,0.819668173789978,0.95750492811203,0.8945372104644775,,
NDM5_2053,0.6522754430770874,0.9348827004432678,0.8871647715568542,,
NDM5_2055,0.7451387047767639,0.9362084269523621,0.9167155027389526,,
NDM5_2058,0.6386445760726929,0.9340000748634338,0.9061251282691956,,
NDM5_2059,0.3005954921245575,0.8947345018386841,0.9034813046455383,,
NDM5_2060,0.7799794673919678,0.9416468143463135,0.9123897552490234,,
NDM5_2061,0.6990054845809937,0.9441390633583069,0.9081421494483948,,
NDM5_2063,0.6382894515991211,0.9392027854919434,0.9223610758781433,,
NDM5_2065,0.6896228194236755,0.9373334050178528,0.9107331037521362,,
NDM5_2068,0.696355402469635,0.9329637289047241,0.9152087569236755,,
NDM5_206_3,0.6111946702003479,0.9055458903312683,0.9122905135154724,,
NDM5_2070,0.27598342299461365,0.8520733118057251,0.9332491755485535,,
NDM5_2079,0.5637210011482239,0.8874545097351074,0.9040393233299255,,
NDM5_2081,0.30520519614219666,0.8877278566360474,0.8992670774459839,,
NDM5_2084,0.693291962146759,0.9203762412071228,0.8948652148246765,,
NDM5_2085,0.280504435300827,0.8665611743927002,0.8750063180923462,,
NDM5_2088,0.2149326056241989,0.8631066679954529,0.8864607810974121,,
NDM5_2090,0.6271457076072693,0.9351558089256287,0.9132490754127502,,
NDM5_2093,0.8360289335250854,0.9601588249206543,0.9025411605834961,,
NDM5_2095,0.7669717073440552,0.9446188807487488,0.9120148420333862,,
NDM5_2097,0.7562573552131653,0.9406921863555908,0.8907010555267334,,
NDM5_2105,0.4467020332813263,0.8649694323539734,0.9223583936691284,,
NDM5_210_3,0.44877973198890686,0.8787373304367065,0.9058027267456055,,
NDM5_210_5,0.7025074362754822,0.9088172912597656,0.8959927558898926,,
NDM5_210_7,0.30259793996810913,0.841955840587616,0.8604378700256348,,
NDM5_210_8,0.7728006839752197,0.9299565553665161,0.8552283048629761,,
NDM5_2111,0.639344334602356,0.9364465475082397,0.926946222782135,,
NDM5_2112,0.7828400731086731,0.9504357576370239,0.916022777557373,,
NDM5_2113,0.529803454875946,0.9206864237785339,0.9126132130622864,,
NDM5_2116,0.5476821660995483,0.9196750521659851,0.9164152145385742,,
NDM5_2119,0.7292900681495667,0.9452768564224243,0.9109491109848022,,
NDM5_211_8,0.2968403995037079,0.8572118282318115,0.9017612338066101,,
NDM5_2121,0.6363182663917542,0.9364516139030457,0.8899815678596497,,
NDM5_212_0,0.4591428339481354,0.877461314201355,0.8943548202514648,,
NDM5_212_2,0.43643051385879517,0.8669754266738892,0.9002658724784851,,
NDM5_2131,0.2943928837776184,0.8818808794021606,0.9052726030349731,,
NDM5_2132,0.6279596090316772,0.928182065486908,0.9466361999511719,,
NDM5_2133,0.7963030934333801,0.9477342963218689,0.9452234506607056,,
NDM5_2134,0.6476317644119263,0.9367705583572388,0.8988407254219055,,
NDM5_2138,0.35225388407707214,0.9035083651542664,0.9196873903274536,,
NDM5_213_1,0.19279545545578003,0.8393034338951111,0.9190597534179688,,
NDM5_213_3,0.4415329098701477,0.8676578998565674,0.9098775386810303,,
NDM5_213_6,0.5212090611457825,0.8798910975456238,0.9155704975128174,,
NDM5_213_7,0.26439419388771057,0.8522034883499146,0.9288060069084167,,
NDM5_2142,0.6620292663574219,0.9399060606956482,0.9222753047943115,,
NDM5_2143,0.8320594429969788,0.9619404077529907,0.9293239116668701,,
NDM5_2144,0.427190363407135,0.908728301525116,0.9089590907096863,,
NDM5_2145,0.7521913647651672,0.9492719173431396,0.9144986271858215,,
NDM5_2146,0.8299005031585693,0.9631824493408203,0.919151782989502,,
NDM5_2147,0.5463592410087585,0.942901611328125,0.9229942560195923,,
NDM5_214_1,0.20726482570171356,0.8353700637817383,0.925866961479187,,
NDM5_214_5,0.48385366797447205,0.8888177275657654,0.924936056137085,,
NDM5_214_9,0.1815183460712433,0.8427573442459106,0.9231317639350891,,
NDM5_2152,0.1851031333208084,0.7853932976722717,0.9025870561599731,,
NDM5_2156,0.35536643862724304,0.8639163970947266,0.9128162264823914,,
NDM5_2158,0.8579601645469666,0.9343786239624023,0.9293355345726013,,
NDM5_2161,0.7036490440368652,0.9504090547561646,0.9145090579986572,,
NDM5_2165,0.6784272789955139,0.9472224712371826,0.9135125279426575,,
NDM5_2166,0.5464722514152527,0.9357030391693115,0.9211922883987427,,
NDM5_2167,0.7468276023864746,0.9555277824401855,0.9091976284980774,,
NDM5_2169,0.5460018515586853,0.9421371817588806,0.9041098356246948,,
NDM5_216_2,0.3103775382041931,0.8277133703231812,0.8882407546043396,,
NDM5_216_4,0.6388682723045349,0.9030250310897827,0.9082770347595215,,
NDM5_216_6,0.47637492418289185,0.877084493637085,0.9316596388816833,,
NDM5_2170,0.5863094329833984,0.9099261164665222,0.9193980097770691,,
NDM5_2171,0.582161545753479,0.9124096035957336,0.9086676836013794,,
NDM5_2171_2,0.23454274237155914,0.8413258790969849,0.895385205745697,,
NDM5_2171_3,0.2843831479549408,0.8630401492118835,0.8925765156745911,,
NDM5_2171_4,0.30708223581314087,0.8681747913360596,0.8884625434875488,,
NDM5_2174,0.649300217628479,0.9139379262924194,0.882921576499939,,
NDM5_2175,0.3474262058734894,0.8854841589927673,0.8964239358901978,,
NDM5_2177,0.3743804693222046,0.8674932718276978,0.8982840776443481,,
NDM5_2179,0.8081865310668945,0.9257521033287048,0.8992214202880859,,
NDM5_217_7,0.46320250630378723,0.9062642455101013,0.9196772575378418,,
NDM5_2180,0.7768365740776062,0.9286636710166931,0.9070520401000977,,
NDM5_2181,0.6709840297698975,0.9329210519790649,0.9080356359481812,,
NDM5_2181_2,0.6709840297698975,0.9329210519790649,0.9080356359481812,,
NDM5_2181_3,0.40756353735923767,0.8981010913848877,0.9113357663154602,,
NDM5_2181_4,0.6387704610824585,0.9296965003013611,0.9213171005249023,,
NDM5_2182,0.5860657691955566,0.9260732531547546,0.9108917117118835,,
NDM5_2183,0.8297532200813293,0.9550410509109497,0.9013180732727051,,
NDM5_2185,0.5655195713043213,0.9204306602478027,0.8849905729293823,,
NDM5_2186,0.5847910046577454,0.9093225598335266,0.9296689629554749,,
NDM5_2187,0.45654770731925964,0.9156129360198975,0.8877195119857788,,
NDM5_2189,0.27683988213539124,0.8940941691398621,0.9012718200683594,,
NDM5_218_3,0.3940735459327698,0.8789350390434265,0.9180506467819214,,
NDM5_2190,0.38644683361053467,0.8782778978347778,0.9265180826187134,,
NDM5_2194_2,0.33568161725997925,0.887385904788971,0.8893752098083496,,
NDM5_2194_3,0.7295519113540649,0.9356203079223633,0.8798995614051819,,
NDM5_2194_4,0.25624290108680725,0.870074987411499,0.8882135152816772,,
NDM5_21_1,0.5012688636779785,0.8951781988143921,0.8837345242500305,,
NDM5_21_8,0.2947336435317993,0.8677557706832886,0.9013147950172424,,
NDM5_21_9,0.34508416056632996,0.8676958084106445,0.8871545195579529,,
NDM5_2201,0.19345059990882874,0.8622444272041321,0.9015693664550781,,
NDM5_2203,0.8256328105926514,0.9339697360992432,0.8979471921920776,,
NDM5_2209,0.6898753643035889,0.9221563339233398,0.9102740287780762,,
NDM5_220_4,0.10846573859453201,0.8411102890968323,0.9152878522872925,,
NDM5_220_5,0.4908936321735382,0.886593222618103,0.8655722737312317,,
NDM5_2210,0.8282342553138733,0.9563559889793396,0.8917872309684753,,
NDM5_2211,0.8227219581604004,0.956769585609436,0.9002087712287903,,
NDM5_2217,0.549262285232544,0.9337205290794373,0.8941669464111328,,
NDM5_2219,0.5715290307998657,0.9303580522537231,0.9095970988273621,,
NDM5_2221,0.46170124411582947,0.8897837996482849,0.8964158296585083,,
NDM5_2222,0.787693440914154,0.9508907794952393,0.8936351537704468,,
NDM5_2222_2,0.6872235536575317,0.9144802689552307,0.8883481025695801,,
NDM5_2222_3,0.4030778408050537,0.8908835053443909,0.8805800080299377,,
NDM5_2222_4,0.45517343282699585,0.9085336923599243,0.8923467397689819,,
NDM5_2229,0.35307151079177856,0.8865077495574951,0.8880268931388855,,
NDM5_2233,0.7457901835441589,0.9509682655334473,0.9173376560211182,,
NDM5_2234,0.7158661484718323,0.9402069449424744,0.9178513288497925,,
NDM5_2236,0.6466352939605713,0.9323348999023438,0.9188176989555359,,
NDM5_2237,0.800583004951477,0.9494349360466003,0.921224057674408,,
NDM5_2239,0.45464760065078735,0.9383142590522766,0.9115548133850098,,
NDM5_2240,0.3463698625564575,0.8682959079742432,0.8586846590042114,,
NDM5_2242,0.5202792882919312,0.9062983393669128,0.9047735929489136,,
NDM5_2244,0.36051222681999207,0.8783560991287231,0.8875730037689209,,
NDM5_2246,0.5592201352119446,0.9069523215293884,0.9152141809463501,,
NDM5_224_2,0.5775632262229919,0.9248653650283813,0.8915029168128967,,
NDM5_224_3,0.2374316155910492,0.8794485926628113,0.8897469639778137,,
NDM5_224_7,0.526696503162384,0.9153485298156738,0.8955360054969788,,
NDM5_2252,0.7087810039520264,0.9351373314857483,0.9030560255050659,,
NDM5_2253,0.461117684841156,0.9115394949913025,0.9178116917610168,,
NDM5_2255,0.19434615969657898,0.8875256180763245,0.9226676821708679,,
NDM5_2257,0.29274582862854004,0.8921587467193604,0.9367186427116394,,
NDM5_225_4,0.7084912061691284,0.9401190280914307,0.9022253751754761,,
NDM5_2260,0.34067362546920776,0.8976874351501465,0.9002708196640015,,
NDM5_2261,0.34344586730003357,0.8997634053230286,0.9055947661399841,,
NDM5_2264,0.4740820527076721,0.9006838798522949,0.9184233546257019,,
NDM5_2268,0.4293891489505768,0.9001628756523132,0.9364292621612549,,
NDM5_226_1,0.4651963710784912,0.880695641040802,0.8827810883522034,,
NDM5_226_5,0.568757951259613,0.9104836583137512,0.8684227466583252,,
NDM5_2272,0.7543081045150757,0.9386914372444153,0.8888067007064819,,
NDM5_2273,0.5338432192802429,0.8986397981643677,0.9090387225151062,,
NDM5_2276,0.28643661737442017,0.9033801555633545,0.9083529114723206,,
NDM5_2277,0.4864603281021118,0.8999210596084595,0.8926109671592712,,
NDM5_2279,0.7867717146873474,0.9541974067687988,0.8944193720817566,,
NDM5_227_1,0.22734273970127106,0.8386524319648743,0.8779700398445129,,
NDM5_2284,0.5730441808700562,0.9502469897270203,0.9205427169799805,,
NDM5_2286,0.7926468849182129,0.95855313539505,0.9327611327171326,,
NDM5_2287,0.5844132304191589,0.9287477731704712,0.9260572195053101,,
NDM5_228_4,0.6282267570495605,0.9025896191596985,0.8718207478523254,,
NDM5_2291,0.10482340306043625,0.8364526033401489,0.9264125823974609,,
NDM5_2296,0.6701492667198181,0.8870238065719604,0.9040611386299133,,
NDM5_229_4,0.37312448024749756,0.8555073738098145,0.8955115079879761,,
NDM5_22_3,0.3734559416770935,0.8851589560508728,0.8890326023101807,,
NDM5_22_6,0.2557995319366455,0.8681066632270813,0.8983755707740784,,
NDM5_2302,0.5717476010322571,0.9378058910369873,0.9278436899185181,,
NDM5_2303,0.6026830077171326,0.9228232502937317,0.9178414940834045,,
NDM5_2309,0.538519024848938,0.9135266542434692,0.9090705513954163,,
NDM5_2310,0.7881977558135986,0.9541690945625305,0.914454996585846,,
NDM5_2314,0.7223429083824158,0.943142831325531,0.9287363290786743,,
NDM5_2315,0.7557772397994995,0.9517968893051147,0.9333304166793823,,
NDM5_2317,0.7247374653816223,0.9519059658050537,0.9279805421829224,,
NDM5_2318,0.6428526639938354,0.9450021386146545,0.9030801057815552,,
NDM5_231_9,0.3674042522907257,0.870672881603241,0.9149680137634277,,
NDM5_2320,0.9322300553321838,0.970340371131897,0.9454280138015747,,
NDM5_2324,0.5930823087692261,0.9388703107833862,0.9215203523635864,,
NDM5_2328,0.7644801139831543,0.9553855657577515,0.9185813665390015,,
NDM5_2329,0.6099651455879211,0.933287501335144,0.9268531799316406,,
NDM5_232_9,0.20670463144779205,0.8409005999565125,0.8826172947883606,,
NDM5_2333,0.14920902252197266,0.823413074016571,0.9148992896080017,,
NDM5_2335,0.5980627536773682,0.9030517339706421,0.9227538108825684,,
NDM5_2342,0.773913562297821,0.9556344747543335,0.9304304122924805,,
NDM5_2346,0.6988056302070618,0.9485349059104919,0.9208973050117493,,
NDM5_2356,0.8368817567825317,0.9431409239768982,0.9347782135009766,,
NDM5_2357,0.27636000514030457,0.8806212544441223,0.9039005041122437,,
NDM5_2364,0.21819593012332916,0.8461397886276245,0.8817381858825684,,
NDM5_236_3,0.48721766471862793,0.9208012819290161,0.9100870490074158,,
NDM5_236_5,0.3581616282463074,0.9157782196998596,0.900452196598053,,
NDM5_236_6,0.4245544373989105,0.9337601065635681,0.914658784866333,,
NDM5_236_8,0.5714188814163208,0.9392920136451721,0.9024732708930969,,
NDM5_2371,0.4691507816314697,0.8830657005310059,0.9142190217971802,,
NDM5_2375,0.3528473973274231,0.8575493693351746,0.9415686130523682,,
NDM5_237_2,0.7702826261520386,0.957018256187439,0.914206326007843,,
NDM5_237_9,0.7036226987838745,0.953782320022583,0.9157654643058777,,
NDM5_2381,0.3950510025024414,0.8554195165634155,0.9009348750114441,,
NDM5_2385,0.3362846374511719,0.8790708780288696,0.8969064950942993,,
NDM5_2393,0.6381304264068604,0.9151843190193176,0.868535041809082,,
NDM5_2393_2,0.6381304264068604,0.9151843190193176,0.868535041809082,,
NDM5_2393_3,0.4664413630962372,0.8871464729309082,0.8849543333053589,,
NDM5_2393_4,0.8562645316123962,0.9413305521011353,0.8734000325202942,,
NDM5_2394,0.3541601300239563,0.8674516081809998,0.9228211045265198,,
NDM5_2398,0.5631389021873474,0.9057510495185852,0.8762439489364624,,
NDM5_2399,0.1793411821126938,0.8454424738883972,0.922531247138977,,
NDM5_239_1,0.5228742361068726,0.8932852745056152,0.8932880759239197,,
NDM5_239_2,0.2830445468425751,0.8218574523925781,0.8820120692253113,,
NDM5_239_4,0.8866546154022217,0.9514962434768677,0.926470935344696,,
NDM5_23_0,0.43631789088249207,0.8707430958747864,0.8586608171463013,,
NDM5_23_6,0.3726838231086731,0.8400416374206543,0.8713439702987671,,
NDM5_2406,0.22803740203380585,0.8258205056190491,0.8786568641662598,,
NDM5_2412,0.6237065196037292,0.9138041138648987,0.8701491355895996,,
NDM5_2418,0.3863031566143036,0.866151750087738,0.9316005706787109,,
NDM5_2420,0.39442557096481323,0.8925291299819946,0.8975662589073181,,
NDM5_2424,0.1825709491968155,0.8492577075958252,0.9181647300720215,,
NDM5_2425,0.47823992371559143,0.8969786167144775,0.9303101897239685,,
NDM5_2426,0.14824552834033966,0.8644678592681885,0.9335432648658752,,
NDM5_2428,0.3074810802936554,0.8810321092605591,0.9241578578948975,,
NDM5_242_0,0.44217413663864136,0.858708918094635,0.8756259679794312,,
NDM5_242_2,0.7472312450408936,0.9227178692817688,0.8807169198989868,,
NDM5_242_3,0.5476881265640259,0.8872005939483643,0.8944305777549744,,
NDM5_242_4,0.36864402890205383,0.8702679872512817,0.8760494589805603,,
NDM5_242_7,0.5436825156211853,0.8755679130554199,0.863219678401947,,
NDM5_242_9,0.44237759709358215,0.8649318218231201,0.8671520352363586,,
NDM5_2431,0.4163079559803009,0.8781281113624573,0.8646966218948364,,
NDM5_2434,0.6157394647598267,0.906309187412262,0.9387502670288086,,
NDM5_2438,0.26406386494636536,0.8371301889419556,0.9176399111747742,,
NDM5_2445,0.17044594883918762,0.8486438989639282,0.9040478467941284,,
NDM5_2447,0.26264113187789917,0.8521444201469421,0.875697910785675,,
NDM5_2448,0.27390149235725403,0.8623028993606567,0.9388840198516846,,
NDM5_2449,0.2913912832736969,0.8606767654418945,0.9080920815467834,,
NDM5_244_0,0.16602535545825958,0.8344531059265137,0.9089552164077759,,
NDM5_244_2,0.20702169835567474,0.8367995619773865,0.9134352803230286,,
NDM5_244_7,0.5491757988929749,0.8829225897789001,0.9212643504142761,,
NDM5_2450,0.559992790222168,0.9348918199539185,0.9305721521377563,,
NDM5_2451,0.681208074092865,0.9478578567504883,0.9265042543411255,,
NDM5_2453,0.6655288934707642,0.9452512860298157,0.9124663472175598,,
NDM5_2457,0.6640002131462097,0.9481245875358582,0.9110487699508667,,
NDM5_2458,0.4303354322910309,0.9186587333679199,0.9065255522727966,,
NDM5_2459,0.6850037574768066,0.9486756324768066,0.9129488468170166,,
NDM5_245_5,0.6973837018013,0.9461407661437988,0.9148485660552979,,
NDM5_2464,0.5363964438438416,0.9103943109512329,0.9269713163375854,,
NDM5_2465,0.6982601284980774,0.9519374370574951,0.9185992479324341,,
NDM5_2469,0.699320375919342,0.9521369338035583,0.9173685908317566,,
NDM5_246_2,0.5949763059616089,0.8879017233848572,0.8845821619033813,,
NDM5_2470,0.3228345811367035,0.8529660701751709,0.9246429800987244,,
NDM5_247_3,0.18913047015666962,0.8221525549888611,0.9247220158576965,,
NDM5_247_7,0.26928046345710754,0.855438768863678,0.9475579857826233,,
NDM5_2481,0.7492903470993042,0.9480816721916199,0.9207034707069397,,
NDM5_2484,0.7032484412193298,0.9437135457992554,0.9222865104675293,,
NDM5_2485,0.774265468120575,0.9592481255531311,0.9121314287185669,,
NDM5_2486,0.6165305376052856,0.9461862444877625,0.9134708046913147,,
NDM5_2489,0.6615461111068726,0.946388840675354,0.9124404191970825,,
NDM5_248_9,0.5168397426605225,0.9370824694633484,0.9337372779846191,,
NDM5_2491,0.678759753704071,0.9495766758918762,0.915009617805481,,
NDM5_2493,0.5692143440246582,0.9268527626991272,0.9147661924362183,,
NDM5_2499,0.6914379596710205,0.9395334124565125,0.9307781457901001,,
NDM5_249_8,0.7484992742538452,0.9362465739250183,0.9159268140792847,,
NDM5_24_1,0.27368560433387756,0.8436859250068665,0.8858041167259216,,
NDM5_24_2,0.5388367772102356,0.8892900347709656,0.870819628238678,,
NDM5_24_4,0.4316290318965912,0.8770592212677002,0.8842636346817017,,
NDM5_24_5,0.28568559885025024,0.8200036287307739,0.8856754302978516,,
NDM5_24_8,0.6356057524681091,0.904754102230072,0.891410768032074,,
NDM5_24_9,0.37263253331184387,0.8672277927398682,0.8864073157310486,,
NDM5_2500,0.5651225447654724,0.9211266040802002,0.8874828219413757,,
NDM5_2501,0.6287930011749268,0.9244704246520996,0.8720945715904236,,
NDM5_2506,0.36205679178237915,0.8735910654067993,0.8935433626174927,,
NDM5_2508,0.8575990796089172,0.9190158843994141,0.932738184928894,,
NDM5_250_5,0.46266797184944153,0.9074443578720093,0.8942400217056274,,
NDM5_250_7,0.7656389474868774,0.9457523822784424,0.9017842411994934,,
NDM5_2511,0.6026963591575623,0.9293272495269775,0.9129583835601807,,
NDM5_2512,0.7276445627212524,0.9408695101737976,0.9149802327156067,,
NDM5_2515,0.5216814875602722,0.9299886226654053,0.9154754281044006,,
NDM5_2518,0.5398602485656738,0.9053918123245239,0.913718581199646,,
NDM5_2530,0.2911057770252228,0.8975968360900879,0.8950113654136658,,
NDM5_2532,0.792548418045044,0.9565227627754211,0.9196720123291016,,
NDM5_2534,0.5788881778717041,0.9142225980758667,0.9042187929153442,,
NDM5_2534_2,0.5788881778717041,0.9142225980758667,0.9042187929153442,,
NDM5_2534_3,0.617264449596405,0.9289715886116028,0.9048510193824768,,
NDM5_2534_4,0.6507805585861206,0.9364026784896851,0.9023281931877136,,
NDM5_2536,0.663602888584137,0.9382936954498291,0.8914273977279663,,
NDM5_2537,0.6421913504600525,0.9320074915885925,0.9033084511756897,,
NDM5_2539,0.4925684630870819,0.9021296501159668,0.9175684452056885,,
NDM5_253_0,0.10715760290622711,0.8229868412017822,0.9305176734924316,,
NDM5_253_4,0.6024117469787598,0.8952906131744385,0.9166313409805298,,
NDM5_2540,0.8516029119491577,0.9564324617385864,0.9148567318916321,,
NDM5_2542,0.6023687720298767,0.94341641664505,0.9013700485229492,,
NDM5_2544,0.6362766027450562,0.9464899897575378,0.9270489811897278,,
NDM5_2545,0.7686164975166321,0.9527807831764221,0.9223891496658325,,
NDM5_2549,0.6462132930755615,0.948708713054657,0.9297298789024353,,
NDM5_254_1,0.6214094161987305,0.935166597366333,0.9182045459747314,,
NDM5_254_5,0.4767785668373108,0.9245944023132324,0.9079144597053528,,
NDM5_2551,0.4585091769695282,0.9021217823028564,0.8980365991592407,,
NDM5_2552,0.7009578347206116,0.9440120458602905,0.9277951121330261,,
NDM5_2553,0.525259792804718,0.9314483404159546,0.8951671719551086,,
NDM5_2554,0.7162091135978699,0.944419801235199,0.9244934916496277,,
NDM5_2554_2,0.7162091135978699,0.944419801235199,0.9244934916496277,,
NDM5_2554_3,0.8190063238143921,0.9550971984863281,0.9258964657783508,,
NDM5_2554_4,0.5806106328964233,0.8879539370536804,0.9173490405082703,,
NDM5_2555,0.5822779536247253,0.9278550148010254,0.8995311856269836,,
NDM5_2557,0.7515267133712769,0.9466004371643066,0.900473415851593,,
NDM5_2558,0.45981064438819885,0.8248289227485657,0.9026104211807251,,
NDM5_2558_2,0.45981064438819885,0.8248289227485657,0.9026104211807251,,
NDM5_2558_3,0.491990327835083,0.9213961362838745,0.9033615589141846,,
NDM5_2558_4,0.5161638855934143,0.8982234597206116,0.9022256135940552,,
NDM5_255_3,0.28609198331832886,0.8632598519325256,0.9329298138618469,,
NDM5_255_6,0.15983782708644867,0.8451755046844482,0.9292963743209839,,
NDM5_255_8,0.3123212158679962,0.8641276955604553,0.9471678137779236,,
NDM5_2563,0.3310944736003876,0.8867420554161072,0.8944365382194519,,
NDM5_256_7,0.4623923599720001,0.8734201192855835,0.859489381313324,,
NDM5_2570,0.7158142328262329,0.9588910937309265,0.9190666079521179,,
NDM5_2572,0.6369591951370239,0.9435363411903381,0.9390381574630737,,
NDM5_2576,0.6728531122207642,0.9279871582984924,0.9139063954353333,,
NDM5_2578,0.7335980534553528,0.9470174312591553,0.9111223220825195,,
NDM5_2579,0.6933639049530029,0.9191694259643555,0.9144321084022522,,
NDM5_257_9,0.35450559854507446,0.880881667137146,0.9163278341293335,,
NDM5_2581,0.8804740309715271,0.9687806963920593,0.9165076613426208,,
NDM5_2585,0.7938564419746399,0.9613118767738342,0.9228837490081787,,
NDM5_2586,0.7555564045906067,0.9535583853721619,0.9425087571144104,,
NDM5_2588,0.7029709219932556,0.9541329145431519,0.9134122729301453,,
NDM5_258_5,0.5949625372886658,0.9301251173019409,0.9076914191246033,,
NDM5_258_6,0.8059790730476379,0.9537636637687683,0.9186705946922302,,
NDM5_2590,0.7535622119903564,0.9508330821990967,0.9133127331733704,,
NDM5_2590_2,0.7535622119903564,0.9508330821990967,0.9133127331733704,,
NDM5_2590_3,0.8289916515350342,0.955337643623352,0.9150104522705078,,
NDM5_2590_4,0.8073232769966125,0.9531722664833069,0.9179165959358215,,
NDM5_2591,0.5302565097808838,0.937374472618103,0.9179169535636902,,
NDM5_2592,0.7987924218177795,0.9567803740501404,0.9120727181434631,,
NDM5_2592_2,0.7987924218177795,0.9567803740501404,0.9120727181434631,,
NDM5_2592_3,0.800229012966156,0.9602453112602234,0.9115585684776306,,
NDM5_2592_4,0.785074770450592,0.9546980261802673,0.9129980206489563,,
NDM5_2594,0.557776689529419,0.9297734498977661,0.9185728430747986,,
NDM5_2594_2,0.557776689529419,0.9297734498977661,0.9185728430747986,,
NDM5_2594_3,0.8226693272590637,0.9597758650779724,0.9228410720825195,,
NDM5_2594_4,0.6995423436164856,0.9350088834762573,0.9127851128578186,,
NDM5_2595,0.6994609832763672,0.946963906288147,0.9110631942749023,,
NDM5_2597,0.5612480044364929,0.9455406069755554,0.9011894464492798,,
NDM5_259_3,0.2387627810239792,0.8400643467903137,0.9196696877479553,,
NDM5_25_1,0.3744674026966095,0.919082760810852,0.9196673631668091,,
NDM5_25_4,0.4270768165588379,0.9260788559913635,0.9113545417785645,,
NDM5_2600,0.551581859588623,0.9227518439292908,0.908937394618988,,
NDM5_2600_2,0.551581859588623,0.9227518439292908,0.908937394618988,,
NDM5_2600_3,0.5411916375160217,0.9185415506362915,0.9065195322036743,,
NDM5_2600_4,0.5720657110214233,0.9293386340141296,0.89973384141922,,
NDM5_2601,0.7020983695983887,0.9440814256668091,0.9356215000152588,,
NDM5_260_2,0.19444189965724945,0.8425800800323486,0.9148663282394409,,
NDM5_260_5,0.3329336941242218,0.8622309565544128,0.9240013957023621,,
NDM5_260_6,0.2126830518245697,0.8469573855400085,0.9056432843208313,,
NDM5_260_7,0.5116786956787109,0.8769563436508179,0.8619901537895203,,
NDM5_260_8,0.22956660389900208,0.8500199317932129,0.8959262371063232,,
NDM5_2610,0.3734152913093567,0.814699113368988,0.8480834364891052,,
NDM5_2613,0.2520122826099396,0.8642665147781372,0.9211153984069824,,
NDM5_261_4,0.8398199677467346,0.9562742710113525,0.9195883870124817,,
NDM5_2623,0.8139265179634094,0.9547716379165649,0.9075080156326294,,
NDM5_2624,0.5166811347007751,0.9243089556694031,0.8973343968391418,,
NDM5_2624_2,0.5166811347007751,0.9243089556694031,0.8973343968391418,,
NDM5_2624_3,0.6708508133888245,0.9344209432601929,0.8958024382591248,,
NDM5_2624_4,0.5428025722503662,0.9223453402519226,0.8952279090881348,,
NDM5_2629,0.5212883949279785,0.9222820997238159,0.9320647120475769,,
NDM5_262_3,0.2703019678592682,0.8704974055290222,0.8846856355667114,,
NDM5_262_5,0.7086802124977112,0.926897406578064,0.9316495060920715,,
NDM5_262_7,0.2705814838409424,0.8355125188827515,0.8728042840957642,,
NDM5_2630,0.6913626194000244,0.9430016875267029,0.9317113161087036,,
NDM5_2632,0.8409318327903748,0.9617946147918701,0.9196307063102722,,
NDM5_2634,0.6834379434585571,0.9512472152709961,0.9223840832710266,,
NDM5_2637,0.5490731000900269,0.9465736150741577,0.9184141755104065,,
NDM5_2638,0.757942259311676,0.9534293413162231,0.9271339178085327,,
NDM5_2639,0.5262592434883118,0.936349093914032,0.9358952641487122,,
NDM5_263_3,0.7414540648460388,0.9398252367973328,0.9077454209327698,,
NDM5_2641,0.6718515753746033,0.9359137415885925,0.9083786606788635,,
NDM5_2646,0.7003828287124634,0.9439001679420471,0.9057826995849609,,
NDM5_264_1,0.7091546654701233,0.9286814332008362,0.8923655152320862,,
NDM5_264_4,0.6353410482406616,0.9143540263175964,0.86678147315979,,
NDM5_264_6,0.7848972082138062,0.9417048692703247,0.8746076226234436,,
NDM5_2650,0.5477282404899597,0.9120231866836548,0.8987753987312317,,
NDM5_2651,0.41186121106147766,0.9054262042045593,0.9120379090309143,,
NDM5_2652,0.6844242215156555,0.9417280554771423,0.9163768291473389,,
NDM5_2653,0.6788043975830078,0.9454766511917114,0.9071475267410278,,
NDM5_2654,0.6796410083770752,0.9372748136520386,0.9088799953460693,,
NDM5_2656,0.7266881465911865,0.9352229237556458,0.9143392443656921,,
NDM5_2656_2,0.7266881465911865,0.9352229237556458,0.9143392443656921,,
NDM5_2656_3,0.786758303642273,0.9524336457252502,0.9126865863800049,,
NDM5_2656_4,0.7397392988204956,0.9507097005844116,0.9097571969032288,,
NDM5_2658,0.6472042202949524,0.936185359954834,0.9056698679924011,,
NDM5_2659,0.6472054719924927,0.9447800517082214,0.9034037590026855,,
NDM5_265_3,0.16003157198429108,0.8621054887771606,0.8954798579216003,,
NDM5_2664,0.30686771869659424,0.8808763027191162,0.9238938689231873,,
NDM5_2667,0.3093651831150055,0.8775005340576172,0.8708932995796204,,
NDM5_2667_2,0.3093651831150055,0.8775005340576172,0.8708932995796204,,
NDM5_2667_3,0.4335922598838806,0.8955771923065186,0.8711848855018616,,
NDM5_2667_4,0.3417181372642517,0.8751317262649536,0.8727617859840393,,
NDM5_266_4,0.8286235928535461,0.9559808969497681,0.9260756969451904,,
NDM5_2673,0.6739346385002136,0.9383969306945801,0.9132813215255737,,
NDM5_2679,0.5187620520591736,0.9201523065567017,0.9195265173912048,,
NDM5_2679_2,0.5187620520591736,0.9201523065567017,0.9195265173912048,,
NDM5_2679_3,0.7319942712783813,0.9417194128036499,0.9204121232032776,,
NDM5_2679_4,0.8242977857589722,0.9518994092941284,0.9240270853042603,,
NDM5_267_5,0.5632960796356201,0.9227245450019836,0.9188423752784729,,
NDM5_267_6,0.30416926741600037,0.9059397578239441,0.8992355465888977,,
NDM5_2681,0.7587825655937195,0.9360722303390503,0.8841567039489746,,
NDM5_2681_2,0.7587825655937195,0.9360722303390503,0.8841567039489746,,
NDM5_2681_3,0.7201423645019531,0.9277402758598328,0.873953640460968,,
NDM5_2681_4,0.5144850611686707,0.9022195935249329,0.8630555868148804,,
NDM5_2685,0.27062734961509705,0.8636592626571655,0.9149181246757507,,
NDM5_268_2,0.6602401733398438,0.9074114561080933,0.9082879424095154,,
NDM5_268_9,0.29518622159957886,0.8983542919158936,0.92354416847229,,
NDM5_2692,0.6556460857391357,0.9010089039802551,0.8815882205963135,,
NDM5_2692_2,0.6556460857391357,0.9010089039802551,0.8815882205963135,,
NDM5_2692_3,0.7621971368789673,0.9304789900779724,0.8920366168022156,,
NDM5_2692_4,0.9091935753822327,0.9507642388343811,0.9027466177940369,,
NDM5_2696,0.44043663144111633,0.8604682683944702,0.8590267896652222,,
NDM5_270_3,0.4852747619152069,0.9063287973403931,0.9003357291221619,,
NDM5_270_4,0.5464257001876831,0.8915475606918335,0.899188220500946,,
NDM5_270_6,0.4708595275878906,0.9127501249313354,0.8980776071548462,,
NDM5_2710,0.5972728729248047,0.8973682522773743,0.8611908555030823,,
NDM5_2714,0.525478720664978,0.8832548260688782,0.8766446709632874,,
NDM5_2714_2,0.525478720664978,0.8832548260688782,0.8766446709632874,,
NDM5_2714_3,0.6069201827049255,0.8986449241638184,0.8588435649871826,,
NDM5_2714_4,0.6712201237678528,0.9136345982551575,0.8552769422531128,,
NDM5_271_5,0.4837268590927124,0.9093868732452393,0.8915836215019226,,
NDM5_2726,0.6882432699203491,0.9277236461639404,0.8729199171066284,,
NDM5_2729,0.8557847738265991,0.9505742192268372,0.8943151831626892,,
NDM5_272_0,0.7133792042732239,0.9227281808853149,0.9104688763618469,,
NDM5_272_1,0.2699638903141022,0.8650457859039307,0.9155490398406982,,
NDM5_272_7,0.5040767788887024,0.8964038491249084,0.9096652269363403,,
NDM5_272_9,0.5296906232833862,0.8932144045829773,0.9328280091285706,,
NDM5_2731,0.2709192633628845,0.8508504629135132,0.8591026663780212,,
NDM5_2736,0.5406079292297363,0.8891527652740479,0.9024538397789001,,
NDM5_2737,0.693688154220581,0.915074348449707,0.8975885510444641,,
NDM5_2738,0.18918293714523315,0.8425592184066772,0.9053552150726318,,
NDM5_2741,0.5773771405220032,0.9152726531028748,0.9113375544548035,,
NDM5_2742,0.6019025444984436,0.9311959147453308,0.9307824373245239,,
NDM5_2743,0.7326579689979553,0.9494402408599854,0.9070213437080383,,
NDM5_2746,0.6613249182701111,0.8917922973632812,0.920508086681366,,
NDM5_2747,0.6429092288017273,0.9472431540489197,0.9137502908706665,,
NDM5_2747_2,0.6429092288017273,0.9472431540489197,0.9137502908706665,,
NDM5_2747_3,0.6314268708229065,0.9446640610694885,0.9243080019950867,,
NDM5_2747_4,0.5928949117660522,0.9413120150566101,0.9236517548561096,,
NDM5_2748,0.752414345741272,0.9446504712104797,0.9424279928207397,,
NDM5_2754,0.1529950648546219,0.8420053124427795,0.8874220252037048,,
NDM5_275_5,0.5011084079742432,0.8976426720619202,0.9131214022636414,,
NDM5_275_6,0.24918588995933533,0.880194902420044,0.9115307927131653,,
NDM5_2767,0.19056850671768188,0.8620103001594543,0.8937398791313171,,
NDM5_2767_2,0.19056850671768188,0.8620103001594543,0.8937398791313171,,
NDM5_2767_3,0.20897889137268066,0.8611865639686584,0.9033766984939575,,
NDM5_2767_4,0.19157058000564575,0.863752007484436,0.9039950370788574,,
NDM5_2779,0.37927109003067017,0.8774845004081726,0.877837061882019,,
NDM5_2779_2,0.37927109003067017,0.8774845004081726,0.877837061882019,,
NDM5_2779_3,0.37214282155036926,0.8573507070541382,0.8684589266777039,,
NDM5_2779_4,0.4511493444442749,0.8773604035377502,0.8850104808807373,,
NDM5_2781,0.6173416376113892,0.9456799030303955,0.9186848998069763,,
NDM5_2781_2,0.6173416376113892,0.9456799030303955,0.9186848998069763,,
NDM5_2781_3,0.5721135139465332,0.9446622133255005,0.9197952747344971,,
NDM5_2781_4,0.8122735023498535,0.9613097310066223,0.9179990291595459,,
NDM5_2782,0.6414408087730408,0.9522196054458618,0.9257391095161438,,
NDM5_2783,0.7694443464279175,0.9587250351905823,0.913104236125946,,
NDM5_2786,0.7810952067375183,0.9565731883049011,0.9181506037712097,,
NDM5_2789,0.43855005502700806,0.9135013222694397,0.9294415712356567,,
NDM5_2791,0.34955617785453796,0.8908957839012146,0.9014149904251099,,
NDM5_2794,0.6014831066131592,0.9313353896141052,0.9103599190711975,,
NDM5_2796,0.371401309967041,0.8966429829597473,0.8900266885757446,,
NDM5_2796_2,0.371401309967041,0.8966429829597473,0.8900266885757446,,
NDM5_2796_3,0.5279269814491272,0.9156367778778076,0.8843972682952881,,
NDM5_2796_4,0.4201027750968933,0.8855751156806946,0.8765764832496643,,
NDM5_2798,0.43376702070236206,0.9001622796058655,0.8829573392868042,,
NDM5_2799,0.47621452808380127,0.9173197746276855,0.9351778030395508,,
NDM5_2801,0.5315036177635193,0.9228494167327881,0.9141994714736938,,
NDM5_2802,0.6872077584266663,0.9528664946556091,0.9379535913467407,,
NDM5_2803,0.4957329332828522,0.9278052449226379,0.9058717489242554,,
NDM5_2804,0.8393406867980957,0.9581966400146484,0.9178212285041809,,
NDM5_2806,0.5523180961608887,0.9158092141151428,0.9115753769874573,,
NDM5_2807,0.5475894212722778,0.937163233757019,0.9071792364120483,,
NDM5_2807_2,0.5475894212722778,0.937163233757019,0.9071792364120483,,
NDM5_2807_3,0.6183604001998901,0.9360079765319824,0.9065600633621216,,
NDM5_2807_4,0.7295429110527039,0.9519678950309753,0.905205249786377,,
NDM5_2809,0.5393593311309814,0.9398281574249268,0.9189607501029968,,
NDM5_280_3,0.3122135102748871,0.8958038687705994,0.9177567958831787,,
NDM5_2811,0.719818651676178,0.9427210688591003,0.917767345905304,,
NDM5_2814,0.4929570257663727,0.9193106293678284,0.9036514163017273,,
NDM5_2817,0.6405116319656372,0.9314883947372437,0.9017597436904907,,
NDM5_2818,0.7218417525291443,0.9511296153068542,0.911384642124176,,
NDM5_281_4,0.4968433678150177,0.9338080286979675,0.9228134155273438,,
NDM5_2828,0.5716991424560547,0.8998607993125916,0.882188081741333,,
NDM5_282_5,0.471157044172287,0.9115188121795654,0.9186810851097107,,
NDM5_282_9,0.4751526117324829,0.9012424945831299,0.9170666337013245,,
NDM5_2833,0.7483662962913513,0.9227359890937805,0.9106705188751221,,
NDM5_2839,0.6372737884521484,0.9364027976989746,0.9082061648368835,,
NDM5_2841,0.5017184019088745,0.8836703896522522,0.9086402654647827,,
NDM5_2842,0.6191191077232361,0.918542742729187,0.906993567943573,,
NDM5_2844,0.5014937520027161,0.924656093120575,0.9116800427436829,,
NDM5_2845,0.6031485795974731,0.9385631084442139,0.8934669494628906,,
NDM5_2846,0.5973971486091614,0.9385694265365601,0.9182249903678894,,
NDM5_2849,0.661251425743103,0.9450457096099854,0.8864851593971252,,
NDM5_284_6,0.5176036953926086,0.9114153981208801,0.9215148687362671,,
NDM5_2852,0.5268012881278992,0.8901407122612,0.8632554411888123,,
NDM5_2852_2,0.5268012881278992,0.8901407122612,0.8632554411888123,,
NDM5_2852_3,0.46246495842933655,0.8733224272727966,0.8577280640602112,,
NDM5_2852_4,0.44424426555633545,0.8779820799827576,0.8540720343589783,,
NDM5_285_2,0.3840975761413574,0.9158095717430115,0.9004249572753906,,
NDM5_285_3,0.7311686277389526,0.9340909719467163,0.9124346375465393,,
NDM5_2860,0.5104426145553589,0.9044416546821594,0.8933180570602417,,
NDM5_2860_2,0.5104426145553589,0.9044416546821594,0.8933180570602417,,
NDM5_2860_3,0.6053597331047058,0.9122270345687866,0.8830586671829224,,
NDM5_2860_4,0.38548141717910767,0.8713893294334412,0.888802707195282,,
NDM5_286_1,0.6510408520698547,0.9377730488777161,0.9132618308067322,,
NDM5_286_3,0.49431028962135315,0.9312793612480164,0.924096405506134,,
NDM5_286_4,0.43706202507019043,0.9179104566574097,0.931370735168457,,
NDM5_286_8,0.4299950897693634,0.9302768707275391,0.9197233319282532,,
NDM5_286_9,0.5755048990249634,0.9396411776542664,0.9474546909332275,,
NDM5_2874,0.7666833400726318,0.9483581781387329,0.8999269008636475,,
NDM5_2875,0.7385128140449524,0.9454855918884277,0.9151765704154968,,
NDM5_2876,0.3900410234928131,0.9125684499740601,0.9024470448493958,,
NDM5_2886,0.2945416271686554,0.8577787280082703,0.87418532371521,,
NDM5_288_1,0.5660725235939026,0.9221251606941223,0.9070389270782471,,
NDM5_288_5,0.5305130481719971,0.9106541872024536,0.8745417594909668,,
NDM5_288_6,0.5307449102401733,0.8885787129402161,0.8959379196166992,,
NDM5_2898,0.345325767993927,0.838307797908783,0.8697620034217834,,
NDM5_2898_2,0.345325767993927,0.838307797908783,0.8697620034217834,,
NDM5_2898_3,0.5293923616409302,0.8876279592514038,0.8711773753166199,,
NDM5_2898_4,0.3317667841911316,0.8603374361991882,0.8629193902015686,,
NDM5_289_1,0.2907581031322479,0.8660964965820312,0.8797450661659241,,
NDM5_289_4,0.45652613043785095,0.889492392539978,0.9003360867500305,,
NDM5_289_9,0.4766724407672882,0.8896663784980774,0.8801552057266235,,
NDM5_28_1,0.7964328527450562,0.952001690864563,0.9089581370353699,,
NDM5_28_4,0.6449255347251892,0.9350879192352295,0.9082773923873901,,
NDM5_28_8,0.6217522025108337,0.9339540004730225,0.9495752453804016,,
NDM5_2903,0.4500478208065033,0.9049579501152039,0.9153514504432678,,
NDM5_2907,0.41198912262916565,0.907039225101471,0.8765681385993958,,
NDM5_2908,0.6249369978904724,0.9259808659553528,0.9046403765678406,,
NDM5_2909,0.38811731338500977,0.9016449451446533,0.8871866464614868,,
NDM5_290_3,0.47854530811309814,0.8777587413787842,0.8980250358581543,,
NDM5_290_6,0.13474196195602417,0.8356761932373047,0.9049583673477173,,
NDM5_291_3,0.22331999242305756,0.8544362783432007,0.895996630191803,,
NDM5_291_6,0.28762489557266235,0.8642805218696594,0.8804693818092346,,
NDM5_2920,0.4687231183052063,0.9157963991165161,0.913777232170105,,
NDM5_2922,0.6541452407836914,0.9346380829811096,0.9217789173126221,,
NDM5_2924,0.6253675818443298,0.9497993588447571,0.9162518382072449,,
NDM5_2926,0.7996838688850403,0.9568200707435608,0.9121388792991638,,
NDM5_2927,0.702696681022644,0.9500646591186523,0.9203255772590637,,
NDM5_2928,0.5130671262741089,0.9027408957481384,0.9221591949462891,,
NDM5_2929,0.528839647769928,0.9379616975784302,0.9210972189903259,,
NDM5_2931,0.7083513736724854,0.9407734274864197,0.898594319820404,,
NDM5_2934,0.6597804427146912,0.9300922155380249,0.9003297686576843,,
NDM5_293_2,0.7394177317619324,0.9489378929138184,0.9137354493141174,,
NDM5_293_4,0.4942450225353241,0.923585057258606,0.928841769695282,,
NDM5_293_5,0.7275481224060059,0.9507760405540466,0.9173328280448914,,
NDM5_2941,0.09970387816429138,0.8346537351608276,0.9343888759613037,,
NDM5_294_0,0.37780874967575073,0.880047082901001,0.8661848306655884,,
NDM5_294_5,0.2933617830276489,0.8644314408302307,0.8766385912895203,,
NDM5_294_8,0.6781314015388489,0.9228009581565857,0.8755810260772705,,
NDM5_295_9,0.3822929263114929,0.8707239031791687,0.8786298036575317,,
NDM5_2961,0.7814703583717346,0.9510855078697205,0.915678083896637,,
NDM5_2963,0.6173165440559387,0.9434648156166077,0.9130856990814209,,
NDM5_2964,0.6409096121788025,0.9383550882339478,0.8966870307922363,,
NDM5_2965,0.7329424619674683,0.9545449614524841,0.9198089241981506,,
NDM5_2965_2,0.7329424619674683,0.9545449614524841,0.9198089241981506,,
NDM5_2965_3,0.6274784803390503,0.9310075640678406,0.9191408157348633,,
NDM5_2965_4,0.7542732357978821,0.955572247505188,0.912695050239563,,
NDM5_2968,0.737958550453186,0.9352042078971863,0.8946406841278076,,
NDM5_296_0,0.49133968353271484,0.916918933391571,0.9102848768234253,,
NDM5_296_2,0.6781717538833618,0.937625527381897,0.9050376415252686,,
NDM5_2970,0.7428532838821411,0.9407282471656799,0.8889490962028503,,
NDM5_297_6,0.5552510619163513,0.9079605937004089,0.8986082077026367,,
NDM5_2980,0.4394802153110504,0.853529155254364,0.8851407170295715,,
NDM5_2982,0.4705604016780853,0.9034491777420044,0.882645845413208,,
NDM5_2984,0.7635816335678101,0.9441432356834412,0.8908500075340271,,
NDM5_298_6,0.41973572969436646,0.9123969674110413,0.8965308666229248,,
NDM5_2991,0.8649853467941284,0.9696704149246216,0.9343773126602173,,
NDM5_2991_2,0.8649853467941284,0.9696704149246216,0.9343773126602173,,
NDM5_2991_3,0.6595549583435059,0.9496113657951355,0.9353593587875366,,
NDM5_2991_4,0.6581274271011353,0.9468687772750854,0.9317711591720581,,
NDM5_2993,0.6838029026985168,0.9402559995651245,0.9288451671600342,,
NDM5_2998,0.6532350182533264,0.9337790608406067,0.9176546335220337,,
NDM5_2999,0.7725635170936584,0.9556315541267395,0.9237233996391296,,
NDM5_2_8,0.578893780708313,0.928189754486084,0.9071519374847412,,
NDM5_3006,0.5199900269508362,0.9048134684562683,0.9007949829101562,,
NDM5_300_2,0.6694450974464417,0.9372168183326721,0.9212212562561035,,
NDM5_300_4,0.6481932401657104,0.9305353164672852,0.910848081111908,,
NDM5_300_9,0.7395257949829102,0.9386656880378723,0.9131113886833191,,
NDM5_301_3,0.8186503052711487,0.9651753306388855,0.932277500629425,,
NDM5_302_1,0.16436046361923218,0.8529019951820374,0.8812479376792908,,
NDM5_302_5,0.599484384059906,0.9160658717155457,0.8790819048881531,,
NDM5_3030,0.29076796770095825,0.9148313403129578,0.9168038368225098,,
NDM5_3032,0.7874921560287476,0.9482543468475342,0.9167873859405518,,
NDM5_3033,0.5559131503105164,0.9345463514328003,0.9058568477630615,,
NDM5_3034,0.5260134935379028,0.9335482120513916,0.9122262001037598,,
NDM5_3035,0.6775290369987488,0.9418914914131165,0.8970645070075989,,
NDM5_3036,0.597215473651886,0.9332546591758728,0.9223287105560303,,
NDM5_3038,0.793197751045227,0.9510841965675354,0.9055882692337036,,
NDM5_3038_2,0.793197751045227,0.9510841965675354,0.9055882692337036,,
NDM5_3038_3,0.6487868428230286,0.9377180337905884,0.8995604515075684,,
NDM5_3038_4,0.5710432529449463,0.9256455302238464,0.9031509160995483,,
NDM5_3042,0.2797216475009918,0.8580343127250671,0.880491316318512,,
NDM5_3046,0.4870958924293518,0.8868440985679626,0.9158897995948792,,
NDM5_304_1,0.39303717017173767,0.8691818714141846,0.8814220428466797,,
NDM5_304_4,0.4092848300933838,0.889390230178833,0.904029905796051,,
NDM5_304_5,0.7786654233932495,0.9329430460929871,0.8962866067886353,,
NDM5_304_7,0.43752601742744446,0.8925276398658752,0.8762909173965454,,
NDM5_3050,0.7207356095314026,0.9360125064849854,0.8730975985527039,,
NDM5_305_3,0.4171089828014374,0.8939732313156128,0.8943803310394287,,
NDM5_305_5,0.5654718279838562,0.9202519059181213,0.8971455693244934,,
NDM5_3061,0.7708965539932251,0.9217981100082397,0.9203932881355286,,
NDM5_3062,0.8131521940231323,0.9590482115745544,0.9361709356307983,,
NDM5_3064,0.6316362619400024,0.9374498128890991,0.9105843901634216,,
NDM5_3065,0.8793176412582397,0.9609750509262085,0.9202662110328674,,
NDM5_3067,0.5622034668922424,0.9135655164718628,0.9131878614425659,,
NDM5_3069,0.7929776906967163,0.9584186673164368,0.9046531915664673,,
NDM5_306_3,0.248799666762352,0.872786819934845,0.8913840055465698,,
NDM5_306_5,0.4353300929069519,0.896556556224823,0.884660542011261,,
NDM5_3072,0.8710756301879883,0.9573051929473877,0.870297908782959,,
NDM5_3076,0.6238086819648743,0.9148733019828796,0.8864047527313232,,
NDM5_307_2,0.7434438467025757,0.9451733827590942,0.9257987141609192,,
NDM5_3082,0.37843266129493713,0.8727246522903442,0.9296233057975769,,
NDM5_308_4,0.4695225954055786,0.881492018699646,0.889183521270752,,
NDM5_3093,0.4865590035915375,0.8802164196968079,0.8669777512550354,,
NDM5_3093_2,0.4865590035915375,0.8802164196968079,0.8669777512550354,,
NDM5_3093_3,0.5065764784812927,0.8976909518241882,0.8769389390945435,,
NDM5_3093_4,0.503047525882721,0.9018962383270264,0.874204158782959,,
NDM5_309_6,0.3270571231842041,0.8842878937721252,0.9241183400154114,,
NDM5_3101,0.6506907939910889,0.9297189712524414,0.9202516078948975,,
NDM5_3103,0.7241656184196472,0.9430240988731384,0.886376678943634,,
NDM5_3104,0.7378746867179871,0.9360306262969971,0.9052295088768005,,
NDM5_3105,0.7947902679443359,0.9592137932777405,0.9098566770553589,,
NDM5_3106,0.6172557473182678,0.9391105771064758,0.8951163291931152,,
NDM5_3107,0.7962254285812378,0.952038586139679,0.9237614870071411,,
NDM5_3108,0.7317549586296082,0.947777271270752,0.940142810344696,,
NDM5_310_2,0.44078028202056885,0.9022500514984131,0.9134541153907776,,
NDM5_310_3,0.5517103672027588,0.9323967099189758,0.9120332598686218,,
NDM5_3115,0.7840031385421753,0.9300773739814758,0.9077861905097961,,
NDM5_3117,0.45263686776161194,0.8654338121414185,0.8622167110443115,,
NDM5_3120,0.7895965576171875,0.9523254632949829,0.8927482962608337,,
NDM5_3120_2,0.7895965576171875,0.9523254632949829,0.8927482962608337,,
NDM5_3120_3,0.5679542422294617,0.9107178449630737,0.8981420993804932,,
NDM5_3120_4,0.6061212420463562,0.920056939125061,0.9042239189147949,,
NDM5_3123,0.5292223691940308,0.8838532567024231,0.9001907110214233,,
NDM5_3125,0.6771580576896667,0.9333326816558838,0.9234688878059387,,
NDM5_3130,0.5046520233154297,0.9133696556091309,0.9075071811676025,,
NDM5_3131,0.4057140052318573,0.8853136897087097,0.8898473381996155,,
NDM5_313_0,0.7852667570114136,0.9295184016227722,0.8935772776603699,,
NDM5_313_2,0.9102419018745422,0.9488758444786072,0.9132463932037354,,
NDM5_313_3,0.6462001204490662,0.9295606017112732,0.9042162299156189,,
NDM5_313_6,0.5678812265396118,0.9172196984291077,0.8999902009963989,,
NDM5_3149,0.849781334400177,0.956292450428009,0.9160710573196411,,
NDM5_3149_2,0.849781334400177,0.956292450428009,0.9160710573196411,,
NDM5_3149_3,0.6676585078239441,0.927096962928772,0.9035786986351013,,
NDM5_3149_4,0.8259372115135193,0.9523511528968811,0.8918517827987671,,
NDM5_314_2,0.5282874703407288,0.9253802299499512,0.927193820476532,,
NDM5_314_4,0.6627593636512756,0.9401171207427979,0.9349415302276611,,
NDM5_314_9,0.6911745667457581,0.9489966630935669,0.9210454225540161,,
NDM5_3156,0.40706866979599,0.8398449420928955,0.8796510696411133,,
NDM5_3156_2,0.40706866979599,0.8398449420928955,0.8796510696411133,,
NDM5_3156_3,0.5620574355125427,0.9162256121635437,0.8925507664680481,,
NDM5_3156_4,0.49369582533836365,0.9019497036933899,0.8935129642486572,,
NDM5_3160,0.2473699003458023,0.8693351745605469,0.8851187229156494,,
NDM5_3161,0.5895896553993225,0.918584406375885,0.8875197768211365,,
NDM5_316_5,0.13943110406398773,0.8362267017364502,0.8874967098236084,,
NDM5_316_8,0.6090271472930908,0.8989576697349548,0.8965569138526917,,
NDM5_3170,0.4590836465358734,0.9102299809455872,0.9008775353431702,,
NDM5_3173,0.833611786365509,0.9589208960533142,0.9107443690299988,,
NDM5_3174,0.3065422475337982,0.9082138538360596,0.9157681465148926,,
NDM5_3175,0.5646612644195557,0.9364211559295654,0.9108566641807556,,
NDM5_3177,0.5598291754722595,0.9373348951339722,0.9129575490951538,,
NDM5_3177_2,0.5598291754722595,0.9373348951339722,0.9129575490951538,,
NDM5_3177_3,0.38180428743362427,0.9157267808914185,0.9101155996322632,,
NDM5_3177_4,0.5201331973075867,0.9322172999382019,0.909049391746521,,
NDM5_3178,0.7842709422111511,0.9481907486915588,0.8943256735801697,,
NDM5_317_0,0.8421649932861328,0.9345840215682983,0.9252727031707764,,
NDM5_317_1,0.680235743522644,0.903745174407959,0.9130379557609558,,
NDM5_317_2,0.8608339428901672,0.9457931518554688,0.8745680451393127,,
NDM5_317_5,0.8495415449142456,0.9448572397232056,0.9401825070381165,,
NDM5_3184,0.36030805110931396,0.8641109466552734,0.8599576354026794,,
NDM5_3190,0.7286649942398071,0.9445149302482605,0.9047987461090088,,
NDM5_319_1,0.3384212553501129,0.8517588376998901,0.8589884042739868,,
NDM5_31_0,0.5200157761573792,0.9225073456764221,0.9053659439086914,,
NDM5_31_2,0.3205414414405823,0.9071227312088013,0.9267416000366211,,
NDM5_31_4,0.6710506081581116,0.9296266436576843,0.908902108669281,,
NDM5_3201,0.4555233120918274,0.8822112083435059,0.9038491249084473,,
NDM5_3205,0.6522215008735657,0.9271876811981201,0.9038733243942261,,
NDM5_3210,0.5017725229263306,0.8919076919555664,0.8591774106025696,,
NDM5_3217,0.6609528064727783,0.9314588904380798,0.8776471018791199,,
NDM5_3217_2,0.6609528064727783,0.9314588904380798,0.8776471018791199,,
NDM5_3217_3,0.7889224886894226,0.9377018213272095,0.8735476136207581,,
NDM5_3217_4,0.5755881071090698,0.9170845150947571,0.8728513121604919,,
NDM5_3220,0.44723883271217346,0.924363374710083,0.9155448079109192,,
NDM5_3221,0.6404346823692322,0.9269366264343262,0.916508138179779,,
NDM5_3225,0.6323952674865723,0.9334529042243958,0.9283663034439087,,
NDM5_3227,0.755913257598877,0.9362279772758484,0.9209314584732056,,
NDM5_3233,0.6878170371055603,0.9268047213554382,0.8750513792037964,,
NDM5_323_2,0.492037832736969,0.8514101505279541,0.8671244382858276,,
NDM5_323_3,0.24142464995384216,0.8107433915138245,0.8711798787117004,,
NDM5_3244,0.6842932105064392,0.9249618053436279,0.8678513765335083,,
NDM5_3246,0.4921804368495941,0.9045717716217041,0.8917555809020996,,
NDM5_3248,0.48802658915519714,0.9039135575294495,0.8940932154655457,,
NDM5_324_8,0.572605550289154,0.8999729156494141,0.9249683022499084,,
NDM5_325_1,0.3363948166370392,0.8587612509727478,0.9020479321479797,,
NDM5_325_3,0.6760565638542175,0.9056301116943359,0.9008758664131165,,
NDM5_325_7,0.4562726616859436,0.8271976709365845,0.8949329853057861,,
NDM5_3262,0.5215686559677124,0.8974927067756653,0.8861151933670044,,
NDM5_3269,0.4654107093811035,0.8754864931106567,0.8725858926773071,,
NDM5_326_2,0.5471997261047363,0.9235653281211853,0.911149263381958,,
NDM5_326_7,0.6486077904701233,0.9294022917747498,0.908703088760376,,
NDM5_3276,0.8188852071762085,0.9112104177474976,0.9283349514007568,,
NDM5_327_2,0.40766310691833496,0.8705021142959595,0.8797706365585327,,
NDM5_327_6,0.20887471735477448,0.8435368537902832,0.8931593298912048,,
NDM5_3282,0.6807535886764526,0.9395139813423157,0.8741734027862549,,
NDM5_328_0,0.6533091068267822,0.9227319359779358,0.8702105283737183,,
NDM5_328_1,0.4229668080806732,0.8846480846405029,0.8938989639282227,,
NDM5_328_2,0.7508838772773743,0.9132537841796875,0.9100697040557861,,
NDM5_328_9,0.16180995106697083,0.8537555932998657,0.8873597383499146,,
NDM5_3293,0.561689019203186,0.9119170308113098,0.8691057562828064,,
NDM5_32_2,0.7203657031059265,0.9192123413085938,0.8656479120254517,,
NDM5_32_4,0.352110356092453,0.8503468632698059,0.9010604619979858,,
NDM5_32_6,0.8644855618476868,0.9528700709342957,0.8720296621322632,,
NDM5_3309,0.4342634677886963,0.8766824007034302,0.8739035129547119,,
NDM5_330_1,0.7462703585624695,0.939161479473114,0.9174712896347046,,
NDM5_330_6,0.33408883213996887,0.9017372727394104,0.9108620882034302,,
NDM5_3311,0.6948370933532715,0.9402894377708435,0.9064791202545166,,
NDM5_3315,0.5987244844436646,0.9275010228157043,0.9096421003341675,,
NDM5_3318,0.7032425403594971,0.9458410739898682,0.9116673469543457,,
NDM5_3319,0.7179281115531921,0.9492390751838684,0.9163920879364014,,
NDM5_331_0,0.6793729662895203,0.9315642714500427,0.8977478742599487,,
NDM5_331_4,0.6238244771957397,0.917839765548706,0.9319644570350647,,
NDM5_331_7,0.24923375248908997,0.8853475451469421,0.917385995388031,,
NDM5_331_8,0.32238441705703735,0.891792356967926,0.9137089252471924,,
NDM5_3320,0.7226940393447876,0.9479272961616516,0.9031946063041687,,
NDM5_3321,0.655407190322876,0.9319952130317688,0.907539963722229,,
NDM5_3322,0.6907874345779419,0.9528214335441589,0.9121428728103638,,
NDM5_3323,0.6925461292266846,0.9501804709434509,0.9186533689498901,,
NDM5_3325,0.6756600737571716,0.9476701021194458,0.9251952767372131,,
NDM5_3327,0.694507896900177,0.9476884007453918,0.9196673035621643,,
NDM5_3328,0.7455658912658691,0.9440233111381531,0.905829906463623,,
NDM5_3329,0.7560480237007141,0.9537426829338074,0.9236367344856262,,
NDM5_332_1,0.6332393884658813,0.9315913915634155,0.9106906056404114,,
NDM5_3332,0.8566203713417053,0.9583325386047363,0.8891186714172363,,
NDM5_3334,0.6354864835739136,0.8971537351608276,0.9059370160102844,,
NDM5_3335,0.7212309837341309,0.9321045875549316,0.9060318470001221,,
NDM5_3336,0.5391137599945068,0.9216843247413635,0.9290345311164856,,
NDM5_3337,0.728754997253418,0.9488899111747742,0.9049405455589294,,
NDM5_3337_2,0.728754997253418,0.9488899111747742,0.9049405455589294,,
NDM5_3337_3,0.6339127421379089,0.9422594308853149,0.9288672208786011,,
NDM5_3337_4,0.6248724460601807,0.9439457058906555,0.9272769093513489,,
NDM5_333_0,0.4428829550743103,0.8748826384544373,0.9084439277648926,,
NDM5_333_2,0.2710404694080353,0.8506999015808105,0.9064352512359619,,
NDM5_3342_2,0.2791558802127838,0.848994791507721,0.9095169901847839,,
NDM5_3342_3,0.6613552570343018,0.9025157690048218,0.903037965297699,,
NDM5_3342_4,0.5764504671096802,0.8825494050979614,0.9168888926506042,,
NDM5_3358,0.4009288251399994,0.9053819179534912,0.8761106133460999,,
NDM5_3362,0.4553716778755188,0.9095847010612488,0.8852051496505737,,
NDM5_3362_2,0.4553716778755188,0.9095847010612488,0.8852051496505737,,
NDM5_3362_3,0.6161894202232361,0.9250352382659912,0.8903118968009949,,
NDM5_3362_4,0.4899991452693939,0.9119232892990112,0.8866758942604065,,
NDM5_3366,0.4233258068561554,0.8921819925308228,0.8622772097587585,,
NDM5_336_5,0.514241099357605,0.8916589021682739,0.8823491930961609,,
NDM5_3372,0.49172621965408325,0.8851498961448669,0.8579702973365784,,
NDM5_3375,0.481036514043808,0.8896319270133972,0.8806319236755371,,
NDM5_337_0,0.6884039640426636,0.9264165759086609,0.910780668258667,,
NDM5_3384,0.5002591013908386,0.8955236077308655,0.8880341053009033,,
NDM5_3388,0.7693399786949158,0.9367770552635193,0.9155924320220947,,
NDM5_3393,0.5319168567657471,0.9174352884292603,0.8967873454093933,,
NDM5_3394,0.42613545060157776,0.9172843098640442,0.89223313331604,,
NDM5_3395,0.6440494656562805,0.9408730268478394,0.9221165180206299,,
NDM5_3398,0.5936862826347351,0.9354794025421143,0.8973404765129089,,
NDM5_3399,0.7593225836753845,0.9352198243141174,0.9099423885345459,,
NDM5_339_3,0.5904151201248169,0.9358953237533569,0.9210612773895264,,
NDM5_33_0,0.6317313313484192,0.9293089509010315,0.9201022982597351,,
NDM5_33_1,0.31025609374046326,0.8861435055732727,0.9100998640060425,,
NDM5_33_2,0.5756915807723999,0.9294837117195129,0.9180929064750671,,
NDM5_33_4,0.6398484110832214,0.9328456521034241,0.9284753203392029,,
NDM5_3401,0.35757365822792053,0.8504942655563354,0.8606695532798767,,
NDM5_3402,0.6407152414321899,0.9095357060432434,0.8917727470397949,,
NDM5_3404,0.7340574860572815,0.9206438660621643,0.8480395078659058,,
NDM5_3404_2,0.7340574860572815,0.9206438660621643,0.8480395078659058,,
NDM5_3404_3,0.49213337898254395,0.876613199710846,0.85696941614151,,
NDM5_3404_4,0.5787814259529114,0.9025363922119141,0.8720886707305908,,
NDM5_3408,0.44332006573677063,0.8526952862739563,0.9340754151344299,,
NDM5_3417,0.15368644893169403,0.7480872273445129,0.8285291194915771,,
NDM5_341_4,0.8880200982093811,0.9610775113105774,0.96067875623703,,
NDM5_3423,0.48906174302101135,0.8994089365005493,0.8839579224586487,,
NDM5_342_1,0.8085812330245972,0.9440892934799194,0.8891248106956482,,
NDM5_342_2,0.6282858848571777,0.9009599685668945,0.8790488243103027,,
NDM5_342_4,0.5033485293388367,0.8948804140090942,0.8631932735443115,,
NDM5_3430,0.2734140455722809,0.8864412307739258,0.9301279783248901,,
NDM5_3431,0.5903539657592773,0.9108856916427612,0.8948361277580261,,
NDM5_3435,0.5038952231407166,0.9077848792076111,0.8955879211425781,,
NDM5_3440,0.2615458071231842,0.8333173394203186,0.8970380425453186,,
NDM5_3441,0.404380738735199,0.886760950088501,0.893404483795166,,
NDM5_3445,0.5139340758323669,0.8875061273574829,0.8966093063354492,,
NDM5_3448,0.7127660512924194,0.9354134202003479,0.8776383996009827,,
NDM5_3449,0.6186275482177734,0.9241003394126892,0.8856621384620667,,
NDM5_344_4,0.367752343416214,0.9213137030601501,0.9079248905181885,,
NDM5_3451,0.6848188638687134,0.9401599168777466,0.9225802421569824,,
NDM5_3452,0.6293206810951233,0.9335249662399292,0.9145419001579285,,
NDM5_3454,0.3656288683414459,0.9298045039176941,0.9170172214508057,,
NDM5_3455,0.6124338507652283,0.9458556175231934,0.9187791347503662,,
NDM5_3456,0.5785090327262878,0.9420788288116455,0.9164797067642212,,
NDM5_3456_2,0.5785090327262878,0.9420788288116455,0.9164797067642212,,
NDM5_3456_3,0.7874389290809631,0.9406757950782776,0.916877806186676,,
NDM5_3456_4,0.47122716903686523,0.9201666116714478,0.9161235094070435,,
NDM5_3458,0.6426070332527161,0.945069432258606,0.9160590767860413,,
NDM5_3459,0.48376747965812683,0.9345070123672485,0.924270749092102,,
NDM5_3460,0.5238212943077087,0.9291078448295593,0.911895751953125,,
NDM5_3461,0.4955108165740967,0.9313926696777344,0.9167262315750122,,
NDM5_3463,0.8664394021034241,0.9598942399024963,0.9160698652267456,,
NDM5_3468,0.6798408031463623,0.9480190873146057,0.9012988805770874,,
NDM5_3469,0.43571215867996216,0.9127177596092224,0.9131999611854553,,
NDM5_346_0,0.7189883589744568,0.9394065737724304,0.9110586047172546,,
NDM5_3474,0.7132803797721863,0.9551687240600586,0.940784752368927,,
NDM5_3476,0.6692354679107666,0.9205190539360046,0.9173679947853088,,
NDM5_3476_2,0.6692354679107666,0.9205190539360046,0.9173679947853088,,
NDM5_3476_3,0.7329321503639221,0.944852888584137,0.9186201691627502,,
NDM5_3476_4,0.5936986804008484,0.9344729781150818,0.9146512150764465,,
NDM5_3480,0.7614394426345825,0.9515762329101562,0.9084081649780273,,
NDM5_3481,0.6807383298873901,0.9392481446266174,0.9026273488998413,,
NDM5_3486,0.8021484613418579,0.9574228525161743,0.9198679327964783,,
NDM5_3486_2,0.8021484613418579,0.9574228525161743,0.9198679327964783,,
NDM5_3486_3,0.4683256447315216,0.908541202545166,0.9126285314559937,,
NDM5_3486_4,0.5173088312149048,0.9044013619422913,0.9135609269142151,,
NDM5_3489,0.7143858075141907,0.9440494775772095,0.9318118691444397,,
NDM5_349_0,0.3569389581680298,0.8927501440048218,0.9099690318107605,,
NDM5_349_3,0.46676960587501526,0.914722204208374,0.921526312828064,,
NDM5_34_1,0.3611804246902466,0.8856778144836426,0.8888249397277832,,
NDM5_34_2,0.3092975914478302,0.8851829767227173,0.8905696868896484,,
NDM5_34_3,0.49194350838661194,0.9107224345207214,0.9013627767562866,,
NDM5_34_7,0.37668946385383606,0.901449978351593,0.91145920753479,,
NDM5_34_8,0.3862268328666687,0.9013510346412659,0.9061107039451599,,
NDM5_34_9,0.7691631317138672,0.9388372302055359,0.9076763391494751,,
NDM5_3502,0.4675517678260803,0.8679066896438599,0.8744196891784668,,
NDM5_3520,0.4724699854850769,0.8735598921775818,0.8625526428222656,,
NDM5_3527,0.10268661379814148,0.8251612782478333,0.9040604829788208,,
NDM5_3528,0.4271325469017029,0.8674887418746948,0.9024718999862671,,
NDM5_3528_2,0.4271325469017029,0.8674887418746948,0.9024718999862671,,
NDM5_3528_3,0.14384035766124725,0.8258264064788818,0.9122291803359985,,
NDM5_3528_4,0.18442606925964355,0.8391189575195312,0.90468829870224,,
NDM5_353_0,0.15573139488697052,0.8322482109069824,0.9281241297721863,,
NDM5_353_8,0.631989061832428,0.9070000052452087,0.8734948039054871,,
NDM5_354_3,0.20916542410850525,0.8212332129478455,0.8744849562644958,,
NDM5_354_5,0.5988559722900391,0.8967688083648682,0.8933149576187134,,
NDM5_355_6,0.5109350085258484,0.9301514625549316,0.907263457775116,,
NDM5_3560,0.6210163235664368,0.9391143321990967,0.9092465043067932,,
NDM5_3561,0.6623640060424805,0.9438014030456543,0.9212612509727478,,
NDM5_3563,0.6098232865333557,0.9319643378257751,0.9195025563240051,,
NDM5_3566,0.6607053875923157,0.942410409450531,0.9145855903625488,,
NDM5_3566_2,0.6607053875923157,0.942410409450531,0.9145855903625488,,
NDM5_3566_3,0.8816484212875366,0.9580845832824707,0.935051679611206,,
NDM5_3566_4,0.895713210105896,0.9621387124061584,0.9178832769393921,,
NDM5_3572,0.4045078754425049,0.8794339895248413,0.8451476097106934,,
NDM5_3580,0.4963190257549286,0.916867733001709,0.8995082974433899,,
NDM5_3583,0.49347612261772156,0.9078781604766846,0.9023385047912598,,
NDM5_3583_2,0.49347612261772156,0.9078781604766846,0.9023385047912598,,
NDM5_3583_3,0.4942052662372589,0.913817286491394,0.9045273065567017,,
NDM5_3583_4,0.7188606858253479,0.9396765232086182,0.8982273936271667,,
NDM5_3584,0.6231825947761536,0.9339423179626465,0.9089918732643127,,
NDM5_3584_2,0.6231825947761536,0.9339423179626465,0.9089918732643127,,
NDM5_3584_3,0.5127257704734802,0.9122452735900879,0.9110575914382935,,
NDM5_3584_4,0.6434216499328613,0.9399771690368652,0.9114705324172974,,
NDM5_3585,0.5162960290908813,0.9060808420181274,0.9057759046554565,,
NDM5_3586,0.8799222111701965,0.9615712761878967,0.8744598031044006,,
NDM5_3588,0.5564186573028564,0.9192929267883301,0.8861129283905029,,
NDM5_358_0,0.707865297794342,0.9528276324272156,0.9240207076072693,,
NDM5_358_3,0.5026686787605286,0.9303476810455322,0.9227325320243835,,
NDM5_3590,0.5870117545127869,0.918411135673523,0.8822776675224304,,
NDM5_359_1,0.3330763280391693,0.8500593304634094,0.8560611605644226,,
NDM5_359_3,0.2667981684207916,0.8340592980384827,0.8746166229248047,,
NDM5_359_8,0.14626163244247437,0.8281746506690979,0.8834235668182373,,
NDM5_3600,0.6424648761749268,0.9183231592178345,0.8600742816925049,,
NDM5_3600_2,0.6424648761749268,0.9183231592178345,0.8600742816925049,,
NDM5_3600_3,0.44728145003318787,0.880948543548584,0.8549506068229675,,
NDM5_3600_4,0.3814586400985718,0.8455192446708679,0.853688657283783,,
NDM5_360_5,0.4166440963745117,0.8590395450592041,0.8843141794204712,,
NDM5_360_9,0.48838719725608826,0.9048474431037903,0.8985871076583862,,
NDM5_3631,0.7145989537239075,0.9451696872711182,0.9212644100189209,,
NDM5_3632,0.8901852369308472,0.965790867805481,0.9320189356803894,,
NDM5_3635,0.606779158115387,0.9274514317512512,0.9052823185920715,,
NDM5_3637,0.4030010998249054,0.8898581862449646,0.9087271690368652,,
NDM5_363_7,0.3879987895488739,0.8970028162002563,0.9034260511398315,,
NDM5_3643,0.8932952284812927,0.956963300704956,0.924116849899292,,
NDM5_3645,0.47540798783302307,0.9150535464286804,0.8914538025856018,,
NDM5_3649,0.34225717186927795,0.8775138258934021,0.8979758024215698,,
NDM5_364_8,0.3173049986362457,0.896249532699585,0.9153655171394348,,
NDM5_3653,0.7969494462013245,0.9528875350952148,0.9337372183799744,,
NDM5_3654,0.4521328806877136,0.9407682418823242,0.9221498966217041,,
NDM5_3655,0.5905231237411499,0.9388346672058105,0.9248120784759521,,
NDM5_3657,0.7070211172103882,0.9459101557731628,0.9239461421966553,,
NDM5_3658,0.7300474047660828,0.9455269575119019,0.9152828454971313,,
NDM5_3659,0.49461087584495544,0.9253200888633728,0.9327902793884277,,
NDM5_365_9,0.7235503792762756,0.9417800307273865,0.8901095390319824,,
NDM5_3662,0.3882209062576294,0.9110147953033447,0.9015803337097168,,
NDM5_3664,0.6670141220092773,0.930413544178009,0.9034736156463623,,
NDM5_3664_2,0.6670141220092773,0.930413544178009,0.9034736156463623,,
NDM5_3664_3,0.5204154849052429,0.9167729616165161,0.9014012217521667,,
NDM5_3664_4,0.48722612857818604,0.9233067035675049,0.9019762873649597,,
NDM5_3665,0.7307900190353394,0.9506458044052124,0.9011400938034058,,
NDM5_3665_2,0.7307900190353394,0.9506458044052124,0.9011400938034058,,
NDM5_3665_3,0.6620727777481079,0.9439848065376282,0.9147007465362549,,
NDM5_3665_4,0.449920117855072,0.9236801862716675,0.9143111109733582,,
NDM5_3666,0.6863171458244324,0.9234943389892578,0.9381225109100342,,
NDM5_3666_2,0.6863171458244324,0.9234943389892578,0.9381225109100342,,
NDM5_3666_3,0.7638602256774902,0.950692892074585,0.9234440326690674,,
NDM5_3666_4,0.6892993450164795,0.9436633586883545,0.9244043827056885,,
NDM5_3668,0.6828852891921997,0.9443953037261963,0.9080826640129089,,
NDM5_366_2,0.5857645869255066,0.930938720703125,0.9184147119522095,,
NDM5_3670,0.1282946914434433,0.8444703221321106,0.9346925616264343,,
NDM5_367_1,0.7900363206863403,0.9398385286331177,0.9099207520484924,,
NDM5_367_6,0.7931607961654663,0.9435017108917236,0.9071553349494934,,
NDM5_3681,0.3791663348674774,0.8749758005142212,0.8775442242622375,,
NDM5_3683,0.6756792664527893,0.9215161800384521,0.8963924050331116,,
NDM5_3686,0.6603819131851196,0.9260576367378235,0.8732132911682129,,
NDM5_3686_2,0.6603819131851196,0.9260576367378235,0.8732132911682129,,
NDM5_3686_3,0.7695469260215759,0.9417579770088196,0.8674717545509338,,
NDM5_3686_4,0.48887357115745544,0.8904540538787842,0.8706597685813904,,
NDM5_368_0,0.22804784774780273,0.8529974818229675,0.9007725119590759,,
NDM5_368_2,0.3270125687122345,0.8664838671684265,0.8963925838470459,,
NDM5_368_3,0.21967540681362152,0.8487212657928467,0.8964706063270569,,
NDM5_3690,0.3320239186286926,0.9063117504119873,0.8855198621749878,,
NDM5_3691,0.7086785435676575,0.9325591325759888,0.9055758118629456,,
NDM5_3692,0.4226188063621521,0.9000912308692932,0.8881685733795166,,
NDM5_3696,0.8003727793693542,0.9540071487426758,0.9066935777664185,,
NDM5_3705,0.532626211643219,0.8911598920822144,0.8925122022628784,,
NDM5_3707,0.4010279178619385,0.9058582782745361,0.9049318432807922,,
NDM5_3708,0.6592845916748047,0.937821090221405,0.9270864129066467,,
NDM5_3711,0.5825376510620117,0.9231297969818115,0.9043871164321899,,
NDM5_3715,0.6609321236610413,0.9416750073432922,0.9168953895568848,,
NDM5_3717,0.5831886529922485,0.9228379130363464,0.8939907550811768,,
NDM5_3718,0.6693968176841736,0.9353407621383667,0.9203726649284363,,
NDM5_3718_2,0.6693968176841736,0.9353407621383667,0.9203726649284363,,
NDM5_3718_3,0.32227709889411926,0.8968982100486755,0.8938559889793396,,
NDM5_3718_4,0.4889357388019562,0.9077864289283752,0.8887124061584473,,
NDM5_3723,0.4066583812236786,0.8732753992080688,0.8944193720817566,,
NDM5_3723_2,0.4066583812236786,0.8732753992080688,0.8944193720817566,,
NDM5_3723_3,0.6588135957717896,0.9090489745140076,0.8883783221244812,,
NDM5_3723_4,0.2718786597251892,0.8551790118217468,0.8993319869041443,,
NDM5_372_0,0.48640409111976624,0.8716722130775452,0.8862588405609131,,
NDM5_372_1,0.3506547808647156,0.8707423210144043,0.8843916654586792,,
NDM5_3730,0.8576480746269226,0.9670067429542542,0.9223869442939758,,
NDM5_3732,0.6678035855293274,0.9288950562477112,0.9310790300369263,,
NDM5_3732_2,0.6678035855293274,0.9288950562477112,0.9310790300369263,,
NDM5_3732_3,0.7368456721305847,0.946759819984436,0.9324960708618164,,
NDM5_3732_4,0.6269456744194031,0.9223911166191101,0.9285475611686707,,
NDM5_3735,0.8260877132415771,0.9600292444229126,0.9326233863830566,,
NDM5_3737,0.7296268343925476,0.9491450190544128,0.9212436079978943,,
NDM5_3737_2,0.7296268343925476,0.9491450190544128,0.9212436079978943,,
NDM5_3737_3,0.7642877101898193,0.9482568502426147,0.9364072680473328,,
NDM5_3737_4,0.5099199414253235,0.940520703792572,0.9195922613143921,,
NDM5_373_2,0.334303081035614,0.8883389830589294,0.902119517326355,,
NDM5_373_5,0.24934066832065582,0.8814729452133179,0.8988487720489502,,
NDM5_373_6,0.5465922951698303,0.9162747263908386,0.922970712184906,,
NDM5_373_7,0.18390440940856934,0.8826626539230347,0.918259859085083,,
NDM5_373_8,0.8074113726615906,0.9453449249267578,0.8787681460380554,,
NDM5_374_6,0.439169704914093,0.8866438865661621,0.9127087593078613,,
NDM5_374_8,0.37886276841163635,0.8890577554702759,0.9032673835754395,,
NDM5_3750,0.7600377202033997,0.9542155861854553,0.90935879945755,,
NDM5_3752,0.5509195923805237,0.9329176545143127,0.899863064289093,,
NDM5_3753,0.7642917633056641,0.9496539831161499,0.9168318510055542,,
NDM5_3754,0.6945202350616455,0.9437757730484009,0.9054937958717346,,
NDM5_3755,0.5911970138549805,0.9424052834510803,0.8998407125473022,,
NDM5_3756,0.7231263518333435,0.9443301558494568,0.9007196426391602,,
NDM5_3758,0.6798903346061707,0.9435310959815979,0.9104976654052734,,
NDM5_375_0,0.5994783639907837,0.9419339895248413,0.9287863373756409,,
NDM5_375_2,0.5133384466171265,0.9340781569480896,0.9290326833724976,,
NDM5_3763,0.6266972422599792,0.9003733396530151,0.9284988641738892,,
NDM5_3769,0.3788464069366455,0.8768876194953918,0.877348780632019,,
NDM5_3769_2,0.3788464069366455,0.8768876194953918,0.877348780632019,,
NDM5_3769_3,0.4525989294052124,0.8781843781471252,0.8787376880645752,,
NDM5_3769_4,0.4955308437347412,0.8948341608047485,0.932523787021637,,
NDM5_376_4,0.5919683575630188,0.9351058006286621,0.896465003490448,,
NDM5_3770,0.6665751934051514,0.9094278216362,0.8673480749130249,,
NDM5_3770_2,0.6665751934051514,0.9094278216362,0.8673480749130249,,
NDM5_3770_3,0.3962397873401642,0.8603187799453735,0.8446775674819946,,
NDM5_3770_4,0.502829372882843,0.8774807453155518,0.8375445604324341,,
NDM5_3779,0.35810258984565735,0.8621440529823303,0.8697196245193481,,
NDM5_377_3,0.7209799289703369,0.9237881302833557,0.8933489322662354,,
NDM5_3784,0.6068727374076843,0.9191185235977173,0.8871132135391235,,
NDM5_3789,0.6285976767539978,0.9208520650863647,0.9204838871955872,,
NDM5_3790,0.710298478603363,0.9372340440750122,0.9020513892173767,,
NDM5_3790_2,0.710298478603363,0.9372340440750122,0.9020513892173767,,
NDM5_3790_3,0.73648601770401,0.9395438432693481,0.89588862657547,,
NDM5_3790_4,0.638305127620697,0.9243271350860596,0.9014447331428528,,
NDM5_3798,0.5970258116722107,0.909071683883667,0.9012812376022339,,
NDM5_3799,0.781850278377533,0.9496144652366638,0.9393712878227234,,
NDM5_37_2,0.619783878326416,0.9426945447921753,0.9115275144577026,,
NDM5_37_7,0.7652998566627502,0.9450291991233826,0.9174968004226685,,
NDM5_37_8,0.5189070105552673,0.9309442639350891,0.9086387157440186,,
NDM5_3801,0.5819090008735657,0.9016959071159363,0.8766893744468689,,
NDM5_3807,0.7478244304656982,0.9203703999519348,0.9046634435653687,,
NDM5_380_5,0.45041537284851074,0.9034759402275085,0.8841719031333923,,
NDM5_380_6,0.20271365344524384,0.8764597177505493,0.899652361869812,,
NDM5_3810,0.4623017907142639,0.8885971307754517,0.8689694404602051,,
NDM5_381_2,0.4520246386528015,0.8934926390647888,0.9010413885116577,,
NDM5_3828,0.7149356603622437,0.9240772128105164,0.9085385203361511,,
NDM5_382_1,0.0952741727232933,0.8302363753318787,0.9319792985916138,,
NDM5_382_3,0.6290360689163208,0.9040729999542236,0.9198374152183533,,
NDM5_382_6,0.2774779200553894,0.8411493897438049,0.9040704965591431,,
NDM5_382_7,0.38230445981025696,0.8756771087646484,0.9293122887611389,,
NDM5_3845,0.47402021288871765,0.9014168977737427,0.876691460609436,,
NDM5_384_2,0.41645339131355286,0.9101647138595581,0.9055901169776917,,
NDM5_384_8,0.31648939847946167,0.8999939560890198,0.9010918140411377,,
NDM5_3850,0.6416359543800354,0.9146607518196106,0.896947979927063,,
NDM5_3850_2,0.6416359543800354,0.9146607518196106,0.896947979927063,,
NDM5_3850_3,0.5957504510879517,0.9103752374649048,0.8994468450546265,,
NDM5_3850_4,0.6093112230300903,0.9142321944236755,0.8673779368400574,,
NDM5_3857,0.6245139241218567,0.9144366979598999,0.8871804475784302,,
NDM5_3857_2,0.6245139241218567,0.9144366979598999,0.8871804475784302,,
NDM5_3857_3,0.6075593829154968,0.9087523818016052,0.8873446583747864,,
NDM5_3857_4,0.7320522665977478,0.9260979890823364,0.9158169031143188,,
NDM5_3858,0.40462633967399597,0.8430987596511841,0.8674067258834839,,
NDM5_385_0,0.4649278223514557,0.9102440476417542,0.9104021787643433,,
NDM5_385_4,0.45541369915008545,0.9015169739723206,0.8997817039489746,,
NDM5_3860,0.7553175687789917,0.9390050768852234,0.92122882604599,,
NDM5_3868,0.6977642774581909,0.9334539771080017,0.8647682666778564,,
NDM5_3868_2,0.6977642774581909,0.9334539771080017,0.8647682666778564,,
NDM5_3868_3,0.48995113372802734,0.9044126868247986,0.8662611246109009,,
NDM5_3868_4,0.5322515964508057,0.9153232574462891,0.8727074265480042,,
NDM5_3869,0.6932995319366455,0.9223071336746216,0.8847032785415649,,
NDM5_3869_2,0.6932995319366455,0.9223071336746216,0.8847032785415649,,
NDM5_3869_3,0.5353434681892395,0.9101141095161438,0.8881552219390869,,
NDM5_3869_4,0.6663020253181458,0.9297961592674255,0.9058534502983093,,
NDM5_386_8,0.8785448670387268,0.9548364877700806,0.9176225662231445,,
NDM5_3870,0.6874449849128723,0.9258919954299927,0.9023234844207764,,
NDM5_3873,0.654183566570282,0.9384714365005493,0.8814660310745239,,
NDM5_3876,0.5805988907814026,0.9220684170722961,0.9055403470993042,,
NDM5_3879,0.7378053069114685,0.9401552081108093,0.9048464298248291,,
NDM5_387_5,0.8515928983688354,0.9615721702575684,0.9319653511047363,,
NDM5_3883,0.7175788879394531,0.935916543006897,0.8923344016075134,,
NDM5_388_1,0.8017034530639648,0.9518469572067261,0.9364745020866394,,
NDM5_3894,0.4720202684402466,0.8834071755409241,0.8570472002029419,,
NDM5_3898,0.7605245113372803,0.94174724817276,0.935678243637085,,
NDM5_389_5,0.7058002352714539,0.9356867671012878,0.9416268467903137,,
NDM5_389_6,0.786209225654602,0.9547993540763855,0.9269429445266724,,
NDM5_3900,0.34700149297714233,0.866549551486969,0.8615075349807739,,
NDM5_3906,0.6193697452545166,0.913236677646637,0.8743286728858948,,
NDM5_3909,0.5389872193336487,0.8850250840187073,0.8920550346374512,,
NDM5_3909_2,0.5389872193336487,0.8850250840187073,0.8920550346374512,,
NDM5_3909_3,0.5954193472862244,0.8619566559791565,0.8858228325843811,,
NDM5_3909_4,0.4115220010280609,0.8610104322433472,0.8834385275840759,,
NDM5_390_0,0.18512682616710663,0.8849442601203918,0.9014208912849426,,
NDM5_390_4,0.4279276430606842,0.8969401717185974,0.8903073668479919,,
NDM5_3915,0.3417437970638275,0.9026920199394226,0.893887460231781,,
NDM5_3918,0.4856429994106293,0.899660050868988,0.8955169916152954,,
NDM5_3919,0.7035411596298218,0.9269181489944458,0.8845967650413513,,
NDM5_391_4,0.43299025297164917,0.8697243332862854,0.8807654976844788,,
NDM5_391_7,0.29175645112991333,0.8423968553543091,0.8613430857658386,,
NDM5_391_8,0.44704705476760864,0.873891294002533,0.8728735446929932,,
NDM5_391_9,0.4861429035663605,0.8825370669364929,0.8863926529884338,,
NDM5_3924,0.7214258909225464,0.933172345161438,0.8975579738616943,,
NDM5_3926,0.6553369760513306,0.9249451160430908,0.8989098072052002,,
NDM5_3931,0.6784446835517883,0.9388688802719116,0.8783227205276489,,
NDM5_3933,0.3359251320362091,0.8903024792671204,0.8822155594825745,,
NDM5_3933_2,0.3359251320362091,0.8903024792671204,0.8822155594825745,,
NDM5_3933_3,0.3774898946285248,0.9028595685958862,0.8794217705726624,,
NDM5_3933_4,0.7006675601005554,0.9376119375228882,0.8864713907241821,,
NDM5_3936,0.8328774571418762,0.9530436992645264,0.9144652485847473,,
NDM5_393_7,0.6298136115074158,0.9111554622650146,0.9264532327651978,,
NDM5_393_8,0.38306668400764465,0.8948583006858826,0.9046510457992554,,
NDM5_393_9,0.3110237419605255,0.881643533706665,0.8894964456558228,,
NDM5_3951,0.5323305726051331,0.9019767045974731,0.8766915202140808,,
NDM5_3952,0.36602720618247986,0.8680710792541504,0.8859235048294067,,
NDM5_3952_2,0.36602720618247986,0.8680710792541504,0.8859235048294067,,
NDM5_3952_3,0.3753473460674286,0.8603906631469727,0.8934223651885986,,
NDM5_3952_4,0.527296245098114,0.8961641192436218,0.9011803269386292,,
NDM5_395_0,0.19831983745098114,0.845725953578949,0.9087023138999939,,
NDM5_395_1,0.2531203329563141,0.8420590758323669,0.9170013666152954,,
NDM5_395_4,0.08214391767978668,0.8280289173126221,0.9097219705581665,,
NDM5_3960,0.6460243463516235,0.923222005367279,0.8661559820175171,,
NDM5_3966,0.2954111099243164,0.8375476002693176,0.8833134770393372,,
NDM5_3969,0.6798573136329651,0.9297301173210144,0.868950366973877,,
NDM5_396_3,0.597998857498169,0.9159579277038574,0.9107491970062256,,
NDM5_396_4,0.6532844305038452,0.9292779564857483,0.8984200954437256,,
NDM5_3971,0.469487726688385,0.9205744862556458,0.9151188135147095,,
NDM5_3973,0.8614507913589478,0.9529250264167786,0.9058204889297485,,
NDM5_3976,0.7296136617660522,0.9527823328971863,0.9357243776321411,,
NDM5_3979,0.8270435929298401,0.9581043124198914,0.9041373133659363,,
NDM5_397_1,0.3836629390716553,0.9235042929649353,0.8982335925102234,,
NDM5_397_2,0.5643284320831299,0.9153563380241394,0.9224497675895691,,
NDM5_397_9,0.8251323103904724,0.9546955227851868,0.9440546631813049,,
NDM5_3982,0.804740846157074,0.9319818019866943,0.9132315516471863,,
NDM5_3983,0.5842666029930115,0.9236276745796204,0.9276601076126099,,
NDM5_3987,0.4026733636856079,0.9008749723434448,0.8858927488327026,,
NDM5_3990,0.7259684205055237,0.9385740160942078,0.9170846343040466,,
NDM5_3994,0.6711509823799133,0.9453864693641663,0.9170141816139221,,
NDM5_3995,0.8404834866523743,0.9538404941558838,0.8980579972267151,,
NDM5_3999,0.7099021673202515,0.9395961761474609,0.9019100666046143,,
NDM5_399_2,0.8092483878135681,0.9497880339622498,0.9614335298538208,,
NDM5_399_3,0.16041642427444458,0.9091819524765015,0.9224110245704651,,
NDM5_399_5,0.6028971076011658,0.9387770295143127,0.9146485328674316,,
NDM5_399_8,0.817132294178009,0.9594041109085083,0.9194480180740356,,
NDM5_399_9,0.573996901512146,0.937824547290802,0.9316407442092896,,
NDM5_39_4,0.5927889347076416,0.9059330224990845,0.8875147104263306,,
NDM5_39_8,0.19482241570949554,0.8534038066864014,0.8812505006790161,,
NDM5_39_9,0.3269946575164795,0.8735029697418213,0.9085500240325928,,
NDM5_3_5,0.39612898230552673,0.8432440757751465,0.9117826223373413,,
NDM5_4003,0.7152136564254761,0.9406445026397705,0.9077914357185364,,
NDM5_4007,0.6506556868553162,0.9305704832077026,0.8975314497947693,,
NDM5_4007_2,0.6506556868553162,0.9305704832077026,0.8975314497947693,,
NDM5_4007_3,0.814822256565094,0.9565353393554688,0.8988693952560425,,
NDM5_4007_4,0.523457407951355,0.9141022562980652,0.8968901038169861,,
NDM5_4008,0.5822681188583374,0.9254574775695801,0.9212929606437683,,
NDM5_400_2,0.42170003056526184,0.8850728273391724,0.9139041900634766,,
NDM5_4012,0.5694595575332642,0.901401937007904,0.8936203122138977,,
NDM5_401_2,0.3899727761745453,0.911793053150177,0.9037867188453674,,
NDM5_401_4,0.6881808638572693,0.9408906698226929,0.9147379398345947,,
NDM5_4021,0.5085111260414124,0.9106349945068359,0.8797264695167542,,
NDM5_4022,0.7325001955032349,0.9387192726135254,0.9126725196838379,,
NDM5_4025,0.5542202591896057,0.9005224704742432,0.8932832479476929,,
NDM5_4025_2,0.5542202591896057,0.9005224704742432,0.8932832479476929,,
NDM5_4025_3,0.5732614398002625,0.9213011860847473,0.8957004547119141,,
NDM5_4025_4,0.45090240240097046,0.8855122327804565,0.8893789052963257,,
NDM5_4029,0.3979228734970093,0.8897621631622314,0.8705301284790039,,
NDM5_402_3,0.7669249773025513,0.9426848292350769,0.9487497806549072,,
NDM5_402_4,0.0774087905883789,0.9064575433731079,0.9362288117408752,,
NDM5_402_6,0.40019169449806213,0.9305041432380676,0.9143046140670776,,
NDM5_4030,0.43656957149505615,0.9164414405822754,0.9030513167381287,,
NDM5_4032,0.6224494576454163,0.9257941842079163,0.898193359375,,
NDM5_4033,0.7640039324760437,0.9418045282363892,0.8847736716270447,,
NDM5_4037,0.46207544207572937,0.8791563510894775,0.9108954071998596,,
NDM5_404_0,0.5817143321037292,0.922453761100769,0.917987585067749,,
NDM5_404_3,0.6114518046379089,0.9366971850395203,0.9464669227600098,,
NDM5_404_6,0.7206205725669861,0.951633632183075,0.9172952175140381,,
NDM5_404_7,0.43167752027511597,0.9346644282341003,0.9237645864486694,,
NDM5_4051,0.8106814622879028,0.9469722509384155,0.919988214969635,,
NDM5_4056,0.46183833479881287,0.92140793800354,0.9064927697181702,,
NDM5_4057,0.6152085065841675,0.9322043657302856,0.8952545523643494,,
NDM5_4058,0.5885424613952637,0.9392335414886475,0.9161790609359741,,
NDM5_4059,0.6497526168823242,0.9337837100028992,0.9098398685455322,,
NDM5_405_6,0.5335497856140137,0.9417447447776794,0.9283879399299622,,
NDM5_405_9,0.4588465392589569,0.9374021291732788,0.9355928897857666,,
NDM5_4061,0.546298623085022,0.9172737002372742,0.939324140548706,,
NDM5_4062,0.6496899724006653,0.946345865726471,0.9261223077774048,,
NDM5_4066,0.7958951592445374,0.9536166787147522,0.9144542217254639,,
NDM5_4067,0.686369776725769,0.9403173923492432,0.9199840426445007,,
NDM5_4067_2,0.686369776725769,0.9403173923492432,0.9199840426445007,,
NDM5_4067_3,0.5983990430831909,0.9417821764945984,0.9220772981643677,,
NDM5_4067_4,0.6081167459487915,0.945952296257019,0.9166241884231567,,
NDM5_4068,0.558720052242279,0.9425258636474609,0.9157975912094116,,
NDM5_406_1,0.2600914537906647,0.884620726108551,0.9069789052009583,,
NDM5_406_3,0.22787481546401978,0.8806228637695312,0.8934813141822815,,
NDM5_406_4,0.3941388428211212,0.8832793235778809,0.8881096839904785,,
NDM5_406_5,0.29646581411361694,0.8721562623977661,0.8985294699668884,,
NDM5_406_6,0.2755220830440521,0.8829613924026489,0.9010710120201111,,
NDM5_406_8,0.2936227321624756,0.8590482473373413,0.8910188674926758,,
NDM5_4072,0.4676695764064789,0.9186117649078369,0.8992325663566589,,
NDM5_4079,0.40831270813941956,0.9146241545677185,0.8949435353279114,,
NDM5_407_2,0.7886537313461304,0.9583100080490112,0.9252496361732483,,
NDM5_4084,0.6732451915740967,0.9208571314811707,0.9036925435066223,,
NDM5_4087,0.5561872720718384,0.9200311303138733,0.8792353272438049,,
NDM5_4088,0.5295776128768921,0.8810743689537048,0.8807843923568726,,
NDM5_408_1,0.6195049285888672,0.9251668453216553,0.8862947821617126,,
NDM5_408_4,0.35280758142471313,0.8978632688522339,0.8935182094573975,,
NDM5_408_7,0.376534640789032,0.8962193727493286,0.9020681977272034,,
NDM5_4091,0.5428920984268188,0.9040343761444092,0.8832881450653076,,
NDM5_40_1,0.19750821590423584,0.8551743030548096,0.8868956565856934,,
NDM5_40_9,0.9156125783920288,0.9579857587814331,0.8953584432601929,,
NDM5_4100,0.49359607696533203,0.9207658171653748,0.9017692804336548,,
NDM5_4101,0.5472778677940369,0.9232776761054993,0.9034630656242371,,
NDM5_4102,0.5198146104812622,0.9285966753959656,0.8970146775245667,,
NDM5_4105,0.6525470614433289,0.9389516115188599,0.9006308913230896,,
NDM5_4106,0.6744841933250427,0.9081441164016724,0.9047649502754211,,
NDM5_410_1,0.2789551317691803,0.8577797412872314,0.914360761642456,,
NDM5_410_2,0.18484818935394287,0.8543347120285034,0.8983835577964783,,
NDM5_410_7,0.19828367233276367,0.8438622951507568,0.9002620577812195,,
NDM5_4116,0.33329883217811584,0.8452236652374268,0.8298240303993225,,
NDM5_4116_2,0.33329883217811584,0.8452236652374268,0.8298240303993225,,
NDM5_4116_3,0.38724371790885925,0.8282565474510193,0.8203983306884766,,
NDM5_4116_4,0.6075930595397949,0.9058535099029541,0.837245762348175,,
NDM5_4118,0.6196164488792419,0.9019025564193726,0.8575268387794495,,
NDM5_411_2,0.5546913146972656,0.9146834015846252,0.9099091291427612,,
NDM5_411_6,0.7731736302375793,0.9535709619522095,0.9055679440498352,,
NDM5_411_9,0.6362607479095459,0.9414013028144836,0.9330965876579285,,
NDM5_412_0,0.7628269791603088,0.9182118773460388,0.8881033062934875,,
NDM5_412_8,0.18483972549438477,0.8411528468132019,0.9053528308868408,,
NDM5_4138,0.8434894680976868,0.9635694622993469,0.9350001215934753,,
NDM5_4139,0.8472699522972107,0.9617834091186523,0.9228537082672119,,
NDM5_4141,0.5567359924316406,0.9324352741241455,0.9125286936759949,,
NDM5_4144,0.5312245488166809,0.90653395652771,0.9170166850090027,,
NDM5_4144_2,0.5312245488166809,0.90653395652771,0.9170166850090027,,
NDM5_4144_3,0.533847987651825,0.9339250326156616,0.9148544073104858,,
NDM5_4144_4,0.542058527469635,0.9353252649307251,0.9159756302833557,,
NDM5_4147,0.8322978019714355,0.954433798789978,0.9137145280838013,,
NDM5_4147_2,0.8322978019714355,0.954433798789978,0.9137145280838013,,
NDM5_4147_3,0.7255982756614685,0.9531603455543518,0.9168015122413635,,
NDM5_4147_4,0.7387387156486511,0.9519553780555725,0.9184398055076599,,
NDM5_4148,0.6302157640457153,0.9455944299697876,0.9241718053817749,,
NDM5_4149,0.519750714302063,0.9363723993301392,0.9257519841194153,,
NDM5_414_8,0.659536600112915,0.9371419548988342,0.93031245470047,,
NDM5_415_1,0.3438662886619568,0.8583312034606934,0.9276660680770874,,
NDM5_415_6,0.295829176902771,0.8137544989585876,0.9305837154388428,,
NDM5_4160,0.46956756711006165,0.8840829730033875,0.8886451721191406,,
NDM5_416_2,0.6467912197113037,0.9203751683235168,0.9052789211273193,,
NDM5_416_3,0.4130154252052307,0.8918482661247253,0.8975962400436401,,
NDM5_416_6,0.40262627601623535,0.8791307210922241,0.8729676008224487,,
NDM5_4176,0.7706373333930969,0.9462376236915588,0.8882194757461548,,
NDM5_4179,0.8358040452003479,0.9472718238830566,0.8922869563102722,,
NDM5_417_0,0.2148098647594452,0.8466143608093262,0.8643343448638916,,
NDM5_4182,0.5646634101867676,0.8749599456787109,0.8567315340042114,,
NDM5_4189,0.6698356866836548,0.9191595911979675,0.8872809410095215,,
NDM5_4189_2,0.6698356866836548,0.9191595911979675,0.8872809410095215,,
NDM5_4189_3,0.31381329894065857,0.8539460301399231,0.8742300868034363,,
NDM5_4189_4,0.3481885492801666,0.8550800681114197,0.8823187351226807,,
NDM5_418_8,0.6514905691146851,0.9110584855079651,0.8987588286399841,,
NDM5_41_3,0.2697375416755676,0.8781458139419556,0.8980560898780823,,
NDM5_41_4,0.2413278967142105,0.8756176829338074,0.9019166827201843,,
NDM5_420_2,0.3408462405204773,0.8677679896354675,0.9161180853843689,,
NDM5_4210,0.6125192642211914,0.926094651222229,0.9150748252868652,,
NDM5_4212,0.6196790933609009,0.9475221633911133,0.9229289889335632,,
NDM5_4212_2,0.6196790933609009,0.9475221633911133,0.9229289889335632,,
NDM5_4212_3,0.8993940949440002,0.9686956405639648,0.9242541193962097,,
NDM5_4212_4,0.9305272698402405,0.9653387069702148,0.9335296154022217,,
NDM5_4213,0.5709869265556335,0.9230676889419556,0.9188019037246704,,
NDM5_4214,0.6263597011566162,0.9266533255577087,0.9052990078926086,,
NDM5_4216,0.5782443284988403,0.9454030990600586,0.9207214713096619,,
NDM5_4217,0.3448830842971802,0.8681840300559998,0.8977177143096924,,
NDM5_4219,0.6632710695266724,0.9410352110862732,0.9131860733032227,,
NDM5_421_2,0.6744229197502136,0.9003868103027344,0.9085066318511963,,
NDM5_4223,0.5275055170059204,0.9073030352592468,0.8991804122924805,,
NDM5_422_9,0.7071052193641663,0.9293988347053528,0.9270395040512085,,
NDM5_4236,0.8997631669044495,0.9577937126159668,0.8918417692184448,,
NDM5_423_7,0.8572903871536255,0.9406073689460754,0.9313663840293884,,
NDM5_4240,0.6160780191421509,0.9534266591072083,0.9214677214622498,,
NDM5_4240_2,0.6160780191421509,0.9534266591072083,0.9214677214622498,,
NDM5_4240_3,0.6567404866218567,0.9490221738815308,0.9205645322799683,,
NDM5_4240_4,0.5840242505073547,0.9458259344100952,0.9224129319190979,,
NDM5_4243,0.39417293667793274,0.9265362620353699,0.9318861365318298,,
NDM5_4246,0.6817798018455505,0.9157354831695557,0.9263563752174377,,
NDM5_4249,0.7878732681274414,0.956080436706543,0.9389496445655823,,
NDM5_4249_2,0.7878732681274414,0.956080436706543,0.9389496445655823,,
NDM5_4249_3,0.5898171663284302,0.9386856555938721,0.9330736398696899,,
NDM5_4249_4,0.7232416868209839,0.9520346522331238,0.9294416904449463,,
NDM5_424_5,0.3120444118976593,0.8755704760551453,0.8941258192062378,,
NDM5_4250,0.4644321799278259,0.9127659797668457,0.8928625583648682,,
NDM5_4250_2,0.4644321799278259,0.9127659797668457,0.8928625583648682,,
NDM5_4250_3,0.5555214285850525,0.9226153492927551,0.8955191373825073,,
NDM5_4250_4,0.6260524988174438,0.933467447757721,0.8867452144622803,,
NDM5_4252,0.7424830794334412,0.9418498873710632,0.8772159814834595,,
NDM5_4253,0.35347771644592285,0.9004947543144226,0.8900926113128662,,
NDM5_4256,0.4085201025009155,0.8782191872596741,0.8872824907302856,,
NDM5_4257,0.539532482624054,0.903018593788147,0.9017137289047241,,
NDM5_4257_2,0.539532482624054,0.903018593788147,0.9017137289047241,,
NDM5_4257_3,0.8164883852005005,0.9401677846908569,0.896373987197876,,
NDM5_4257_4,0.7560566067695618,0.9356989860534668,0.8975873589515686,,
NDM5_4261,0.5742554068565369,0.9049575924873352,0.8949500322341919,,
NDM5_4263,0.4139370024204254,0.8776622414588928,0.8768013119697571,,
NDM5_4269,0.43174660205841064,0.8669636845588684,0.8628386855125427,,
NDM5_426_5,0.4111018776893616,0.9164862036705017,0.9062004685401917,,
NDM5_4279,0.6072453856468201,0.9140617251396179,0.8844534754753113,,
NDM5_427_4,0.7030560374259949,0.9392294883728027,0.9099342823028564,,
NDM5_427_7,0.7845854163169861,0.9508339166641235,0.9289298057556152,,
NDM5_4283,0.5381664633750916,0.9472339153289795,0.9182121157646179,,
NDM5_4289,0.7807935476303101,0.9567444920539856,0.9360769391059875,,
NDM5_4291,0.6493580937385559,0.927621603012085,0.8819084167480469,,
NDM5_4291_2,0.6493580937385559,0.927621603012085,0.8819084167480469,,
NDM5_4291_3,0.47527197003364563,0.9111607074737549,0.8925685286521912,,
NDM5_4291_4,0.40772125124931335,0.8994094133377075,0.8883517980575562,,
NDM5_4294,0.8299630880355835,0.9441609382629395,0.8926759362220764,,
NDM5_4294_2,0.8299630880355835,0.9441609382629395,0.8926759362220764,,
NDM5_4294_3,0.5951017141342163,0.9236846566200256,0.8851622939109802,,
NDM5_4294_4,0.4763886332511902,0.9136255979537964,0.8795711994171143,,
NDM5_429_8,0.6696401238441467,0.9484807252883911,0.9396632313728333,,
NDM5_42_0,0.4400923252105713,0.8747429251670837,0.9184809923171997,,
NDM5_4304,0.36213546991348267,0.8566389679908752,0.876788318157196,,
NDM5_4308,0.3700929284095764,0.884843647480011,0.8823040127754211,,
NDM5_4308_2,0.3700929284095764,0.884843647480011,0.8823040127754211,,
NDM5_4308_3,0.4417950510978699,0.8879982233047485,0.8807957172393799,,
NDM5_4308_4,0.3103344738483429,0.8665791153907776,0.8546628952026367,,
NDM5_430_4,0.6283659338951111,0.937307596206665,0.9114009737968445,,
NDM5_430_7,0.22280964255332947,0.9158889055252075,0.9222756624221802,,
NDM5_4316,0.4929690361022949,0.8938100934028625,0.8646083474159241,,
NDM5_4321,0.8195009827613831,0.9615787863731384,0.938243567943573,,
NDM5_4322,0.745779275894165,0.9480653405189514,0.9324780702590942,,
NDM5_4323,0.7304865717887878,0.9479718208312988,0.9237226247787476,,
NDM5_4324,0.48763951659202576,0.9321305155754089,0.9185918569564819,,
NDM5_4326,0.7501686811447144,0.9395321607589722,0.9180866479873657,,
NDM5_4327,0.8097394704818726,0.9585192203521729,0.9403640031814575,,
NDM5_4329,0.7519510984420776,0.9554162621498108,0.9296742081642151,,
NDM5_432_3,0.7736037969589233,0.9409167170524597,0.9434210658073425,,
NDM5_4331,0.37880998849868774,0.8872482180595398,0.8750450015068054,,
NDM5_4331_2,0.37880998849868774,0.8872482180595398,0.8750450015068054,,
NDM5_4331_3,0.7887647747993469,0.9405328035354614,0.8677471280097961,,
NDM5_4331_4,0.47721993923187256,0.8989574909210205,0.8743966221809387,,
NDM5_4334,0.664609968662262,0.9116883277893066,0.8766406774520874,,
NDM5_433_3,0.5081116557121277,0.9045209288597107,0.9034672975540161,,
NDM5_433_9,0.33354610204696655,0.8983533978462219,0.8968520760536194,,
NDM5_4346,0.4142592251300812,0.8571689128875732,0.9109797477722168,,
NDM5_4346_2,0.4142592251300812,0.8571689128875732,0.9109797477722168,,
NDM5_4346_3,0.46303629875183105,0.9053813219070435,0.8984229564666748,,
NDM5_4346_4,0.3844243884086609,0.8955362439155579,0.882280170917511,,
NDM5_4349,0.4131174385547638,0.891304612159729,0.8771447539329529,,
NDM5_434_7,0.6544821262359619,0.9519981741905212,0.9271566867828369,,
NDM5_4350,0.4478331208229065,0.8694794774055481,0.8630586266517639,,
NDM5_4356,0.46852371096611023,0.8894485831260681,0.9164474010467529,,
NDM5_4360,0.7004819512367249,0.9322174191474915,0.9164565801620483,,
NDM5_4362,0.6668947339057922,0.9448959231376648,0.9196063876152039,,
NDM5_4372,0.4347405433654785,0.9376047253608704,0.9232947826385498,,
NDM5_4374,0.7851989269256592,0.9607064127922058,0.9220896363258362,,
NDM5_4375,0.689384400844574,0.9475021362304688,0.9267444014549255,,
NDM5_4376,0.5141695737838745,0.9389237761497498,0.9199637770652771,,
NDM5_4377,0.5752090215682983,0.9407579898834229,0.9128515124320984,,
NDM5_4378,0.8826415538787842,0.9661408066749573,0.9299275279045105,,
NDM5_437_0,0.4578678607940674,0.9004244804382324,0.8899100422859192,,
NDM5_437_3,0.5696326494216919,0.8988926410675049,0.8952072858810425,,
NDM5_437_4,0.3951795995235443,0.8842238187789917,0.8795605897903442,,
NDM5_437_9,0.6040293574333191,0.8738257884979248,0.8783214688301086,,
NDM5_4381,0.5325418710708618,0.9039837718009949,0.8903781175613403,,
NDM5_4383,0.5098690986633301,0.8997893929481506,0.8785577416419983,,
NDM5_4389,0.5348662734031677,0.9123008251190186,0.8837919235229492,,
NDM5_438_1,0.4506654143333435,0.9077873229980469,0.9109011888504028,,
NDM5_438_5,0.5544455051422119,0.8878782987594604,0.9084146022796631,,
NDM5_438_7,0.3180748224258423,0.8942482471466064,0.9097037315368652,,
NDM5_4393,0.5647863745689392,0.9042247533798218,0.8633700609207153,,
NDM5_43_3,0.7255080938339233,0.942409873008728,0.9204543232917786,,
NDM5_4401,0.8749772310256958,0.9485180974006653,0.8762457966804504,,
NDM5_4403,0.6887462139129639,0.917746901512146,0.8890286087989807,,
NDM5_4403_2,0.6887462139129639,0.917746901512146,0.8890286087989807,,
NDM5_4403_3,0.6521634459495544,0.9155930876731873,0.866661548614502,,
NDM5_4403_4,0.3963547348976135,0.8382290601730347,0.8641216158866882,,
NDM5_4409,0.3751455843448639,0.832141101360321,0.9219042062759399,,
NDM5_440_0,0.6068093180656433,0.8699309825897217,0.9036145806312561,,
NDM5_440_1,0.3992495834827423,0.8708314895629883,0.8765947222709656,,
NDM5_440_2,0.6288824081420898,0.9137763381004333,0.9054443836212158,,
NDM5_440_3,0.19095945358276367,0.8507773280143738,0.8980632424354553,,
NDM5_440_5,0.19293740391731262,0.8524512648582458,0.9209291934967041,,
NDM5_440_6,0.4204566776752472,0.8715885877609253,0.8991938829421997,,
NDM5_440_8,0.3488645851612091,0.8704139590263367,0.9139731526374817,,
NDM5_4414,0.44077926874160767,0.8877622485160828,0.8743609189987183,,
NDM5_4415,0.3781527876853943,0.8521260023117065,0.885447084903717,,
NDM5_4415_2,0.3781527876853943,0.8521260023117065,0.885447084903717,,
NDM5_4415_3,0.6637743711471558,0.9277787208557129,0.8868809342384338,,
NDM5_4415_4,0.6760993003845215,0.931564211845398,0.8878125548362732,,
NDM5_4419,0.4247991740703583,0.880669891834259,0.8893932104110718,,
NDM5_441_1,0.38611242175102234,0.884636640548706,0.86956787109375,,
NDM5_441_2,0.4582120180130005,0.8915588855743408,0.8750098943710327,,
NDM5_441_5,0.46028804779052734,0.8795638084411621,0.8882651925086975,,
NDM5_441_8,0.629237174987793,0.912471354007721,0.8741006255149841,,
NDM5_4423,0.7739903330802917,0.9348670840263367,0.9290518760681152,,
NDM5_4427,0.6974920034408569,0.9392057657241821,0.88224858045578,,
NDM5_4428,0.7178232073783875,0.9402602910995483,0.9059409499168396,,
NDM5_4428_2,0.7178232073783875,0.9402602910995483,0.9059409499168396,,
NDM5_4428_3,0.7748107314109802,0.9435161352157593,0.9198930859565735,,
NDM5_4428_4,0.35285213589668274,0.8835691213607788,0.911339521408081,,
NDM5_4429,0.4705924689769745,0.9139775633811951,0.8940586447715759,,
NDM5_442_2,0.21598446369171143,0.8197575807571411,0.878071129322052,,
NDM5_442_9,0.2833292484283447,0.8521221876144409,0.8909362554550171,,
NDM5_4431,0.6655852198600769,0.9205095767974854,0.9189101457595825,,
NDM5_4432,0.7802594304084778,0.9513548016548157,0.9335309267044067,,
NDM5_4435,0.6702870726585388,0.9373534321784973,0.9276569485664368,,
NDM5_4436,0.8301517963409424,0.958534300327301,0.9254830479621887,,
NDM5_4437,0.616112470626831,0.9263283014297485,0.9206382632255554,,
NDM5_4438,0.7779467105865479,0.9469960927963257,0.9257897734642029,,
NDM5_443_2,0.37776118516921997,0.8797339797019958,0.8676676750183105,,
NDM5_443_4,0.26346510648727417,0.8579208254814148,0.9021987915039062,,
NDM5_443_5,0.22289210557937622,0.850665807723999,0.9003463983535767,,
NDM5_443_6,0.2634050250053406,0.850813090801239,0.8694676160812378,,
NDM5_443_7,0.7020804286003113,0.9203705787658691,0.8546253442764282,,
NDM5_443_8,0.5083448886871338,0.8815076351165771,0.8719378113746643,,
NDM5_4443,0.8084790706634521,0.9422575831413269,0.8701648712158203,,
NDM5_444_1,0.3919050395488739,0.8657552003860474,0.8896353244781494,,
NDM5_444_3,0.2224176824092865,0.8556606769561768,0.9025788307189941,,
NDM5_4460,0.7788749933242798,0.947167694568634,0.9378159046173096,,
NDM5_4461,0.49707651138305664,0.8871641755104065,0.8963372707366943,,
NDM5_4464,0.5512507557868958,0.8972122073173523,0.8950062394142151,,
NDM5_4473,0.20106659829616547,0.7987549304962158,0.8584483861923218,,
NDM5_4473_2,0.20106659829616547,0.7987549304962158,0.8584483861923218,,
NDM5_4473_3,0.7031648755073547,0.9278543591499329,0.8408059477806091,,
NDM5_4473_4,0.7527357339859009,0.9234523773193359,0.8379296660423279,,
NDM5_4474,0.3843883275985718,0.8811402916908264,0.8774236440658569,,
NDM5_4474_2,0.3843883275985718,0.8811402916908264,0.8774236440658569,,
NDM5_4474_3,0.5734124779701233,0.9034569263458252,0.8781333565711975,,
NDM5_4474_4,0.4566133916378021,0.8436118960380554,0.8735746741294861,,
NDM5_4475,0.46633750200271606,0.8917040228843689,0.8736191391944885,,
NDM5_4475_2,0.46633750200271606,0.8917040228843689,0.8736191391944885,,
NDM5_4475_3,0.6368203163146973,0.9099189043045044,0.8744277358055115,,
NDM5_4475_4,0.7655442953109741,0.9340344667434692,0.8563522696495056,,
NDM5_447_7,0.2692320644855499,0.9038334488868713,0.9015709757804871,,
NDM5_4482,0.31263044476509094,0.8725568056106567,0.8954395651817322,,
NDM5_4482_2,0.31263044476509094,0.8725568056106567,0.8954395651817322,,
NDM5_4482_3,0.5529835820198059,0.9157214760780334,0.9021246433258057,,
NDM5_4482_4,0.6874825954437256,0.9205105900764465,0.8957033753395081,,
NDM5_448_0,0.2667839527130127,0.8479446172714233,0.9184169769287109,,
NDM5_448_7,0.36243700981140137,0.8323569297790527,0.8732030391693115,,
NDM5_4490,0.6842361688613892,0.9467066526412964,0.920177161693573,,
NDM5_4491,0.8365089297294617,0.9500097036361694,0.9328789114952087,,
NDM5_4492,0.650208592414856,0.9307661056518555,0.9227338433265686,,
NDM5_4493,0.6306506991386414,0.9495834708213806,0.910524308681488,,
NDM5_4496,0.4584859609603882,0.7688566446304321,0.9204956293106079,,
NDM5_4499,0.8043297529220581,0.9569441080093384,0.9423258304595947,,
NDM5_4503,0.34019041061401367,0.8878759741783142,0.8823168873786926,,
NDM5_4504,0.4616568982601166,0.8897210955619812,0.854476273059845,,
NDM5_4507,0.6070277690887451,0.9274399280548096,0.8913175463676453,,
NDM5_4509,0.22491386532783508,0.8850192427635193,0.9118273258209229,,
NDM5_450_5,0.5959190130233765,0.9198600649833679,0.9020010232925415,,
NDM5_4513,0.515384316444397,0.8952241539955139,0.8811484575271606,,
NDM5_4518,0.6591665148735046,0.932076096534729,0.8673048615455627,,
NDM5_451_2,0.1689681112766266,0.8359256982803345,0.915026843547821,,
NDM5_452_3,0.7373806834220886,0.9191057085990906,0.900890588760376,,
NDM5_452_6,0.5012168288230896,0.9180743098258972,0.8925352096557617,,
NDM5_452_7,0.4889739751815796,0.9111423492431641,0.9009639024734497,,
NDM5_452_9,0.6388790607452393,0.9322011470794678,0.9072548747062683,,
NDM5_4532,0.5676103234291077,0.9364045858383179,0.9251230955123901,,
NDM5_4538,0.8115541338920593,0.9554580450057983,0.9246683716773987,,
NDM5_453_1,0.2137073427438736,0.8236067891120911,0.9095190167427063,,
NDM5_453_2,0.20026396214962006,0.8378811478614807,0.8938866853713989,,
NDM5_453_3,0.42396238446235657,0.8641278743743896,0.8850302696228027,,
NDM5_453_4,0.3822569251060486,0.8540911674499512,0.9138996005058289,,
NDM5_453_7,0.4625067710876465,0.8795828819274902,0.9024559259414673,,
NDM5_453_8,0.5710263252258301,0.8936429023742676,0.8871325254440308,,
NDM5_4540,0.41701170802116394,0.878865122795105,0.8579431176185608,,
NDM5_454_1,0.30488577485084534,0.8922245502471924,0.9028443098068237,,
NDM5_454_3,0.29721778631210327,0.8942689299583435,0.9206092357635498,,
NDM5_454_9,0.41204336285591125,0.8667022585868835,0.9081196784973145,,
NDM5_455_8,0.5930244326591492,0.9328811168670654,0.9257320165634155,,
NDM5_456_3,0.8085425496101379,0.9415764808654785,0.9120692014694214,,
NDM5_4571,0.5434433221817017,0.9442980289459229,0.9235078692436218,,
NDM5_4572,0.5746585726737976,0.9364120364189148,0.9316660761833191,,
NDM5_4573,0.5664242506027222,0.9422551393508911,0.9285693764686584,,
NDM5_4574,0.6429630517959595,0.9258249998092651,0.9283225536346436,,
NDM5_4576,0.7312074899673462,0.9552710056304932,0.9094272255897522,,
NDM5_4578,0.6793065071105957,0.9440291523933411,0.9297385215759277,,
NDM5_4579,0.8016926050186157,0.9508424401283264,0.9139970541000366,,
NDM5_457_7,0.06772244721651077,0.8491224646568298,0.8969149589538574,,
NDM5_457_8,0.7702670693397522,0.9357094168663025,0.8713043332099915,,
NDM5_4582,0.32331985235214233,0.8539794683456421,0.9219138026237488,,
NDM5_4586,0.4447998106479645,0.8519536256790161,0.9246264696121216,,
NDM5_4587,0.2906627058982849,0.8392527103424072,0.8705081343650818,,
NDM5_4589,0.29160377383232117,0.8500447869300842,0.890872597694397,,
NDM5_458_6,0.6166971325874329,0.9412006735801697,0.9148489236831665,,
NDM5_458_9,0.4146372079849243,0.9212233424186707,0.9212802052497864,,
NDM5_4590,0.5187509059906006,0.9118945002555847,0.8643419146537781,,
NDM5_4592,0.8148882985115051,0.9465135931968689,0.8941982388496399,,
NDM5_4593,0.23283465206623077,0.87187659740448,0.9060290455818176,,
NDM5_4593_2,0.23283465206623077,0.87187659740448,0.9060290455818176,,
NDM5_4593_3,0.6632125377655029,0.9231014251708984,0.9169920682907104,,
NDM5_4593_4,0.800553560256958,0.9415408372879028,0.8842453956604004,,
NDM5_4596,0.45520472526550293,0.9006989598274231,0.8806484937667847,,
NDM5_45_1,0.7911257147789001,0.9414350986480713,0.9209935665130615,,
NDM5_4602,0.6728097200393677,0.9498032331466675,0.9205804467201233,,
NDM5_4603,0.5383257865905762,0.9128506779670715,0.9278224110603333,,
NDM5_4604,0.7908055186271667,0.949476957321167,0.9408246874809265,,
NDM5_4606,0.7685123085975647,0.9601522088050842,0.9353638887405396,,
NDM5_460_2,0.4207059442996979,0.9204177856445312,0.9079779982566833,,
NDM5_460_4,0.8242657780647278,0.9466680288314819,0.9194336533546448,,
NDM5_460_9,0.45191261172294617,0.926903247833252,0.9095819592475891,,
NDM5_4611,0.6585774421691895,0.9409822225570679,0.9077554941177368,,
NDM5_4611_2,0.6585774421691895,0.9409822225570679,0.9077554941177368,,
NDM5_4611_3,0.5341672301292419,0.9302569627761841,0.9086731672286987,,
NDM5_4611_4,0.4584011435508728,0.9044991135597229,0.9036224484443665,,
NDM5_4613,0.3646645247936249,0.8199337720870972,0.8908491730690002,,
NDM5_4615,0.7328774929046631,0.9486707448959351,0.8885619640350342,,
NDM5_4616,0.7704760432243347,0.9463194012641907,0.8850524425506592,,
NDM5_461_1,0.7114219069480896,0.9301804304122925,0.8836576342582703,,
NDM5_461_7,0.5725156664848328,0.9110147953033447,0.8968125581741333,,
NDM5_4625,0.6476980447769165,0.9270511269569397,0.8868940472602844,,
NDM5_4627,0.8405057191848755,0.9541011452674866,0.9536516070365906,,
NDM5_4628,0.6935756802558899,0.9395692944526672,0.9344702959060669,,
NDM5_4629,0.6193881630897522,0.9371095299720764,0.9063256978988647,,
NDM5_463_2,0.2907317578792572,0.8517901301383972,0.8917216062545776,,
NDM5_463_8,0.5153075456619263,0.8769716024398804,0.8780888319015503,,
NDM5_463_9,0.26419851183891296,0.8331689238548279,0.8700907826423645,,
NDM5_4640,0.28582197427749634,0.8906283378601074,0.8937066793441772,,
NDM5_464_3,0.6858296990394592,0.9403314590454102,0.9508817791938782,,
NDM5_464_5,0.3422757387161255,0.9125543236732483,0.899465024471283,,
NDM5_464_9,0.44730034470558167,0.9184830784797668,0.9059487581253052,,
NDM5_4652,0.7649658918380737,0.9517914652824402,0.8868743181228638,,
NDM5_4654,0.42303502559661865,0.9218841195106506,0.8971595764160156,,
NDM5_4657,0.5469204187393188,0.899942934513092,0.8882079720497131,,
NDM5_4658,0.5785062909126282,0.9233238697052002,0.893626868724823,,
NDM5_465_3,0.5732450485229492,0.9367567300796509,0.9139576554298401,,
NDM5_4660,0.7806252837181091,0.9512410759925842,0.9147889018058777,,
NDM5_4661,0.6017898917198181,0.9180723428726196,0.911769449710846,,
NDM5_4661_2,0.6017898917198181,0.9180723428726196,0.911769449710846,,
NDM5_4661_3,0.6639800667762756,0.9483273029327393,0.9152976274490356,,
NDM5_4661_4,0.7753575444221497,0.9553394913673401,0.9141181111335754,,
NDM5_4663,0.5961933135986328,0.9278735518455505,0.9215322732925415,,
NDM5_4664,0.6755818128585815,0.9494310021400452,0.9354576468467712,,
NDM5_4665,0.8369429111480713,0.9609146118164062,0.9143673777580261,,
NDM5_4666,0.6055039763450623,0.9195235967636108,0.900530993938446,,
NDM5_466_0,0.6369184851646423,0.9243621826171875,0.8808595538139343,,
NDM5_466_8,0.38361233472824097,0.8970305919647217,0.9061363339424133,,
NDM5_4672,0.692031741142273,0.9405357241630554,0.9060865044593811,,
NDM5_4674,0.7050386071205139,0.9431973695755005,0.8892159461975098,,
NDM5_4676,0.5328236818313599,0.9181655645370483,0.9056567549705505,,
NDM5_4677,0.4725276231765747,0.9147236347198486,0.9079205989837646,,
NDM5_4679,0.6504819393157959,0.9260543584823608,0.8902854919433594,,
NDM5_4680,0.48630645871162415,0.88695228099823,0.8850285410881042,,
NDM5_4682,0.5626270771026611,0.919511616230011,0.8860291242599487,,
NDM5_4682_2,0.5626270771026611,0.919511616230011,0.8860291242599487,,
NDM5_4682_3,0.5946398377418518,0.9141979217529297,0.9029408693313599,,
NDM5_4682_4,0.5945594906806946,0.9147409796714783,0.887214720249176,,
NDM5_4683,0.4985937774181366,0.9060244560241699,0.8798558712005615,,
NDM5_4694,0.5056077837944031,0.9025772213935852,0.8841056823730469,,
NDM5_4694_2,0.5056077837944031,0.9025772213935852,0.8841056823730469,,
NDM5_4694_3,0.7248225808143616,0.9409756064414978,0.8771362900733948,,
NDM5_4694_4,0.5043801665306091,0.9016210436820984,0.8626261353492737,,
NDM5_4696,0.5619612336158752,0.9107511639595032,0.8788911700248718,,
NDM5_4697,0.628653883934021,0.9015562534332275,0.8706008791923523,,
NDM5_469_4,0.3537776470184326,0.8639463782310486,0.8979270458221436,,
NDM5_469_7,0.6050955057144165,0.9064071774482727,0.8946401476860046,,
NDM5_469_8,0.33966171741485596,0.8596752882003784,0.8783486485481262,,
NDM5_469_9,0.5520569086074829,0.8984963893890381,0.9095439910888672,,
NDM5_46_5,0.8513436913490295,0.9433737397193909,0.858479917049408,,
NDM5_46_8,0.3002152740955353,0.8553264737129211,0.867573082447052,,
NDM5_4701,0.28404107689857483,0.8608523607254028,0.871881902217865,,
NDM5_4706,0.4586579203605652,0.8883317112922668,0.8736354112625122,,
NDM5_4709,0.5018895268440247,0.8915814161300659,0.9012824892997742,,
NDM5_4713,0.5521488785743713,0.9245069026947021,0.8729647994041443,,
NDM5_4718,0.637401282787323,0.9267070293426514,0.8869054913520813,,
NDM5_4718_2,0.637401282787323,0.9267070293426514,0.8869054913520813,,
NDM5_4718_3,0.33228278160095215,0.8942379355430603,0.9136087894439697,,
NDM5_4718_4,0.3903438448905945,0.8844621777534485,0.8885436654090881,,
NDM5_472_0,0.5968733429908752,0.9332252740859985,0.9001561403274536,,
NDM5_472_4,0.36367568373680115,0.9092528223991394,0.9073797464370728,,
NDM5_472_6,0.41421014070510864,0.910717785358429,0.9061941504478455,,
NDM5_473_1,0.35631898045539856,0.8699663281440735,0.9000846147537231,,
NDM5_4749,0.42640331387519836,0.8632290959358215,0.892484188079834,,
NDM5_474_6,0.5485883355140686,0.8838324546813965,0.8499594926834106,,
NDM5_4751,0.409666508436203,0.8804537653923035,0.9031605124473572,,
NDM5_475_4,0.4010711908340454,0.8857795000076294,0.9047618508338928,,
NDM5_4766,0.6223915219306946,0.9124715924263,0.8726785778999329,,
NDM5_476_9,0.48630017042160034,0.9272574782371521,0.9105799198150635,,
NDM5_4787,0.7872189879417419,0.9505663514137268,0.9224385619163513,,
NDM5_4787_2,0.7872189879417419,0.9505663514137268,0.9224385619163513,,
NDM5_4787_3,0.7945393919944763,0.9533122777938843,0.9233955144882202,,
NDM5_4787_4,0.8133499026298523,0.9518054723739624,0.9277040958404541,,
NDM5_4788,0.7006451487541199,0.9236212968826294,0.8974500298500061,,
NDM5_4789,0.655354380607605,0.9290273189544678,0.9353339076042175,,
NDM5_478_3,0.5560373067855835,0.8169053196907043,0.9213976860046387,,
NDM5_4791,0.42338088154792786,0.8937283158302307,0.8944905400276184,,
NDM5_4791_2,0.42338088154792786,0.8937283158302307,0.8944905400276184,,
NDM5_4791_3,0.5218061804771423,0.9058045148849487,0.8948147296905518,,
NDM5_4791_4,0.48804765939712524,0.907015860080719,0.897030770778656,,
NDM5_479_6,0.48700329661369324,0.9155395030975342,0.8934216499328613,,
NDM5_4800,0.6895691752433777,0.9478701949119568,0.9178690314292908,,
NDM5_4801,0.41044631600379944,0.9189359545707703,0.8975473642349243,,
NDM5_4803,0.6132641434669495,0.9385423064231873,0.9048577547073364,,
NDM5_4805,0.6573722958564758,0.9284199476242065,0.9193316698074341,,
NDM5_4807,0.6320615410804749,0.9401391744613647,0.9163573980331421,,
NDM5_4809,0.6266731023788452,0.9267008900642395,0.9183035492897034,,
NDM5_480_4,0.6488736867904663,0.9172484874725342,0.9010429382324219,,
NDM5_480_7,0.29813098907470703,0.861615777015686,0.8856257200241089,,
NDM5_480_8,0.42611491680145264,0.8767625689506531,0.8769102096557617,,
NDM5_4812,0.808854341506958,0.959732174873352,0.9231340885162354,,
NDM5_4815,0.8558407425880432,0.9576767683029175,0.9289045333862305,,
NDM5_4818,0.873466968536377,0.9601139426231384,0.9410696625709534,,
NDM5_4818_2,0.873466968536377,0.9601139426231384,0.9410696625709534,,
NDM5_4818_3,0.8569441437721252,0.9627645611763,0.9414578080177307,,
NDM5_4818_4,0.7835325002670288,0.9561432003974915,0.9336754083633423,,
NDM5_4819,0.8317144513130188,0.959835410118103,0.9409244060516357,,
NDM5_4820,0.7388920187950134,0.948884904384613,0.9170870184898376,,
NDM5_4822,0.7670065760612488,0.9506045579910278,0.9100141525268555,,
NDM5_4826,0.8128262758255005,0.9483846426010132,0.9301828145980835,,
NDM5_482_0,0.6184250116348267,0.9430011510848999,0.9422612190246582,,
NDM5_482_2,0.5681547522544861,0.9445589780807495,0.9168078303337097,,
NDM5_482_3,0.8795173168182373,0.957128643989563,0.9237053394317627,,
NDM5_482_5,0.7123664617538452,0.9471953511238098,0.9213821887969971,,
NDM5_482_7,0.838567852973938,0.9603562355041504,0.9295316338539124,,
NDM5_4831,0.7612770199775696,0.9218912720680237,0.9066104292869568,,
NDM5_4831_2,0.7612770199775696,0.9218912720680237,0.9066104292869568,,
NDM5_4831_3,0.6792773008346558,0.9348924160003662,0.9067646265029907,,
NDM5_4831_4,0.6737456917762756,0.9409838914871216,0.9079263210296631,,
NDM5_4832,0.6421263217926025,0.9315195083618164,0.9472382068634033,,
NDM5_4832_2,0.6421263217926025,0.9315195083618164,0.9472382068634033,,
NDM5_4832_3,0.6114643812179565,0.9308943748474121,0.9204893708229065,,
NDM5_4832_4,0.6766459345817566,0.9403942227363586,0.92924565076828,,
NDM5_4836,0.809478759765625,0.9532044529914856,0.8893886208534241,,
NDM5_4838,0.657853364944458,0.9140483140945435,0.9157452583312988,,
NDM5_4838_2,0.657853364944458,0.9140483140945435,0.9157452583312988,,
NDM5_4838_3,0.7562233805656433,0.9511563181877136,0.9133626818656921,,
NDM5_4838_4,0.7259095311164856,0.9428826570510864,0.9175698757171631,,
NDM5_4839,0.837738037109375,0.9614341259002686,0.9056564569473267,,
NDM5_483_7,0.0763089582324028,0.8338190913200378,0.9298665523529053,,
NDM5_4842,0.4502665102481842,0.9116289019584656,0.9121997356414795,,
NDM5_4843,0.7905336022377014,0.9544971585273743,0.8990100026130676,,
NDM5_4843_2,0.7905336022377014,0.9544971585273743,0.8990100026130676,,
NDM5_4843_3,0.5872364044189453,0.9229511022567749,0.9049277305603027,,
NDM5_4843_4,0.7850551605224609,0.9402764439582825,0.9019861817359924,,
NDM5_4846,0.5400416254997253,0.9226277470588684,0.9181015491485596,,
NDM5_4846_2,0.5400416254997253,0.9226277470588684,0.9181015491485596,,
NDM5_4846_3,0.6682034730911255,0.9281056523323059,0.9292244911193848,,
NDM5_4846_4,0.5595617890357971,0.9317467212677002,0.9205697178840637,,
NDM5_4847,0.6941151022911072,0.9133562445640564,0.910876452922821,,
NDM5_4848,0.7716262340545654,0.9534775614738464,0.9065024256706238,,
NDM5_4849,0.46014851331710815,0.9104483723640442,0.8889679908752441,,
NDM5_484_7,0.6092191934585571,0.9336763024330139,0.9092167019844055,,
NDM5_4850,0.540700376033783,0.9313418865203857,0.9237841367721558,,
NDM5_4851,0.5056999921798706,0.882576048374176,0.9058910012245178,,
NDM5_4852,0.7461886405944824,0.9325211048126221,0.89189213514328,,
NDM5_4853,0.7352972626686096,0.9352207779884338,0.9003025889396667,,
NDM5_4854,0.7099148631095886,0.9343119263648987,0.9182220697402954,,
NDM5_4856,0.6232286691665649,0.9129508137702942,0.8867208957672119,,
NDM5_4857,0.2542409300804138,0.9060647487640381,0.8993002772331238,,
NDM5_485_2,0.3308942914009094,0.9082377552986145,0.9194537401199341,,
NDM5_485_4,0.5836436748504639,0.9273261427879333,0.9081928133964539,,
NDM5_4864,0.638296902179718,0.9264792799949646,0.8929312825202942,,
NDM5_4864_2,0.638296902179718,0.9264792799949646,0.8929312825202942,,
NDM5_4864_3,0.39519286155700684,0.878506064414978,0.8929158449172974,,
NDM5_4864_4,0.5935125350952148,0.9089248776435852,0.8973241448402405,,
NDM5_486_3,0.15534748136997223,0.8436466455459595,0.9093945622444153,,
NDM5_486_5,0.5810766220092773,0.9006520509719849,0.8621371388435364,,
NDM5_4872,0.4619542360305786,0.9098165035247803,0.8912957310676575,,
NDM5_4873,0.7466462254524231,0.9460772275924683,0.9097070693969727,,
NDM5_4876,0.8094152212142944,0.9577738642692566,0.9083163142204285,,
NDM5_4878,0.6636475324630737,0.8865161538124084,0.9131342172622681,,
NDM5_4879,0.5051952004432678,0.9204270243644714,0.9033106565475464,,
NDM5_487_2,0.6054182648658752,0.8994835019111633,0.9034705758094788,,
NDM5_487_8,0.7996160387992859,0.9438815116882324,0.9319294691085815,,
NDM5_487_9,0.7914290428161621,0.9445945620536804,0.8871569037437439,,
NDM5_4886,0.6062324047088623,0.9161518216133118,0.8483594059944153,,
NDM5_488_0,0.435388445854187,0.8766459822654724,0.9146444797515869,,
NDM5_4897,0.5142263174057007,0.8876122832298279,0.8659452199935913,,
NDM5_4897_2,0.5142263174057007,0.8876122832298279,0.8659452199935913,,
NDM5_4897_3,0.3475782573223114,0.8552657961845398,0.8591205477714539,,
NDM5_4897_4,0.6025031208992004,0.9046645164489746,0.874151349067688,,
NDM5_4899,0.310292512178421,0.8346298336982727,0.8757523894309998,,
NDM5_48_2,0.8806348443031311,0.9651069641113281,0.9539729952812195,,
NDM5_48_4,0.7891064882278442,0.9525845646858215,0.9378675818443298,,
NDM5_48_6,0.7594994306564331,0.9447529315948486,0.9284247159957886,,
NDM5_48_7,0.6538010239601135,0.9434097409248352,0.9148533344268799,,
NDM5_48_8,0.7466847896575928,0.9529393911361694,0.909458339214325,,
NDM5_4906,0.4871962070465088,0.8778690099716187,0.8857464790344238,,
NDM5_490_3,0.5388874411582947,0.9220011234283447,0.9135916233062744,,
NDM5_490_6,0.36135679483413696,0.9033488631248474,0.9454796314239502,,
NDM5_490_8,0.7350701093673706,0.9398701190948486,0.928343653678894,,
NDM5_4913,0.6028903722763062,0.8979126214981079,0.8534315228462219,,
NDM5_4914,0.4155280590057373,0.8816141486167908,0.8910995125770569,,
NDM5_491_3,0.3649110496044159,0.9082201719284058,0.9208863377571106,,
NDM5_491_5,0.606856644153595,0.942902684211731,0.9199527502059937,,
NDM5_491_7,0.6193630695343018,0.8845780491828918,0.8971127271652222,,
NDM5_491_8,0.5231209397315979,0.9374616146087646,0.9230408072471619,,
NDM5_4922,0.7711293697357178,0.9525899887084961,0.9278919100761414,,
NDM5_4923,0.7090632915496826,0.9494735598564148,0.9145656824111938,,
NDM5_4924,0.7457399964332581,0.9448281526565552,0.9262058138847351,,
NDM5_4924_2,0.7457399964332581,0.9448281526565552,0.9262058138847351,,
NDM5_4924_3,0.7360642552375793,0.949509859085083,0.919396698474884,,
NDM5_4924_4,0.7296147346496582,0.9460824728012085,0.9380709528923035,,
NDM5_4925,0.7503145933151245,0.950997531414032,0.924842894077301,,
NDM5_4929,0.7724268436431885,0.954278826713562,0.9163631200790405,,
NDM5_492_6,0.25723057985305786,0.8459915518760681,0.8905121088027954,,
NDM5_4930,0.44315269589424133,0.8963631391525269,0.8683176040649414,,
NDM5_4935,0.5484172105789185,0.8902024030685425,0.9112182855606079,,
NDM5_4937,0.39719927310943604,0.874277651309967,0.8665660619735718,,
NDM5_4937_2,0.39719927310943604,0.874277651309967,0.8665660619735718,,
NDM5_4937_3,0.6743104457855225,0.9264273643493652,0.8608055710792542,,
NDM5_4937_4,0.3336471915245056,0.8792973756790161,0.8616300821304321,,
NDM5_493_3,0.20863375067710876,0.8025398254394531,0.870485246181488,,
NDM5_493_5,0.3358621299266815,0.8655673265457153,0.8701989650726318,,
NDM5_493_6,0.6126671433448792,0.894628643989563,0.9225562810897827,,
NDM5_4941,0.23263826966285706,0.7253121733665466,0.9139084219932556,,
NDM5_494_3,0.47794613242149353,0.851433277130127,0.8712501525878906,,
NDM5_4959,0.5730766654014587,0.9033101201057434,0.8894931077957153,,
NDM5_4960,0.5652458071708679,0.9089584350585938,0.8879886269569397,,
NDM5_4960_2,0.5652458071708679,0.9089584350585938,0.8879886269569397,,
NDM5_4960_3,0.49041154980659485,0.8988919854164124,0.8975383043289185,,
NDM5_4960_4,0.4911641478538513,0.8860380053520203,0.8855560421943665,,
NDM5_4961,0.754610002040863,0.9348023533821106,0.9204140305519104,,
NDM5_496_0,0.6133595108985901,0.90976881980896,0.9048113226890564,,
NDM5_496_8,0.7509967684745789,0.9348548650741577,0.9088065028190613,,
NDM5_4973,0.8064137101173401,0.9442195296287537,0.8693709969520569,,
NDM5_4973_2,0.8064137101173401,0.9442195296287537,0.8693709969520569,,
NDM5_4973_3,0.6197771430015564,0.9148786664009094,0.8623746037483215,,
NDM5_4973_4,0.6693236827850342,0.9094984531402588,0.8696505427360535,,
NDM5_4978,0.5131021738052368,0.903920590877533,0.8793787360191345,,
NDM5_4978_2,0.5131021738052368,0.903920590877533,0.8793787360191345,,
NDM5_4978_3,0.5929093360900879,0.9171059727668762,0.8737062215805054,,
NDM5_4978_4,0.39922234416007996,0.8836395740509033,0.8747109174728394,,
NDM5_4979,0.44337883591651917,0.8788245916366577,0.8716109395027161,,
NDM5_497_7,0.4550573229789734,0.9090332388877869,0.9152955412864685,,
NDM5_498_0,0.7476722598075867,0.944277822971344,0.9375237822532654,,
NDM5_4996,0.38992124795913696,0.8978301286697388,0.890414834022522,,
NDM5_499_9,0.7337756752967834,0.9418216943740845,0.890149712562561,,
NDM5_49_1,0.4739709496498108,0.9249345064163208,0.9129232168197632,,
NDM5_49_7,0.48659437894821167,0.8558258414268494,0.9119007587432861,,
NDM5_49_9,0.5983129143714905,0.9199591279029846,0.9176983833312988,,
NDM5_500_1,0.7291828989982605,0.9353532195091248,0.9152684211730957,,
NDM5_500_6,0.4598359763622284,0.9270133376121521,0.9229073524475098,,
NDM5_502_7,0.627080500125885,0.9452987909317017,0.9184855222702026,,
NDM5_503_7,0.25133249163627625,0.8475518822669983,0.8962583541870117,,
NDM5_503_9,0.25725579261779785,0.8507207036018372,0.9006141424179077,,
NDM5_504_6,0.2947324216365814,0.859502375125885,0.8951547145843506,,
NDM5_505_1,0.6786001920700073,0.9181360006332397,0.9198075532913208,,
NDM5_505_3,0.6214103102684021,0.9311684966087341,0.8966077566146851,,
NDM5_507_0,0.666393518447876,0.9352673292160034,0.9060843586921692,,
NDM5_507_4,0.15213219821453094,0.9092968702316284,0.9163819551467896,,
NDM5_507_7,0.3705257177352905,0.9130516052246094,0.9070101380348206,,
NDM5_508_0,0.5122731924057007,0.89111328125,0.8895629048347473,,
NDM5_509_7,0.4046289622783661,0.9116901159286499,0.8995442986488342,,
NDM5_50_1,0.7271336317062378,0.9489496946334839,0.936059296131134,,
NDM5_510_2,0.713051438331604,0.9425693154335022,0.9114519953727722,,
NDM5_511_5,0.25163379311561584,0.8666146397590637,0.8847852349281311,,
NDM5_512_2,0.6284049153327942,0.9230577349662781,0.9057327508926392,,
NDM5_512_7,0.8476390838623047,0.954855740070343,0.896255612373352,,
NDM5_512_8,0.5060815215110779,0.9162651300430298,0.9100079536437988,,
NDM5_514_0,0.9354428052902222,0.9626417756080627,0.9325553774833679,,
NDM5_514_1,0.8012189865112305,0.9336904287338257,0.9250766038894653,,
NDM5_514_5,0.5708382725715637,0.8960158228874207,0.8998429179191589,,
NDM5_514_6,0.5893030762672424,0.9001946449279785,0.9042227864265442,,
NDM5_516_8,0.2746608555316925,0.8812913298606873,0.9021289348602295,,
NDM5_517_5,0.4297078549861908,0.894003689289093,0.9100725054740906,,
NDM5_517_7,0.20873023569583893,0.8756222128868103,0.9013024568557739,,
NDM5_51_0,0.6682869791984558,0.915893018245697,0.8818634152412415,,
NDM5_51_4,0.2940550148487091,0.8331289291381836,0.8466256260871887,,
NDM5_520_7,0.4459916651248932,0.8750163912773132,0.9112657308578491,,
NDM5_520_9,0.49072733521461487,0.8823713064193726,0.8853850960731506,,
NDM5_523_1,0.6081584692001343,0.9177586436271667,0.9442759156227112,,
NDM5_524_3,0.6438947916030884,0.9256699681282043,0.8798986077308655,,
NDM5_525_2,0.6705747246742249,0.9178520441055298,0.8970763087272644,,
NDM5_526_0,0.44657620787620544,0.9346944689750671,0.9157979488372803,,
NDM5_527_0,0.735751211643219,0.9345904588699341,0.9391257166862488,,
NDM5_527_5,0.3741390109062195,0.9000177979469299,0.9164684414863586,,
NDM5_527_7,0.09713981300592422,0.8974602818489075,0.9239777326583862,,
NDM5_527_8,0.7498675584793091,0.9496434330940247,0.9166702628135681,,
NDM5_528_8,0.41720956563949585,0.9068366289138794,0.9132785201072693,,
NDM5_52_2,0.7156439423561096,0.9337062239646912,0.910658061504364,,
NDM5_52_3,0.4745037853717804,0.8930464386940002,0.9069507122039795,,
NDM5_52_4,0.37404757738113403,0.8862133622169495,0.8927549123764038,,
NDM5_52_6,0.44685402512550354,0.9043785333633423,0.9082962274551392,,
NDM5_52_9,0.26478496193885803,0.8785257935523987,0.9168580174446106,,
NDM5_530_5,0.5431500673294067,0.8900460600852966,0.9046958088874817,,
NDM5_530_7,0.7615540623664856,0.9287729859352112,0.884994387626648,,
NDM5_531_0,0.5526787042617798,0.8995497226715088,0.876152753829956,,
NDM5_531_8,0.37468358874320984,0.8844264149665833,0.8783085346221924,,
NDM5_532_0,0.5039129257202148,0.9325039982795715,0.919329047203064,,
NDM5_532_7,0.4343419075012207,0.9317668080329895,0.9176045060157776,,
NDM5_532_9,0.6712517738342285,0.9425464272499084,0.9212750792503357,,
NDM5_534_6,0.2634392976760864,0.8550167679786682,0.8964880108833313,,
NDM5_535_0,0.4957418143749237,0.9045838117599487,0.8851244449615479,,
NDM5_535_2,0.3884746730327606,0.8865212202072144,0.8870900869369507,,
NDM5_535_3,0.684970498085022,0.92046719789505,0.870430052280426,,
NDM5_535_5,0.1950610727071762,0.8694606423377991,0.9273489713668823,,
NDM5_535_6,0.311107873916626,0.8591014742851257,0.908037543296814,,
NDM5_535_7,0.5257047414779663,0.9062761664390564,0.8998093605041504,,
NDM5_535_9,0.18829812109470367,0.8680900931358337,0.8807315230369568,,
NDM5_536_2,0.5356412529945374,0.9298511743545532,0.9081288576126099,,
NDM5_536_5,0.674778163433075,0.9355402588844299,0.9415328502655029,,
NDM5_536_7,0.45923763513565063,0.9089442491531372,0.9162020683288574,,
NDM5_537_5,0.4364550709724426,0.8879445791244507,0.8907037973403931,,
NDM5_537_6,0.7545371055603027,0.9306307435035706,0.8968602418899536,,
NDM5_538_7,0.6799646019935608,0.9408600330352783,0.9173433184623718,,
NDM5_539_0,0.8260043263435364,0.9468528628349304,0.9104167222976685,,
NDM5_539_1,0.5036242604255676,0.8976167440414429,0.8911747932434082,,
NDM5_539_5,0.6956515908241272,0.9429715275764465,0.9081356525421143,,
NDM5_539_9,0.7502414584159851,0.9368756413459778,0.8970476388931274,,
NDM5_53_0,0.3788549304008484,0.8481873273849487,0.9048574566841125,,
NDM5_53_1,0.4169381260871887,0.8818913698196411,0.9170449376106262,,
NDM5_53_4,0.5289016366004944,0.897230327129364,0.8991025686264038,,
NDM5_53_9,0.3228742778301239,0.8574250340461731,0.8987283706665039,,
NDM5_540_3,0.562833845615387,0.907413125038147,0.888306200504303,,
NDM5_540_6,0.5698950290679932,0.9012560248374939,0.9077286124229431,,
NDM5_542_2,0.36302876472473145,0.9112196564674377,0.9037041664123535,,
NDM5_543_1,0.6600965857505798,0.94492506980896,0.9164170622825623,,
NDM5_543_3,0.6277958750724792,0.9404586553573608,0.9146361947059631,,
NDM5_543_5,0.5695972442626953,0.9378218650817871,0.9243785738945007,,
NDM5_544_2,0.28641456365585327,0.8768921494483948,0.8941143751144409,,
NDM5_544_4,0.6304137706756592,0.9233623743057251,0.9390811324119568,,
NDM5_544_5,0.597735583782196,0.9191844463348389,0.8944381475448608,,
NDM5_544_6,0.6745297312736511,0.9337587952613831,0.8881003856658936,,
NDM5_546_7,0.3992990553379059,0.9005324244499207,0.9152072072029114,,
NDM5_547_1,0.303891122341156,0.8778801560401917,0.8740990161895752,,
NDM5_548_3,0.5172242522239685,0.9103364944458008,0.8997393846511841,,
NDM5_548_5,0.6603519320487976,0.9345956444740295,0.9327946901321411,,
NDM5_548_8,0.6493615508079529,0.9241375923156738,0.8912148475646973,,
NDM5_549_7,0.38559791445732117,0.9063460826873779,0.9107639193534851,,
NDM5_54_0,0.46136897802352905,0.8790714740753174,0.9280943274497986,,
NDM5_54_1,0.5075401067733765,0.8773154020309448,0.8996602296829224,,
NDM5_54_3,0.8561961650848389,0.9294914603233337,0.9350090026855469,,
NDM5_54_4,0.451061487197876,0.8764538168907166,0.9330564737319946,,
NDM5_54_9,0.5194321274757385,0.8742798566818237,0.9238489866256714,,
NDM5_551_1,0.39635100960731506,0.9088973999023438,0.8950986862182617,,
NDM5_551_2,0.5889561772346497,0.9260722994804382,0.9014143347740173,,
NDM5_551_8,0.7961229085922241,0.945857048034668,0.941769540309906,,
NDM5_552_5,0.3685436248779297,0.8969559669494629,0.9221583008766174,,
NDM5_553_1,0.6984319686889648,0.9458661079406738,0.9089324474334717,,
NDM5_553_2,0.5540049076080322,0.9291123747825623,0.900361955165863,,
NDM5_556_3,0.6418834924697876,0.9276292324066162,0.9059460163116455,,
NDM5_556_9,0.7347821593284607,0.9435536861419678,0.9107365608215332,,
NDM5_557_4,0.47742414474487305,0.8939468264579773,0.9136613607406616,,
NDM5_557_5,0.4469221830368042,0.910004198551178,0.9044386744499207,,
NDM5_557_8,0.5933709144592285,0.9068807363510132,0.9091370105743408,,
NDM5_558_9,0.3764173090457916,0.9067469835281372,0.9218465685844421,,
NDM5_559_1,0.7687574028968811,0.9335001111030579,0.9025797843933105,,
NDM5_559_3,0.8006657958030701,0.9066829681396484,0.9027668237686157,,
NDM5_559_4,0.6746050119400024,0.9384670853614807,0.9181616306304932,,
NDM5_559_5,0.6037778258323669,0.9205582141876221,0.9188803434371948,,
NDM5_559_6,0.7448901534080505,0.945088803768158,0.9067076444625854,,
NDM5_559_7,0.7302130460739136,0.9218318462371826,0.9045289158821106,,
NDM5_559_9,0.7400661110877991,0.9476816654205322,0.9095574021339417,,
NDM5_561_4,0.4251090884208679,0.8687084913253784,0.8795648813247681,,
NDM5_562_3,0.3999137878417969,0.8901285529136658,0.9055914878845215,,
NDM5_563_1,0.16607649624347687,0.8295642733573914,0.9083365797996521,,
NDM5_563_3,0.14056429266929626,0.8268821835517883,0.9082953333854675,,
NDM5_563_5,0.13743267953395844,0.8229328393936157,0.9127167463302612,,
NDM5_564_3,0.2564845681190491,0.8321244716644287,0.8741975426673889,,
NDM5_565_4,0.4177505373954773,0.9024278521537781,0.904184103012085,,
NDM5_566_2,0.6990674138069153,0.9300796985626221,0.9196603894233704,,
NDM5_566_3,0.2774890065193176,0.8672333359718323,0.8991599082946777,,
NDM5_567_0,0.6083751320838928,0.9381051659584045,0.9124045372009277,,
NDM5_56_0,0.231598898768425,0.8446425199508667,0.8876426815986633,,
NDM5_56_6,0.317839115858078,0.8520769476890564,0.913098156452179,,
NDM5_570_2,0.5755819082260132,0.8995065689086914,0.9127845168113708,,
NDM5_570_4,0.2971073091030121,0.8631930351257324,0.882820188999176,,
NDM5_570_6,0.5373000502586365,0.9043686389923096,0.8972453474998474,,
NDM5_570_7,0.6440162658691406,0.8734354972839355,0.8646181225776672,,
NDM5_570_9,0.38610056042671204,0.8780930042266846,0.9199787378311157,,
NDM5_571_2,0.5603939294815063,0.9236220121383667,0.9304662346839905,,
NDM5_571_5,0.5378948450088501,0.9241445064544678,0.9220208525657654,,
NDM5_571_7,0.5666835308074951,0.9267070889472961,0.925007700920105,,
NDM5_572_4,0.5854505300521851,0.8876335024833679,0.8811819553375244,,
NDM5_572_7,0.38955432176589966,0.893280565738678,0.905116617679596,,
NDM5_573_3,0.21799592673778534,0.8367694020271301,0.8746306896209717,,
NDM5_573_5,0.47708940505981445,0.8703868985176086,0.8680094480514526,,
NDM5_573_7,0.1751527339220047,0.834021806716919,0.9146594405174255,,
NDM5_574_4,0.2569087743759155,0.8974646329879761,0.8940924406051636,,
NDM5_574_6,0.6894429326057434,0.9389534592628479,0.9065220355987549,,
NDM5_574_9,0.33760160207748413,0.9047911167144775,0.8929257988929749,,
NDM5_575_2,0.5049768686294556,0.9335154891014099,0.9279318451881409,,
NDM5_576_2,0.49941596388816833,0.8935394883155823,0.8847824335098267,,
NDM5_576_5,0.5167378783226013,0.8885458111763,0.9189276099205017,,
NDM5_576_7,0.40247276425361633,0.8778085112571716,0.8730096220970154,,
NDM5_576_9,0.5695470571517944,0.8918765187263489,0.8909960985183716,,
NDM5_577_4,0.3539237380027771,0.8950660228729248,0.8993426561355591,,
NDM5_577_7,0.40914806723594666,0.9033572673797607,0.8990128040313721,,
NDM5_577_8,0.39404091238975525,0.8978512287139893,0.9085557460784912,,
NDM5_578_0,0.6496171355247498,0.9014540910720825,0.9159312844276428,,
NDM5_578_1,0.8153680562973022,0.9406052231788635,0.913203239440918,,
NDM5_578_7,0.3218674957752228,0.8600383400917053,0.8772276639938354,,
NDM5_579_1,0.6486459970474243,0.934594988822937,0.912606418132782,,
NDM5_579_3,0.704623818397522,0.9419902563095093,0.922970175743103,,
NDM5_579_4,0.6408071517944336,0.9075251221656799,0.9325425028800964,,
NDM5_579_7,0.7747818231582642,0.9489365816116333,0.9127712249755859,,
NDM5_579_9,0.7064708471298218,0.9437416195869446,0.903143048286438,,
NDM5_57_2,0.657692015171051,0.9353419542312622,0.8931044936180115,,
NDM5_57_4,0.5795592665672302,0.9113556742668152,0.8905684947967529,,
NDM5_57_5,0.5792989730834961,0.9334546327590942,0.8887985348701477,,
NDM5_57_6,0.8012074828147888,0.9457277655601501,0.9091955423355103,,
NDM5_57_7,0.6590474247932434,0.9170191287994385,0.9026216268539429,,
NDM5_57_8,0.6567562222480774,0.9031781554222107,0.8958647847175598,,
NDM5_57_9,0.7149885892868042,0.9419440627098083,0.9052062630653381,,
NDM5_581_1,0.304560124874115,0.8873117566108704,0.901982843875885,,
NDM5_581_2,0.3967036306858063,0.8942837715148926,0.9031000733375549,,
NDM5_581_4,0.46666067838668823,0.8951276540756226,0.898581862449646,,
NDM5_581_7,0.4856419563293457,0.9059539437294006,0.8903034925460815,,
NDM5_581_9,0.4778326749801636,0.9001954793930054,0.8949439525604248,,
NDM5_582_8,0.741641640663147,0.9257609248161316,0.8840625882148743,,
NDM5_583_7,0.551791787147522,0.9063149094581604,0.9013090133666992,,
NDM5_584_4,0.6277647018432617,0.9246448278427124,0.9278219938278198,,
NDM5_585_2,0.2366614043712616,0.8634487390518188,0.9231261610984802,,
NDM5_585_5,0.4798872172832489,0.871224582195282,0.8752467632293701,,
NDM5_585_7,0.35108453035354614,0.8785040974617004,0.8956043124198914,,
NDM5_586_1,0.22679753601551056,0.8451339602470398,0.9097757339477539,,
NDM5_586_2,0.45010167360305786,0.8772129416465759,0.8882078528404236,,
NDM5_586_4,0.2208431363105774,0.8452656269073486,0.9225978851318359,,
NDM5_586_6,0.297443151473999,0.832456111907959,0.9126286506652832,,
NDM5_586_9,0.10813628882169724,0.8348510265350342,0.9235875606536865,,
NDM5_588_0,0.3115595579147339,0.8543933629989624,0.888046145439148,,
NDM5_588_8,0.41400814056396484,0.8653945922851562,0.8684151768684387,,
NDM5_588_9,0.4641740322113037,0.8722637295722961,0.8761305212974548,,
NDM5_589_9,0.26339060068130493,0.8411219120025635,0.8841450810432434,,
NDM5_590_2,0.26348915696144104,0.8543920516967773,0.8711929321289062,,
NDM5_590_3,0.6324574947357178,0.9056944251060486,0.8574253916740417,,
NDM5_590_4,0.3713785409927368,0.8652676939964294,0.908150851726532,,
NDM5_591_6,0.7270219922065735,0.9466850757598877,0.907671332359314,,
NDM5_591_8,0.5554572343826294,0.9357925653457642,0.9034383893013,,
NDM5_592_1,0.41713762283325195,0.8944063186645508,0.8897945284843445,,
NDM5_592_5,0.8246684670448303,0.9409300088882446,0.891083836555481,,
NDM5_593_2,0.7032531499862671,0.9375159740447998,0.9168061017990112,,
NDM5_593_4,0.3004445731639862,0.9167630672454834,0.9014434814453125,,
NDM5_593_8,0.7227474451065063,0.9496350884437561,0.9230010509490967,,
NDM5_594_7,0.7877984642982483,0.9393711090087891,0.8465311527252197,,
NDM5_594_9,0.7662222981452942,0.9340512752532959,0.9025734066963196,,
NDM5_595_6,0.5453355312347412,0.9242109060287476,0.9036211967468262,,
NDM5_595_8,0.5260540246963501,0.9174884557723999,0.9055570960044861,,
NDM5_597_0,0.706061065196991,0.9195625185966492,0.9056129455566406,,
NDM5_597_1,0.7042515873908997,0.9157151579856873,0.8881908655166626,,
NDM5_597_2,0.4905053377151489,0.8573768138885498,0.8896574378013611,,
NDM5_597_4,0.7412636280059814,0.9239048957824707,0.9061556458473206,,
NDM5_597_7,0.5108440518379211,0.8798723816871643,0.8780820965766907,,
NDM5_597_9,0.5211970806121826,0.8908076286315918,0.8804623484611511,,
NDM5_598_7,0.4033014178276062,0.8700435161590576,0.9102004766464233,,
NDM5_59_3,0.8112658858299255,0.9541226625442505,0.9067913889884949,,
NDM5_5_1,0.3634498715400696,0.8404873609542847,0.8988442420959473,,
NDM5_5_3,0.2505964934825897,0.8398818969726562,0.8954054713249207,,
NDM5_5_4,0.8398656249046326,0.8936758637428284,0.9226046204566956,,
NDM5_5_5,0.1941649615764618,0.8346304297447205,0.9084488153457642,,
NDM5_5_6,0.17077116668224335,0.8342588543891907,0.8852855563163757,,
NDM5_600_4,0.4008229970932007,0.8779841065406799,0.9278612732887268,,
NDM5_600_7,0.35288265347480774,0.8782185316085815,0.9228885173797607,,
NDM5_602_2,0.6911136507987976,0.9356496334075928,0.8784236907958984,,
NDM5_602_8,0.41081660985946655,0.896458625793457,0.8939614295959473,,
NDM5_603_0,0.5092259645462036,0.9023829698562622,0.9052872657775879,,
NDM5_603_8,0.5665417313575745,0.9102428555488586,0.9179175496101379,,
NDM5_605_0,0.6802231669425964,0.9231240153312683,0.8757497072219849,,
NDM5_605_8,0.7011493444442749,0.916517436504364,0.8959736227989197,,
NDM5_607_3,0.3278290629386902,0.8554670810699463,0.876434862613678,,
NDM5_607_4,0.2847304344177246,0.8441748023033142,0.8856844902038574,,
NDM5_607_9,0.4624391496181488,0.8623658418655396,0.8877189755439758,,
NDM5_608_5,0.3425966501235962,0.8663250803947449,0.8931281566619873,,
NDM5_609_1,0.29377439618110657,0.8617802262306213,0.8957229256629944,,
NDM5_609_2,0.4034574627876282,0.8526151776313782,0.9002915620803833,,
NDM5_60_2,0.6829222440719604,0.9216036796569824,0.894601583480835,,
NDM5_60_7,0.6898625493049622,0.9213990569114685,0.9002318978309631,,
NDM5_610_3,0.524702787399292,0.9035886526107788,0.8820834159851074,,
NDM5_610_9,0.44552546739578247,0.8997143507003784,0.8788683414459229,,
NDM5_611_4,0.7121285796165466,0.9376525282859802,0.9466754794120789,,
NDM5_611_7,0.5793976187705994,0.9339752197265625,0.9171381592750549,,
NDM5_613_0,0.6516271829605103,0.9262025952339172,0.9056009650230408,,
NDM5_613_5,0.5302025079727173,0.9191232323646545,0.9009242653846741,,
NDM5_615_0,0.30166739225387573,0.887868344783783,0.9088325500488281,,
NDM5_615_9,0.6599057912826538,0.886961042881012,0.9075981378555298,,
NDM5_617_8,0.5206639170646667,0.9254087805747986,0.9014402031898499,,
NDM5_618_4,0.702926516532898,0.942143976688385,0.9162561297416687,,
NDM5_619_3,0.4817434847354889,0.9054498672485352,0.8928962349891663,,
NDM5_619_7,0.4941437840461731,0.9032275080680847,0.9012284278869629,,
NDM5_619_9,0.45172956585884094,0.884899914264679,0.8962094783782959,,
NDM5_623_2,0.48732277750968933,0.886326789855957,0.8888968229293823,,
NDM5_623_4,0.4712845981121063,0.8941468000411987,0.8821541666984558,,
NDM5_623_5,0.42115119099617004,0.8888510465621948,0.8946613073348999,,
NDM5_623_6,0.32806095480918884,0.8918074369430542,0.8982937932014465,,
NDM5_625_0,0.574593722820282,0.9193418622016907,0.9226294755935669,,
NDM5_625_1,0.36879047751426697,0.905415415763855,0.8985897302627563,,
NDM5_625_3,0.6695883274078369,0.9269037246704102,0.904157280921936,,
NDM5_625_5,0.3849765658378601,0.9023376107215881,0.901343584060669,,
NDM5_625_7,0.6441339254379272,0.9325219392776489,0.8889297246932983,,
NDM5_625_8,0.47345638275146484,0.9084247946739197,0.9070498943328857,,
NDM5_626_1,0.341376930475235,0.8657666444778442,0.8885248899459839,,
NDM5_626_4,0.5127493739128113,0.8908509612083435,0.8658758401870728,,
NDM5_626_5,0.25332966446876526,0.844139039516449,0.8915407657623291,,
NDM5_626_6,0.4061174690723419,0.8619153499603271,0.88893723487854,,
NDM5_626_7,0.32687219977378845,0.8620050549507141,0.8634962439537048,,
NDM5_626_8,0.44128942489624023,0.8762515187263489,0.8802015781402588,,
NDM5_627_7,0.26477867364883423,0.8654794692993164,0.896664023399353,,
NDM5_627_8,0.7760043740272522,0.9375898241996765,0.8719481229782104,,
NDM5_628_1,0.7687872648239136,0.9334795475006104,0.8997483849525452,,
NDM5_629_2,0.07321873307228088,0.8229126334190369,0.937857985496521,,
NDM5_629_6,0.4860973060131073,0.8740905523300171,0.9022734761238098,,
NDM5_62_1,0.6445990204811096,0.9297890663146973,0.9042763113975525,,
NDM5_62_2,0.5507321357727051,0.9377439618110657,0.9309602975845337,,
NDM5_630_5,0.7238326072692871,0.9487888813018799,0.9321075677871704,,
NDM5_631_3,0.7558723092079163,0.9373270869255066,0.8984072804450989,,
NDM5_632_1,0.539533793926239,0.923821210861206,0.9362007975578308,,
NDM5_632_7,0.48318618535995483,0.9082819819450378,0.9242624640464783,,
NDM5_634_2,0.26337572932243347,0.861014723777771,0.8957536220550537,,
NDM5_634_4,0.36842238903045654,0.8777924180030823,0.8933964967727661,,
NDM5_636_0,0.7248117327690125,0.9436437487602234,0.8982682824134827,,
NDM5_636_3,0.2681428790092468,0.904173731803894,0.9070842266082764,,
NDM5_636_5,0.8773869276046753,0.9639400243759155,0.8933308124542236,,
NDM5_636_6,0.7089579701423645,0.9372332096099854,0.9124324917793274,,
NDM5_636_7,0.7883083820343018,0.947380781173706,0.9098513126373291,,
NDM5_636_8,0.24144062399864197,0.9007813334465027,0.9186775088310242,,
NDM5_638_0,0.5301536917686462,0.9164472818374634,0.9175403118133545,,
NDM5_638_8,0.37496957182884216,0.888505220413208,0.9203852415084839,,
NDM5_639_1,0.5971314311027527,0.9209951162338257,0.8988265991210938,,
NDM5_639_2,0.2469998002052307,0.8909949660301208,0.9370864629745483,,
NDM5_639_6,0.3206387758255005,0.9029141664505005,0.9171844720840454,,
NDM5_639_8,0.42243295907974243,0.8884011507034302,0.9179255366325378,,
NDM5_63_1,0.624064028263092,0.9173420667648315,0.9353969097137451,,
NDM5_640_0,0.4215734899044037,0.912422239780426,0.9075401425361633,,
NDM5_640_2,0.30931317806243896,0.9083948135375977,0.8887181878089905,,
NDM5_640_3,0.09145552664995193,0.8918372392654419,0.9280429482460022,,
NDM5_640_9,0.3537025451660156,0.9079800248146057,0.8984313011169434,,
NDM5_641_0,0.7664622068405151,0.9391505122184753,0.8799684643745422,,
NDM5_641_6,0.5242515802383423,0.9105017781257629,0.8837234377861023,,
NDM5_642_4,0.43071800470352173,0.8805150389671326,0.9266018271446228,,
NDM5_642_7,0.28236961364746094,0.8605875372886658,0.8992588520050049,,
NDM5_646_5,0.8153713345527649,0.9283614754676819,0.9053930640220642,,
NDM5_646_7,0.402483195066452,0.8788520097732544,0.8876153826713562,,
NDM5_646_8,0.24149227142333984,0.8691685795783997,0.909201979637146,,
NDM5_647_3,0.7851924896240234,0.9441897869110107,0.9461444020271301,,
NDM5_647_7,0.4789424538612366,0.8970957398414612,0.9056503176689148,,
NDM5_648_1,0.33514758944511414,0.8629496693611145,0.921991229057312,,
NDM5_648_3,0.4985501766204834,0.8754803538322449,0.8881534337997437,,
NDM5_648_7,0.3784533739089966,0.8247367739677429,0.8783237934112549,,
NDM5_649_5,0.1723126322031021,0.8522804975509644,0.9256463050842285,,
NDM5_650_1,0.373868465423584,0.870917022228241,0.9009649157524109,,
NDM5_650_6,0.3695881962776184,0.8599516749382019,0.9048444628715515,,
NDM5_651_4,0.746012806892395,0.9415437579154968,0.9208959937095642,,
NDM5_653_2,0.7918838262557983,0.9334743022918701,0.9230570197105408,,
NDM5_653_6,0.11813750863075256,0.8410415053367615,0.9188465476036072,,
NDM5_655_4,0.4804600477218628,0.8614620566368103,0.8630722761154175,,
NDM5_655_5,0.8311727046966553,0.9352805614471436,0.866237223148346,,
NDM5_656_1,0.29719656705856323,0.8710269331932068,0.8953381776809692,,
NDM5_656_2,0.27853259444236755,0.8657431602478027,0.890455424785614,,
NDM5_656_4,0.11053730547428131,0.8519459366798401,0.9369248151779175,,
NDM5_657_2,0.7597354650497437,0.9301662445068359,0.8998636603355408,,
NDM5_657_4,0.28221455216407776,0.8542085289955139,0.9123944044113159,,
NDM5_657_8,0.8138452768325806,0.9422066807746887,0.9500811696052551,,
NDM5_657_9,0.2885018289089203,0.8553411364555359,0.9032859802246094,,
NDM5_658_3,0.5292981266975403,0.8947116136550903,0.8715627193450928,,
NDM5_659_3,0.8099979758262634,0.9537684321403503,0.9210547804832458,,
NDM5_659_4,0.44479724764823914,0.9227885603904724,0.8903469443321228,,
NDM5_659_5,0.6937713623046875,0.9145817160606384,0.9128592610359192,,
NDM5_659_7,0.6903775334358215,0.9190794229507446,0.908766508102417,,
NDM5_659_8,0.7216489315032959,0.9350457191467285,0.894885778427124,,
NDM5_659_9,0.4620436131954193,0.9213337302207947,0.8963685035705566,,
NDM5_660_5,0.6758678555488586,0.9371795058250427,0.9190727472305298,,
NDM5_660_8,0.3660828173160553,0.9062062501907349,0.9216400980949402,,
NDM5_660_9,0.6895653009414673,0.9381933808326721,0.9031308889389038,,
NDM5_661_1,0.34927281737327576,0.8724933862686157,0.8729797005653381,,
NDM5_661_3,0.3852247893810272,0.8820551037788391,0.8909223079681396,,
NDM5_662_9,0.31548425555229187,0.8755238652229309,0.9289930462837219,,
NDM5_663_3,0.6465634107589722,0.9325582385063171,0.9277921319007874,,
NDM5_663_6,0.9076974391937256,0.9657365679740906,0.9484356641769409,,
NDM5_663_7,0.848269522190094,0.955040693283081,0.9253165125846863,,
NDM5_664_0,0.23967014253139496,0.8514161109924316,0.873167097568512,,
NDM5_664_1,0.8185929656028748,0.9392497539520264,0.9197408556938171,,
NDM5_664_8,0.4234369695186615,0.8675790429115295,0.903541624546051,,
NDM5_665_0,0.23949451744556427,0.9049830436706543,0.9151166081428528,,
NDM5_665_7,0.3808462619781494,0.9267330169677734,0.9088983535766602,,
NDM5_667_6,0.16779261827468872,0.8912543654441833,0.9034575819969177,,
NDM5_668_1,0.6408922672271729,0.9510276913642883,0.939003050327301,,
NDM5_668_4,0.4922189712524414,0.938336193561554,0.9267085194587708,,
NDM5_669_4,0.6136648654937744,0.9278661012649536,0.92226642370224,,
NDM5_66_1,0.5013138651847839,0.8810707330703735,0.8746867179870605,,
NDM5_671_4,0.8246930837631226,0.9481981992721558,0.9293096661567688,,
NDM5_674_0,0.5145600438117981,0.8838229179382324,0.8973299264907837,,
NDM5_674_2,0.30840882658958435,0.8500823974609375,0.8826581835746765,,
NDM5_674_3,0.4825168550014496,0.8642228245735168,0.8986755609512329,,
NDM5_674_4,0.27179569005966187,0.8176320195198059,0.9215104579925537,,
NDM5_674_5,0.5972447395324707,0.9024510979652405,0.8857942223548889,,
NDM5_674_7,0.28880175948143005,0.8422017693519592,0.8943919539451599,,
NDM5_674_9,0.3222232460975647,0.8286313414573669,0.8768813014030457,,
NDM5_676_1,0.7218813896179199,0.9549317955970764,0.9290266036987305,,
NDM5_676_3,0.8138813376426697,0.9630088210105896,0.9343435764312744,,
NDM5_676_6,0.6168867945671082,0.9460630416870117,0.9339988231658936,,
NDM5_677_1,0.3746371567249298,0.8583189845085144,0.9132813811302185,,
NDM5_677_7,0.24170750379562378,0.8465900421142578,0.9122682809829712,,
NDM5_677_9,0.19356316328048706,0.8426719307899475,0.9376325607299805,,
NDM5_67_2,0.2221304178237915,0.8388081789016724,0.9243387579917908,,
NDM5_67_6,0.59611976146698,0.8974608182907104,0.9060122966766357,,
NDM5_67_8,0.3396676182746887,0.8666062355041504,0.9135296940803528,,
NDM5_67_9,0.36963576078414917,0.8588692545890808,0.9349632859230042,,
NDM5_680_0,0.26013416051864624,0.8521482944488525,0.8925092220306396,,
NDM5_680_4,0.8669236898422241,0.9362663626670837,0.9143147468566895,,
NDM5_680_5,0.3051321506500244,0.8646665811538696,0.8999743461608887,,
NDM5_681_4,0.8120482563972473,0.9526781439781189,0.9470222592353821,,
NDM5_681_6,0.3212984502315521,0.9173916578292847,0.9121049642562866,,
NDM5_681_8,0.7445284724235535,0.9510971307754517,0.9401363134384155,,
NDM5_682_0,0.7080943584442139,0.9509176015853882,0.9304678440093994,,
NDM5_683_0,0.694429337978363,0.9457935094833374,0.9312803745269775,,
NDM5_683_9,0.541837751865387,0.9310508966445923,0.9050446152687073,,
NDM5_685_3,0.8263256549835205,0.9433902502059937,0.8816461563110352,,
NDM5_685_7,0.44826576113700867,0.891259491443634,0.872702956199646,,
NDM5_687_5,0.7890122532844543,0.9574609398841858,0.91874760389328,,
NDM5_688_7,0.6234213709831238,0.9026499390602112,0.856935977935791,,
NDM5_689_0,0.6245405077934265,0.9222009778022766,0.903229832649231,,
NDM5_689_3,0.2654820382595062,0.8749608993530273,0.8980929255485535,,
NDM5_689_4,0.6360807418823242,0.9128312468528748,0.8913767337799072,,
NDM5_689_6,0.20554111897945404,0.8374145030975342,0.9002388715744019,,
NDM5_689_7,0.45042720437049866,0.8994479775428772,0.9036567211151123,,
NDM5_689_9,0.43300876021385193,0.8981702923774719,0.9047472476959229,,
NDM5_68_2,0.8613913655281067,0.9611655473709106,0.9510875940322876,,
NDM5_690_0,0.6363005638122559,0.9051898121833801,0.9081555604934692,,
NDM5_690_1,0.45872819423675537,0.896972119808197,0.9075683355331421,,
NDM5_690_2,0.4711155295372009,0.8923554420471191,0.878639280796051,,
NDM5_692_2,0.5009506344795227,0.9119718670845032,0.9145733714103699,,
NDM5_693_0,0.3023640513420105,0.8800171613693237,0.8883112072944641,,
NDM5_695_8,0.7745121717453003,0.9572601318359375,0.9280384182929993,,
NDM5_696_9,0.4822607934474945,0.8926498889923096,0.9120687246322632,,
NDM5_697_2,0.7482394576072693,0.934268057346344,0.8932929039001465,,
NDM5_697_4,0.4970114529132843,0.8931719660758972,0.9065027832984924,,
NDM5_698_0,0.1930374950170517,0.8474103212356567,0.899863600730896,,
NDM5_698_1,0.41231125593185425,0.8746103048324585,0.8900769948959351,,
NDM5_698_2,0.19411922991275787,0.84116530418396,0.8841987252235413,,
NDM5_698_3,0.21624042093753815,0.8518226146697998,0.9003714919090271,,
NDM5_698_5,0.4752004146575928,0.8711932897567749,0.852196991443634,,
NDM5_698_6,0.23911064863204956,0.8395856618881226,0.8711723685264587,,
NDM5_698_7,0.15507829189300537,0.8416494131088257,0.8985171318054199,,
NDM5_698_9,0.2267093062400818,0.842436671257019,0.8880606293678284,,
NDM5_69_2,0.2968357801437378,0.8994607329368591,0.9114947319030762,,
NDM5_69_4,0.64366614818573,0.937532901763916,0.8902936577796936,,
NDM5_6_4,0.2939598858356476,0.9141949415206909,0.9030424356460571,,
NDM5_6_5,0.5194506049156189,0.9149760603904724,0.9099211692810059,,
NDM5_6_8,0.3645170032978058,0.9150228500366211,0.9123321175575256,,
NDM5_700_0,0.3842732906341553,0.8971206545829773,0.8915972113609314,,
NDM5_700_2,0.5483801364898682,0.9172770977020264,0.8737252950668335,,
NDM5_700_3,0.6394323110580444,0.9196860790252686,0.8746340274810791,,
NDM5_700_4,0.8501543998718262,0.9482357501983643,0.9072303771972656,,
NDM5_700_6,0.4877459406852722,0.8882262706756592,0.8670521974563599,,
NDM5_701_4,0.5239081978797913,0.9076095819473267,0.8901978731155396,,
NDM5_701_7,0.4906740188598633,0.8942919373512268,0.8887314796447754,,
NDM5_702_7,0.7341223359107971,0.9505676627159119,0.9168817400932312,,
NDM5_703_1,0.6106684803962708,0.8256538510322571,0.9247144460678101,,
NDM5_703_3,0.22777529060840607,0.8379655480384827,0.9007072448730469,,
NDM5_703_6,0.37471097707748413,0.8394693732261658,0.8861491084098816,,
NDM5_703_7,0.49739933013916016,0.8837066888809204,0.9188262224197388,,
NDM5_704_2,0.5857192873954773,0.9312405586242676,0.9076566100120544,,
NDM5_704_5,0.5768905282020569,0.9311923384666443,0.9107577800750732,,
NDM5_706_3,0.3738265931606293,0.8562038540840149,0.8487058281898499,,
NDM5_706_5,0.2898731529712677,0.853245198726654,0.8814212083816528,,
NDM5_706_6,0.6163369417190552,0.8950752019882202,0.8577867150306702,,
NDM5_706_9,0.6709262728691101,0.9026716351509094,0.8825648427009583,,
NDM5_707_1,0.551913857460022,0.8829175233840942,0.8970517516136169,,
NDM5_707_5,0.20539115369319916,0.8415657877922058,0.8987575173377991,,
NDM5_709_3,0.34121569991111755,0.8785296678543091,0.8925872445106506,,
NDM5_712_0,0.2840684950351715,0.8558176755905151,0.9190658330917358,,
NDM5_712_4,0.5002521872520447,0.9039868116378784,0.8779414892196655,,
NDM5_712_5,0.6513867378234863,0.9147826433181763,0.9129449129104614,,
NDM5_713_3,0.5691668391227722,0.895467221736908,0.9062042832374573,,
NDM5_713_4,0.6710727214813232,0.9028981328010559,0.8997885584831238,,
NDM5_713_6,0.5821505784988403,0.8825037479400635,0.8842111229896545,,
NDM5_713_9,0.34542059898376465,0.8557955026626587,0.8733516931533813,,
NDM5_714_0,0.5420805215835571,0.9012447595596313,0.8757283091545105,,
NDM5_715_8,0.706254780292511,0.9411223530769348,0.9228028059005737,,
NDM5_715_9,0.6139917969703674,0.9428859353065491,0.9159508347511292,,
NDM5_716_1,0.6204776167869568,0.9132104516029358,0.8890047073364258,,
NDM5_716_2,0.4046173095703125,0.8797938227653503,0.862043559551239,,
NDM5_717_3,0.5977570414543152,0.8877281546592712,0.8919124603271484,,
NDM5_717_4,0.3142806887626648,0.8355022072792053,0.9174019694328308,,
NDM5_719_6,0.3183329999446869,0.8761598467826843,0.9348560571670532,,
NDM5_719_7,0.2887689769268036,0.8692982792854309,0.9106888771057129,,
NDM5_71_1,0.40833011269569397,0.9024714231491089,0.9098547697067261,,
NDM5_71_3,0.2774534523487091,0.8757149577140808,0.9090287685394287,,
NDM5_71_8,0.46603068709373474,0.9066026210784912,0.9231746792793274,,
NDM5_720_0,0.20699821412563324,0.8475845456123352,0.9061050415039062,,
NDM5_720_3,0.299076646566391,0.8609212636947632,0.907987117767334,,
NDM5_720_8,0.7802785038948059,0.9257019758224487,0.90129554271698,,
NDM5_721_1,0.6181596517562866,0.9089424014091492,0.8739804029464722,,
NDM5_721_3,0.2679841220378876,0.8468114733695984,0.8741846084594727,,
NDM5_721_8,0.8508061766624451,0.9448235034942627,0.8626469969749451,,
NDM5_723_5,0.23729011416435242,0.8335809111595154,0.8625950813293457,,
NDM5_724_7,0.419789582490921,0.9017891883850098,0.877729058265686,,
NDM5_724_9,0.3473937213420868,0.8900987505912781,0.9126459360122681,,
NDM5_727_6,0.4433446526527405,0.8934968113899231,0.8907798528671265,,
NDM5_727_7,0.35380157828330994,0.8831065893173218,0.8855788111686707,,
NDM5_729_5,0.452747642993927,0.9376464486122131,0.9246130585670471,,
NDM5_729_7,0.6599791646003723,0.9451269507408142,0.9226424098014832,,
NDM5_729_8,0.49193090200424194,0.9179338812828064,0.9186365008354187,,
NDM5_729_9,0.7772356867790222,0.9522308111190796,0.9357683062553406,,
NDM5_72_0,0.621075451374054,0.9105973243713379,0.9214061498641968,,
NDM5_72_1,0.4820694029331207,0.8942878246307373,0.9242482781410217,,
NDM5_72_3,0.4800199270248413,0.8904508352279663,0.9058091640472412,,
NDM5_72_4,0.645238995552063,0.9139620065689087,0.9312350153923035,,
NDM5_72_5,0.7263871431350708,0.9197331666946411,0.9124065637588501,,
NDM5_730_1,0.12632668018341064,0.8262602686882019,0.9212018251419067,,
NDM5_730_3,0.0964624285697937,0.8246949315071106,0.9171035289764404,,
NDM5_730_4,0.11991062015295029,0.8303893208503723,0.9028658866882324,,
NDM5_735_0,0.31751367449760437,0.8768239617347717,0.8878993391990662,,
NDM5_736_7,0.627185583114624,0.9180086255073547,0.9111949801445007,,
NDM5_737_6,0.6318155527114868,0.9384468793869019,0.9189904928207397,,
NDM5_737_9,0.4128589630126953,0.9246460795402527,0.923658013343811,,
NDM5_738_2,0.7089805006980896,0.935933530330658,0.9016435742378235,,
NDM5_738_9,0.4890526235103607,0.9095748662948608,0.9024731516838074,,
NDM5_739_0,0.47978103160858154,0.9126410484313965,0.9064425826072693,,
NDM5_739_1,0.32974037528038025,0.9011862874031067,0.9146474599838257,,
NDM5_739_2,0.546209454536438,0.9121551513671875,0.9159278273582458,,
NDM5_739_7,0.33501705527305603,0.9120849967002869,0.91277676820755,,
NDM5_740_0,0.7791507244110107,0.914656400680542,0.8800057172775269,,
NDM5_740_8,0.26033809781074524,0.842555046081543,0.8760227560997009,,
NDM5_741_0,0.6902622580528259,0.9472056031227112,0.9344039559364319,,
NDM5_741_4,0.8330317735671997,0.9605055451393127,0.9436150789260864,,
NDM5_741_5,0.8219938278198242,0.9585509896278381,0.9328300356864929,,
NDM5_744_0,0.6857284903526306,0.9385260343551636,0.9140065312385559,,
NDM5_744_1,0.48658865690231323,0.9141327738761902,0.9044044613838196,,
NDM5_744_2,0.6424083113670349,0.933373749256134,0.8969400525093079,,
NDM5_744_6,0.37232649326324463,0.9103162288665771,0.8900576233863831,,
NDM5_744_7,0.820253849029541,0.9434536099433899,0.9405469298362732,,
NDM5_744_8,0.3062068819999695,0.8928861618041992,0.9122619032859802,,
NDM5_744_9,0.38845041394233704,0.9049454927444458,0.9033268690109253,,
NDM5_745_0,0.5310078859329224,0.9081546068191528,0.9003341794013977,,
NDM5_745_9,0.22335854172706604,0.865919828414917,0.895413339138031,,
NDM5_746_7,0.5503450036048889,0.8824291229248047,0.9032557606697083,,
NDM5_748_0,0.3328004777431488,0.8936530351638794,0.9035577774047852,,
NDM5_748_3,0.47925519943237305,0.9007748365402222,0.9023460745811462,,
NDM5_748_5,0.253705233335495,0.8751010894775391,0.8965572118759155,,
NDM5_748_6,0.6478264331817627,0.931207001209259,0.9221788644790649,,
NDM5_749_0,0.5551407933235168,0.9094216823577881,0.9182748198509216,,
NDM5_749_3,0.8338809013366699,0.9617670774459839,0.9028498530387878,,
NDM5_749_5,0.7606058716773987,0.9543058276176453,0.9030452370643616,,
NDM5_74_4,0.29355528950691223,0.882967472076416,0.8993786573410034,,
NDM5_74_5,0.5277472734451294,0.8956359624862671,0.8927735686302185,,
NDM5_750_0,0.4593617618083954,0.9286608695983887,0.9132283926010132,,
NDM5_750_5,0.5226673483848572,0.9217507839202881,0.9074104428291321,,
NDM5_751_4,0.48806047439575195,0.8844255805015564,0.8561791181564331,,
NDM5_751_5,0.7665369510650635,0.9334247708320618,0.9103946685791016,,
NDM5_751_7,0.4241665303707123,0.876226007938385,0.8971487879753113,,
NDM5_751_8,0.29236161708831787,0.8482354879379272,0.8847337365150452,,
NDM5_752_7,0.5171862840652466,0.9152088761329651,0.9089442491531372,,
NDM5_753_3,0.6077918410301208,0.9237760901451111,0.8797021508216858,,
NDM5_753_7,0.45615410804748535,0.904609203338623,0.9094259738922119,,
NDM5_754_2,0.6471114158630371,0.9243741035461426,0.9061408638954163,,
NDM5_754_4,0.6154068112373352,0.9212653636932373,0.895639955997467,,
NDM5_754_6,0.4107833802700043,0.9061324000358582,0.9033563733100891,,
NDM5_755_1,0.5685287117958069,0.9016060829162598,0.8690905570983887,,
NDM5_755_6,0.3668263852596283,0.8627969026565552,0.8702245354652405,,
NDM5_756_0,0.46690797805786133,0.8485984802246094,0.8838820457458496,,
NDM5_756_7,0.19836464524269104,0.8405923843383789,0.8973084688186646,,
NDM5_756_9,0.347888320684433,0.846154510974884,0.8900906443595886,,
NDM5_757_7,0.6055772304534912,0.9084748029708862,0.8773940205574036,,
NDM5_758_1,0.24002605676651,0.8483349084854126,0.8831532001495361,,
NDM5_758_2,0.312284380197525,0.8613818287849426,0.8878614902496338,,
NDM5_758_3,0.40832647681236267,0.8752331137657166,0.8795840740203857,,
NDM5_758_4,0.31001147627830505,0.8661307096481323,0.9110888838768005,,
NDM5_758_5,0.35259875655174255,0.863905668258667,0.883432924747467,,
NDM5_758_6,0.6723918318748474,0.9172791838645935,0.8906857371330261,,
NDM5_758_9,0.2534608840942383,0.853577733039856,0.8956928253173828,,
NDM5_759_2,0.6275619268417358,0.9216324090957642,0.8990582823753357,,
NDM5_759_6,0.6015694737434387,0.9173998236656189,0.8834001421928406,,
NDM5_759_7,0.3629765808582306,0.8924331068992615,0.9060682058334351,,
NDM5_75_7,0.4069909155368805,0.8938338160514832,0.9217933416366577,,
NDM5_760_0,0.45688700675964355,0.936802327632904,0.9180724620819092,,
NDM5_760_1,0.7604061961174011,0.954595148563385,0.9182506799697876,,
NDM5_761_2,0.8352991342544556,0.9553630352020264,0.928420901298523,,
NDM5_761_8,0.5365543961524963,0.918675422668457,0.9261999130249023,,
NDM5_762_3,0.3472597002983093,0.8786918520927429,0.9185128211975098,,
NDM5_762_4,0.23572763800621033,0.8694348335266113,0.9118645191192627,,
NDM5_762_6,0.08854209631681442,0.8589060306549072,0.932020902633667,,
NDM5_762_7,0.16744092106819153,0.8579570055007935,0.8862963914871216,,
NDM5_764_0,0.3420551121234894,0.8616176247596741,0.8760529160499573,,
NDM5_764_1,0.5141734480857849,0.9043734073638916,0.8901388049125671,,
NDM5_766_2,0.6714845299720764,0.929043173789978,0.9076719284057617,,
NDM5_766_4,0.5537504553794861,0.9157485961914062,0.8971579074859619,,
NDM5_766_9,0.7562175393104553,0.907217800617218,0.9064304828643799,,
NDM5_768_3,0.13188770413398743,0.846781849861145,0.8884140253067017,,
NDM5_768_9,0.5749006867408752,0.890717625617981,0.8911668062210083,,
NDM5_76_1,0.22584128379821777,0.8336885571479797,0.8963134288787842,,
NDM5_76_3,0.3097873032093048,0.8506941199302673,0.8958550691604614,,
NDM5_76_4,0.3764722943305969,0.8517024517059326,0.8991414308547974,,
NDM5_76_5,0.4171624183654785,0.857654333114624,0.8976550698280334,,
NDM5_76_8,0.3191382884979248,0.8601256012916565,0.8972823023796082,,
NDM5_76_9,0.4244391918182373,0.8657050728797913,0.9068756103515625,,
NDM5_770_0,0.4394148588180542,0.8888770937919617,0.8864064812660217,,
NDM5_770_1,0.47278255224227905,0.8890994191169739,0.890663206577301,,
NDM5_770_3,0.17698551714420319,0.8527411222457886,0.8879036903381348,,
NDM5_771_7,0.5592437982559204,0.8998534083366394,0.9174269437789917,,
NDM5_772_0,0.5020689368247986,0.9101830720901489,0.9084380269050598,,
NDM5_772_1,0.4820157289505005,0.9084244966506958,0.8975497484207153,,
NDM5_772_2,0.48002076148986816,0.9051069617271423,0.9379419088363647,,
NDM5_772_3,0.467907577753067,0.9073162078857422,0.9121321439743042,,
NDM5_772_7,0.4511162340641022,0.9033241271972656,0.9216533303260803,,
NDM5_773_1,0.7818941473960876,0.9350252151489258,0.9145617485046387,,
NDM5_773_3,0.3642280101776123,0.8713172674179077,0.8757545948028564,,
NDM5_773_4,0.3132588863372803,0.8525941967964172,0.9066484570503235,,
NDM5_774_0,0.8301830291748047,0.9556803703308105,0.9331139326095581,,
NDM5_774_6,0.6708841323852539,0.9420382976531982,0.9173621535301208,,
NDM5_775_0,0.3047862946987152,0.8530718088150024,0.9193143248558044,,
NDM5_775_5,0.3573067784309387,0.8584722280502319,0.9099252820014954,,
NDM5_776_1,0.1936294436454773,0.8576833009719849,0.9231066107749939,,
NDM5_776_6,0.5244317650794983,0.8973854780197144,0.9202605485916138,,
NDM5_776_9,0.3007960617542267,0.8656455278396606,0.9079124331474304,,
NDM5_777_0,0.35999801754951477,0.8921254873275757,0.9049386382102966,,
NDM5_777_4,0.5212814211845398,0.9140672087669373,0.9249820709228516,,
NDM5_777_8,0.6943519115447998,0.9210549592971802,0.9027657508850098,,
NDM5_779_9,0.2612241804599762,0.854289174079895,0.9006484150886536,,
NDM5_77_5,0.3406917154788971,0.8743310570716858,0.8970236778259277,,
NDM5_783_1,0.3644160330295563,0.9394940137863159,0.9191590547561646,,
NDM5_783_2,0.718762993812561,0.9561223983764648,0.9157606363296509,,
NDM5_783_6,0.2412480264902115,0.9258171319961548,0.9241839647293091,,
NDM5_783_9,0.6837414503097534,0.947847306728363,0.9290921092033386,,
NDM5_784_0,0.3110432028770447,0.8720185160636902,0.9032920598983765,,
NDM5_784_1,0.3342461585998535,0.8947032690048218,0.8966453671455383,,
NDM5_784_2,0.7333024144172668,0.9360939264297485,0.9356343746185303,,
NDM5_784_6,0.42706581950187683,0.8963155150413513,0.9021812081336975,,
NDM5_784_7,0.3917355537414551,0.9011755585670471,0.904583752155304,,
NDM5_787_0,0.3894382119178772,0.8962880373001099,0.8723107576370239,,
NDM5_787_8,0.40622010827064514,0.8999472856521606,0.8949405550956726,,
NDM5_789_0,0.6476628184318542,0.9399375915527344,0.9157431125640869,,
NDM5_78_7,0.525641143321991,0.9328254461288452,0.918221652507782,,
NDM5_791_5,0.5101364850997925,0.9206423759460449,0.9093181490898132,,
NDM5_791_6,0.475895494222641,0.9127565622329712,0.9059627056121826,,
NDM5_791_7,0.29575783014297485,0.9154853820800781,0.9224388599395752,,
NDM5_793_8,0.44197699427604675,0.9339444041252136,0.9282708168029785,,
NDM5_794_0,0.7162395715713501,0.9240447878837585,0.8834080696105957,,
NDM5_794_4,0.27115699648857117,0.8654237985610962,0.8834918141365051,,
NDM5_796_7,0.7213470339775085,0.9466744661331177,0.9270939826965332,,
NDM5_798_1,0.6108171343803406,0.9225096106529236,0.9153916835784912,,
NDM5_798_2,0.5856795907020569,0.9241259098052979,0.9243940711021423,,
NDM5_798_3,0.4998164176940918,0.9193387627601624,0.9085918068885803,,
NDM5_799_7,0.38068681955337524,0.8736864924430847,0.9015598893165588,,
NDM5_79_0,0.218032568693161,0.8285144567489624,0.9097267389297485,,
NDM5_79_7,0.34956783056259155,0.8617914319038391,0.8884195685386658,,
NDM5_800_5,0.2397651970386505,0.8422040343284607,0.9047732949256897,,
NDM5_800_9,0.3450506329536438,0.847357451915741,0.9171503186225891,,
NDM5_801_1,0.5179342031478882,0.9232327342033386,0.9168124198913574,,
NDM5_801_2,0.6197657585144043,0.9226763844490051,0.9089969396591187,,
NDM5_801_7,0.7476106882095337,0.9499663710594177,0.9168626666069031,,
NDM5_802_5,0.3796234726905823,0.8945293426513672,0.9219629168510437,,
NDM5_802_6,0.7594075798988342,0.9447991847991943,0.9148794412612915,,
NDM5_803_3,0.4184587299823761,0.8978674411773682,0.9074491858482361,,
NDM5_803_8,0.30553653836250305,0.8850392699241638,0.9023470282554626,,
NDM5_804_0,0.5481224656105042,0.8973321318626404,0.867863655090332,,
NDM5_804_1,0.6885212659835815,0.9107056856155396,0.8767776489257812,,
NDM5_804_4,0.34664979577064514,0.8725497126579285,0.8728969097137451,,
NDM5_804_9,0.228407084941864,0.8199445605278015,0.8616449236869812,,
NDM5_805_1,0.7495964765548706,0.9370951652526855,0.9178609848022461,,
NDM5_805_3,0.5778153538703918,0.9225564002990723,0.9135943651199341,,
NDM5_805_5,0.7345165610313416,0.8952562212944031,0.9102752804756165,,
NDM5_805_6,0.2144729197025299,0.8919157385826111,0.901791512966156,,
NDM5_805_7,0.4973950684070587,0.9039534330368042,0.8917271494865417,,
NDM5_805_8,0.33385589718818665,0.8856785893440247,0.8977841138839722,,
NDM5_807_2,0.5455516576766968,0.9300071001052856,0.8995769619941711,,
NDM5_807_6,0.32466840744018555,0.9129761457443237,0.9001079201698303,,
NDM5_808_4,0.6933594942092896,0.9230058789253235,0.8972194194793701,,
NDM5_808_7,0.3198200464248657,0.871371865272522,0.8855956792831421,,
NDM5_809_0,0.6577848196029663,0.9366468191146851,0.8988046646118164,,
NDM5_809_3,0.19936209917068481,0.8865624666213989,0.9071544408798218,,
NDM5_80_3,0.2230730801820755,0.8482146859169006,0.9209931492805481,,
NDM5_80_8,0.33145636320114136,0.8565759658813477,0.8954885005950928,,
NDM5_810_4,0.24616895616054535,0.8585863709449768,0.8947044014930725,,
NDM5_810_6,0.5222527980804443,0.9100511074066162,0.8886001110076904,,
NDM5_811_1,0.5565640926361084,0.9203851222991943,0.9212985038757324,,
NDM5_811_7,0.6331523060798645,0.9391766786575317,0.9281280040740967,,
NDM5_813_5,0.6578401923179626,0.9359617829322815,0.9177543520927429,,
NDM5_814_1,0.6401730179786682,0.9470788240432739,0.9291451573371887,,
NDM5_814_4,0.5688654780387878,0.9284787178039551,0.9465463757514954,,
NDM5_814_5,0.6706528067588806,0.9523430466651917,0.9334028959274292,,
NDM5_814_7,0.6952804923057556,0.9547330141067505,0.9411969780921936,,
NDM5_814_9,0.6473205089569092,0.946501612663269,0.9239345192909241,,
NDM5_816_0,0.5688719749450684,0.8971355557441711,0.8694984912872314,,
NDM5_816_9,0.44698119163513184,0.8990175127983093,0.8935708999633789,,
NDM5_819_4,0.6548600792884827,0.8900385499000549,0.8970035910606384,,
NDM5_81_1,0.6321028470993042,0.9426978230476379,0.9113929867744446,,
NDM5_81_3,0.4389806389808655,0.927096426486969,0.911370038986206,,
NDM5_821_4,0.8075076341629028,0.9526091814041138,0.9214992523193359,,
NDM5_821_6,0.6976129412651062,0.9511560201644897,0.9098252058029175,,
NDM5_821_8,0.420083224773407,0.9330644607543945,0.9164307713508606,,
NDM5_821_9,0.8081623911857605,0.958873450756073,0.9037336111068726,,
NDM5_822_4,0.8096291422843933,0.9503867626190186,0.9118690490722656,,
NDM5_822_5,0.3523379862308502,0.9159797430038452,0.9135247468948364,,
NDM5_822_8,0.8739566206932068,0.9591898322105408,0.9556138515472412,,
NDM5_823_1,0.6864257454872131,0.9301228523254395,0.9052302241325378,,
NDM5_823_2,0.3259671628475189,0.8816168308258057,0.9007389545440674,,
NDM5_823_4,0.5086550116539001,0.8753666877746582,0.9076153635978699,,
NDM5_823_8,0.3631778359413147,0.9026779532432556,0.9218676686286926,,
NDM5_824_3,0.3104446232318878,0.8769522309303284,0.9308789968490601,,
NDM5_824_4,0.5361151099205017,0.9017114043235779,0.9342653751373291,,
NDM5_825_1,0.6338907480239868,0.9474487900733948,0.9128210544586182,,
NDM5_825_8,0.5950645804405212,0.9473161697387695,0.9215977191925049,,
NDM5_826_1,0.8517736792564392,0.9608696103096008,0.9179892539978027,,
NDM5_826_3,0.43179771304130554,0.9122762680053711,0.9237927794456482,,
NDM5_826_5,0.7958590984344482,0.9545981884002686,0.937501847743988,,
NDM5_826_7,0.49471810460090637,0.9243952035903931,0.9016798734664917,,
NDM5_826_9,0.886998176574707,0.9593856334686279,0.9520877599716187,,
NDM5_827_2,0.7669832706451416,0.9321376085281372,0.926499605178833,,
NDM5_827_3,0.7049915194511414,0.939056932926178,0.9090592861175537,,
NDM5_827_5,0.42383402585983276,0.9166685342788696,0.9253441095352173,,
NDM5_827_7,0.7739902138710022,0.9463188052177429,0.9279066324234009,,
NDM5_827_8,0.7724688649177551,0.9309873580932617,0.924777626991272,,
NDM5_827_9,0.6381210684776306,0.9272021651268005,0.9128209352493286,,
NDM5_828_4,0.3404783010482788,0.8680660724639893,0.8994434475898743,,
NDM5_828_5,0.5358830094337463,0.9015640020370483,0.9033131003379822,,
NDM5_828_7,0.40991440415382385,0.8841425776481628,0.8986002802848816,,
NDM5_830_5,0.6157606840133667,0.9129819273948669,0.8758270144462585,,
NDM5_830_9,0.31877291202545166,0.8780310153961182,0.8782891631126404,,
NDM5_831_1,0.71121746301651,0.9031464457511902,0.9214171171188354,,
NDM5_831_4,0.2778168022632599,0.8886256217956543,0.9080585837364197,,
NDM5_833_0,0.5954145789146423,0.9328325390815735,0.894477128982544,,
NDM5_833_1,0.29472875595092773,0.8989144563674927,0.9068859219551086,,
NDM5_833_3,0.7312002182006836,0.9402762055397034,0.9148816466331482,,
NDM5_833_5,0.6797003149986267,0.9313414692878723,0.8990012407302856,,
NDM5_833_7,0.4827040135860443,0.9225830435752869,0.9098107218742371,,
NDM5_835_0,0.43993914127349854,0.8822541832923889,0.9035117626190186,,
NDM5_835_1,0.13130070269107819,0.8468186855316162,0.9154481291770935,,
NDM5_835_6,0.23249448835849762,0.8644005656242371,0.8734813928604126,,
NDM5_836_7,0.40414413809776306,0.8939480185508728,0.8754864931106567,,
NDM5_836_8,0.7928089499473572,0.9456673860549927,0.881014883518219,,
NDM5_837_2,0.26849204301834106,0.8969883918762207,0.912963330745697,,
NDM5_837_4,0.5004192590713501,0.9250069856643677,0.9024875164031982,,
NDM5_837_6,0.34743231534957886,0.907371997833252,0.922836422920227,,
NDM5_838_8,0.5199137926101685,0.9032416343688965,0.8920140862464905,,
NDM5_838_9,0.5181082487106323,0.8947640061378479,0.8983614444732666,,
NDM5_839_0,0.5219261646270752,0.890539824962616,0.9016661047935486,,
NDM5_839_2,0.3607586622238159,0.8817410469055176,0.8977718353271484,,
NDM5_839_9,0.21426893770694733,0.8530453443527222,0.8932577967643738,,
NDM5_83_1,0.6290291547775269,0.9312673807144165,0.9270073175430298,,
NDM5_83_2,0.4770198166370392,0.9153077006340027,0.920410692691803,,
NDM5_83_3,0.6118512749671936,0.9218975305557251,0.8996134996414185,,
NDM5_83_5,0.5206063389778137,0.9116689562797546,0.9052737355232239,,
NDM5_840_0,0.3313671350479126,0.8865199089050293,0.8942956924438477,,
NDM5_841_9,0.33273738622665405,0.8886138796806335,0.9034161567687988,,
NDM5_842_7,0.5039097666740417,0.916278064250946,0.8969539403915405,,
NDM5_842_8,0.23420065641403198,0.8921275734901428,0.9004055857658386,,
NDM5_844_9,0.8308775424957275,0.9473170638084412,0.9167234897613525,,
NDM5_848_4,0.1693606674671173,0.8918142318725586,0.9132630825042725,,
NDM5_848_9,0.48544472455978394,0.9101550579071045,0.8996822237968445,,
NDM5_84_0,0.1863383948802948,0.8499154448509216,0.8982831835746765,,
NDM5_84_6,0.2315504550933838,0.854404866695404,0.8966051936149597,,
NDM5_851_0,0.43655240535736084,0.853131890296936,0.8842293620109558,,
NDM5_851_8,0.6477458477020264,0.8932336568832397,0.8937026262283325,,
NDM5_852_4,0.24402879178524017,0.8618563413619995,0.8890541791915894,,
NDM5_853_3,0.44232574105262756,0.9241223335266113,0.9272135496139526,,
NDM5_854_5,0.4522428810596466,0.8881881237030029,0.8879364728927612,,
NDM5_854_6,0.30437353253364563,0.8624544143676758,0.8975653648376465,,
NDM5_854_7,0.12327287346124649,0.8395770192146301,0.9082469344139099,,
NDM5_855_3,0.5045448541641235,0.9262663722038269,0.9062272310256958,,
NDM5_855_5,0.6304389238357544,0.9414636492729187,0.9270730018615723,,
NDM5_856_0,0.7826210856437683,0.9582345485687256,0.9182969927787781,,
NDM5_856_1,0.7792282104492188,0.9537595510482788,0.9143243432044983,,
NDM5_856_9,0.6210213899612427,0.9505592584609985,0.9204744696617126,,
NDM5_857_3,0.5506939888000488,0.910410463809967,0.9356189966201782,,
NDM5_857_5,0.42494747042655945,0.8938392996788025,0.9029955267906189,,
NDM5_857_6,0.4364870488643646,0.8988323211669922,0.9240154027938843,,
NDM5_858_0,0.788206934928894,0.9457762241363525,0.9017432928085327,,
NDM5_860_7,0.7709084749221802,0.9581965208053589,0.9446666240692139,,
NDM5_862_1,0.4019632339477539,0.9200403094291687,0.8988562226295471,,
NDM5_862_9,0.5502438545227051,0.9267748594284058,0.8972331881523132,,
NDM5_864_6,0.7681410908699036,0.9348743557929993,0.8961384892463684,,
NDM5_867_6,0.4735042452812195,0.8936305642127991,0.9189759492874146,,
NDM5_867_9,0.2645370066165924,0.8934608101844788,0.8998810648918152,,
NDM5_869_0,0.6006130576133728,0.899917483329773,0.8741989135742188,,
NDM5_869_2,0.31501147150993347,0.8493611812591553,0.9066594243049622,,
NDM5_869_6,0.32808464765548706,0.8347324728965759,0.897233247756958,,
NDM5_869_8,0.5452908873558044,0.8951786160469055,0.896983802318573,,
NDM5_869_9,0.21975022554397583,0.8430251479148865,0.9021327495574951,,
NDM5_86_5,0.6531032919883728,0.9355374574661255,0.9163301587104797,,
NDM5_86_9,0.39983946084976196,0.9278467297554016,0.9461817145347595,,
NDM5_870_6,0.8086068034172058,0.9625827074050903,0.9030908942222595,,
NDM5_871_1,0.4281429052352905,0.9016844630241394,0.890423059463501,,
NDM5_871_7,0.47008004784584045,0.9099318385124207,0.891518235206604,,
NDM5_872_2,0.273528128862381,0.8486778736114502,0.879486083984375,,
NDM5_872_3,0.6350363492965698,0.9061697721481323,0.8813058733940125,,
NDM5_872_5,0.6029475331306458,0.8958972096443176,0.851938009262085,,
NDM5_874_6,0.5981202721595764,0.8993291854858398,0.8958352208137512,,
NDM5_878_4,0.5394766330718994,0.9195587038993835,0.9097926616668701,,
NDM5_879_2,0.2919614911079407,0.8689356446266174,0.9016634821891785,,
NDM5_879_6,0.6100050210952759,0.9146425724029541,0.8831623196601868,,
NDM5_879_8,0.5339803695678711,0.898689866065979,0.888240396976471,,
NDM5_880_5,0.2726294696331024,0.849009096622467,0.8911357522010803,,
NDM5_881_2,0.7460671067237854,0.9323655366897583,0.9149687886238098,,
NDM5_881_6,0.6987956166267395,0.9439118504524231,0.9190079569816589,,
NDM5_882_8,0.43853411078453064,0.8800992965698242,0.8963512778282166,,
NDM5_882_9,0.3848021328449249,0.8882803320884705,0.9008234739303589,,
NDM5_886_0,0.3915139436721802,0.9273714423179626,0.9311166405677795,,
NDM5_887_3,0.3921217918395996,0.8550462126731873,0.9068525433540344,,
NDM5_887_5,0.20009198784828186,0.8238711953163147,0.8899962902069092,,
NDM5_888_6,0.25285351276397705,0.8653267025947571,0.9277572631835938,,
NDM5_889_1,0.5505520701408386,0.9142469167709351,0.8891788125038147,,
NDM5_889_2,0.2763309180736542,0.8945226669311523,0.9003610610961914,,
NDM5_889_9,0.29497063159942627,0.9003304243087769,0.9002796411514282,,
NDM5_88_5,0.4569679796695709,0.8753456473350525,0.9198452830314636,,
NDM5_88_7,0.41786834597587585,0.8609927892684937,0.9197690486907959,,
NDM5_88_9,0.6921173334121704,0.914808452129364,0.8930134773254395,,
NDM5_890_0,0.3041599690914154,0.8527275919914246,0.8880566358566284,,
NDM5_890_5,0.1812838912010193,0.8089439272880554,0.8701793551445007,,
NDM5_891_0,0.37272971868515015,0.9017067551612854,0.9216756224632263,,
NDM5_891_2,0.554168164730072,0.9107257723808289,0.9031323194503784,,
NDM5_891_3,0.4825143814086914,0.9179782867431641,0.9331461191177368,,
NDM5_891_4,0.7436541318893433,0.9370852112770081,0.8959925770759583,,
NDM5_891_5,0.5556663274765015,0.9276003241539001,0.9237993955612183,,
NDM5_891_7,0.31011009216308594,0.896765410900116,0.9045065641403198,,
NDM5_891_8,0.4978035092353821,0.9200292825698853,0.9106836915016174,,
NDM5_891_9,0.7745051980018616,0.9300210475921631,0.9008873105049133,,
NDM5_893_2,0.37041565775871277,0.9179615378379822,0.920479416847229,,
NDM5_895_1,0.458479106426239,0.942893385887146,0.9339102506637573,,
NDM5_896_2,0.5777575969696045,0.9081764221191406,0.9277492761611938,,
NDM5_897_5,0.2040959894657135,0.8891209363937378,0.9072741270065308,,
NDM5_897_6,0.6393706202507019,0.9122734665870667,0.8983234763145447,,
NDM5_898_2,0.7902286052703857,0.9456554651260376,0.9197603464126587,,
NDM5_899_1,0.2831408381462097,0.8588945865631104,0.8788471221923828,,
NDM5_899_2,0.392385333776474,0.8680847883224487,0.8806948065757751,,
NDM5_899_7,0.6257965564727783,0.9064069390296936,0.8845082521438599,,
NDM5_89_9,0.7342239618301392,0.9497736096382141,0.9278219938278198,,
NDM5_8_6,0.6309139728546143,0.9310862421989441,0.8982656598091125,,
NDM5_900_9,0.2852989137172699,0.8746814727783203,0.9225870966911316,,
NDM5_901_5,0.4820506274700165,0.9023230075836182,0.9122750163078308,,
NDM5_901_7,0.29150015115737915,0.8841920495033264,0.8989872336387634,,
NDM5_901_8,0.4199106693267822,0.8889663815498352,0.914627730846405,,
NDM5_903_2,0.7660302519798279,0.9616163372993469,0.9312412142753601,,
NDM5_903_6,0.7760912775993347,0.9576970934867859,0.9317270517349243,,
NDM5_905_2,0.6517215371131897,0.9389906525611877,0.922683835029602,,
NDM5_905_3,0.3485642373561859,0.9256919026374817,0.9159948229789734,,
NDM5_905_6,0.5870941877365112,0.9356340169906616,0.9143473505973816,,
NDM5_906_1,0.7896037697792053,0.9182825684547424,0.904857873916626,,
NDM5_906_4,0.5637882351875305,0.9285247921943665,0.9130202531814575,,
NDM5_906_5,0.8545815944671631,0.9220874309539795,0.9041409492492676,,
NDM5_906_7,0.48056647181510925,0.9219397902488708,0.8946636319160461,,
NDM5_907_0,0.4950827658176422,0.9165737628936768,0.8825916051864624,,
NDM5_907_4,0.3920689821243286,0.9044459462165833,0.8879717588424683,,
NDM5_907_6,0.5571116805076599,0.915862500667572,0.8994665741920471,,
NDM5_907_9,0.4574137032032013,0.8968939781188965,0.8970862627029419,,
NDM5_909_0,0.294551283121109,0.8516727089881897,0.8963416814804077,,
NDM5_909_3,0.3440313935279846,0.8267592191696167,0.886319100856781,,
NDM5_909_5,0.21129824221134186,0.8380799293518066,0.9014134407043457,,
NDM5_909_6,0.2159288227558136,0.8399338722229004,0.9017530083656311,,
NDM5_90_9,0.17218567430973053,0.8591523170471191,0.917963445186615,,
NDM5_910_5,0.5149715542793274,0.900429904460907,0.9066485166549683,,
NDM5_911_0,0.23071689903736115,0.9046738743782043,0.9073933362960815,,
NDM5_912_0,0.5363692045211792,0.9433174729347229,0.9367151856422424,,
NDM5_916_0,0.6834699511528015,0.9413174390792847,0.9002655744552612,,
NDM5_916_3,0.5092626810073853,0.9200679063796997,0.9102165699005127,,
NDM5_916_4,0.7148752808570862,0.9391617774963379,0.8889386653900146,,
NDM5_917_7,0.5214230418205261,0.9142903685569763,0.919515073299408,,
NDM5_918_8,0.20401448011398315,0.8741192817687988,0.9242426753044128,,
NDM5_919_7,0.8070185780525208,0.9513851404190063,0.9195992946624756,,
NDM5_91_0,0.34647345542907715,0.8816869258880615,0.8779098987579346,,
NDM5_91_8,0.7556084990501404,0.9307286143302917,0.8744620084762573,,
NDM5_921_1,0.33594077825546265,0.8558595180511475,0.9051393866539001,,
NDM5_924_1,0.4531974494457245,0.8852521181106567,0.9141746163368225,,
NDM5_924_2,0.3284165859222412,0.8925429582595825,0.9078376293182373,,
NDM5_924_5,0.5733896493911743,0.908889889717102,0.9192739129066467,,
NDM5_924_6,0.41247281432151794,0.8928098082542419,0.8979963660240173,,
NDM5_924_8,0.5207120180130005,0.9042252898216248,0.9013941287994385,,
NDM5_924_9,0.6844639182090759,0.9264681339263916,0.9065805077552795,,
NDM5_927_2,0.4563922584056854,0.9157915115356445,0.9254804253578186,,
NDM5_927_5,0.45859280228614807,0.9185224175453186,0.9223023653030396,,
NDM5_928_3,0.38656315207481384,0.8984902501106262,0.9037445783615112,,
NDM5_928_4,0.41110971570014954,0.9070712924003601,0.893764317035675,,
NDM5_928_9,0.24550125002861023,0.8898670077323914,0.8960183262825012,,
NDM5_929_1,0.3709122836589813,0.8886107802391052,0.8970506191253662,,
NDM5_929_3,0.6201121807098389,0.9256221652030945,0.903911292552948,,
NDM5_92_1,0.7042168974876404,0.9403937458992004,0.9125786423683167,,
NDM5_92_5,0.5858088731765747,0.931684672832489,0.9102494120597839,,
NDM5_930_0,0.18718703091144562,0.8333396911621094,0.8929701447486877,,
NDM5_930_9,0.6347943544387817,0.9067713022232056,0.9205015897750854,,
NDM5_931_1,0.48178234696388245,0.8956003189086914,0.9316481351852417,,
NDM5_931_2,0.3262520134449005,0.8764879703521729,0.9132967591285706,,
NDM5_931_5,0.3530205190181732,0.858991265296936,0.9033411145210266,,
NDM5_931_6,0.4187444746494293,0.8944174647331238,0.8990432024002075,,
NDM5_932_3,0.20275172591209412,0.8331706523895264,0.8723388314247131,,
NDM5_932_8,0.2961925268173218,0.8617776036262512,0.888758659362793,,
NDM5_932_9,0.6017860770225525,0.9079416990280151,0.8679524064064026,,
NDM5_933_1,0.31829527020454407,0.8928259611129761,0.9415818452835083,,
NDM5_933_6,0.6268531084060669,0.9261735081672668,0.9139319062232971,,
NDM5_934_1,0.34018993377685547,0.866980254650116,0.8898117542266846,,
NDM5_934_3,0.530818521976471,0.8917551636695862,0.8934031128883362,,
NDM5_934_4,0.8532413840293884,0.9448950886726379,0.8893833160400391,,
NDM5_934_6,0.3135819733142853,0.8667582273483276,0.9062336087226868,,
NDM5_935_3,0.3805992603302002,0.9127882122993469,0.907050371170044,,
NDM5_935_5,0.6341296434402466,0.9346142411231995,0.9038640856742859,,
NDM5_935_8,0.4600771963596344,0.9178128838539124,0.8964546918869019,,
NDM5_935_9,0.30065301060676575,0.9003404378890991,0.8922067880630493,,
NDM5_936_0,0.720423698425293,0.9257007837295532,0.8751615285873413,,
NDM5_936_1,0.5892029404640198,0.894399881362915,0.8974795937538147,,
NDM5_936_2,0.5785354375839233,0.8933244347572327,0.8697754144668579,,
NDM5_936_3,0.48223981261253357,0.8596495389938354,0.8641793131828308,,
NDM5_936_4,0.5382482409477234,0.8889334797859192,0.8615230321884155,,
NDM5_936_5,0.7249226570129395,0.9210842847824097,0.8848233819007874,,
NDM5_936_8,0.6008529663085938,0.88767409324646,0.9017338752746582,,
NDM5_938_6,0.2466675043106079,0.8635736107826233,0.8780308961868286,,
NDM5_93_1,0.4744061231613159,0.8896616101264954,0.9088161587715149,,
NDM5_93_2,0.2620123326778412,0.8728014230728149,0.8773590326309204,,
NDM5_93_4,0.6520265340805054,0.9218095541000366,0.8820006847381592,,
NDM5_93_8,0.9265474081039429,0.9586294293403625,0.8925185799598694,,
NDM5_940_2,0.29289162158966064,0.9028058052062988,0.9069058895111084,,
NDM5_941_0,0.31728196144104004,0.8668891787528992,0.8605590462684631,,
NDM5_941_1,0.32473844289779663,0.8533837795257568,0.8866739273071289,,
NDM5_941_2,0.5207241177558899,0.898750901222229,0.8520483374595642,,
NDM5_941_3,0.3951258361339569,0.8635274171829224,0.8661612272262573,,
NDM5_941_6,0.5338445901870728,0.8951600193977356,0.8852282762527466,,
NDM5_941_8,0.2541068494319916,0.8559805750846863,0.8899014592170715,,
NDM5_942_0,0.5923156142234802,0.9091826677322388,0.9143475294113159,,
NDM5_942_1,0.26036253571510315,0.8569348454475403,0.9098068475723267,,
NDM5_942_2,0.36534735560417175,0.8668355345726013,0.89213627576828,,
NDM5_942_4,0.2193160206079483,0.8572298288345337,0.9181433916091919,,
NDM5_943_3,0.33570215106010437,0.8771325349807739,0.9071966409683228,,
NDM5_945_8,0.0526115857064724,0.7363694906234741,0.8157594799995422,,
NDM5_946_3,0.17745718359947205,0.8928176164627075,0.9128744006156921,,
NDM5_946_8,0.8024702072143555,0.9378765821456909,0.9042105078697205,,
NDM5_947_2,0.5975407958030701,0.9177700281143188,0.9193019270896912,,
NDM5_949_1,0.6674537062644958,0.9300171136856079,0.891340434551239,,
NDM5_949_3,0.2347061038017273,0.8818128108978271,0.897050142288208,,
NDM5_949_7,0.46286869049072266,0.8985969424247742,0.8951695561408997,,
NDM5_94_4,0.6205770373344421,0.9367177486419678,0.9224894046783447,,
NDM5_94_5,0.8217085599899292,0.9602811336517334,0.9215978980064392,,
NDM5_94_7,0.535733699798584,0.9172818660736084,0.915422260761261,,
NDM5_950_8,0.7540552020072937,0.9516220092773438,0.9442198872566223,,
NDM5_951_2,0.396282434463501,0.8740199208259583,0.8845417499542236,,
NDM5_951_5,0.542718768119812,0.8857390880584717,0.8859769105911255,,
NDM5_951_7,0.16227120161056519,0.8371621966362,0.8919780850410461,,
NDM5_952_0,0.5613771080970764,0.9060803651809692,0.9479188919067383,,
NDM5_952_4,0.21665500104427338,0.8488860130310059,0.9020447134971619,,
NDM5_952_7,0.22303618490695953,0.838246762752533,0.9014942646026611,,
NDM5_952_8,0.5680029988288879,0.8952978253364563,0.9236074686050415,,
NDM5_953_2,0.7857728600502014,0.9470796585083008,0.9377008676528931,,
NDM5_956_2,0.4477226734161377,0.9084814786911011,0.9143866300582886,,
NDM5_956_3,0.4387746751308441,0.8925666213035583,0.9037370085716248,,
NDM5_956_7,0.4496624171733856,0.9089720845222473,0.9090983867645264,,
NDM5_957_5,0.16353671252727509,0.8745536804199219,0.8868101239204407,,
NDM5_957_6,0.5748859643936157,0.9021447896957397,0.877726137638092,,
NDM5_957_7,0.2893633544445038,0.8850524425506592,0.8798396587371826,,
NDM5_957_8,0.34813806414604187,0.8804284930229187,0.8891522884368896,,
NDM5_958_9,0.5689725875854492,0.8991471529006958,0.9262546300888062,,
NDM5_959_3,0.5042777061462402,0.9354515671730042,0.9180548787117004,,
NDM5_959_6,0.5936504602432251,0.9277716875076294,0.9207556843757629,,
NDM5_95_3,0.44920894503593445,0.8801912665367126,0.8728427886962891,,
NDM5_95_5,0.18741431832313538,0.8429632782936096,0.9013650417327881,,
NDM5_95_8,0.39078351855278015,0.87477707862854,0.8799368739128113,,
NDM5_960_0,0.661526620388031,0.9311162233352661,0.8890310525894165,,
NDM5_960_1,0.7749049663543701,0.9436270594596863,0.9220371246337891,,
NDM5_960_5,0.5442236661911011,0.9133011102676392,0.9041366577148438,,
NDM5_962_0,0.4529971182346344,0.8882206678390503,0.861751139163971,,
NDM5_963_1,0.33726224303245544,0.8659088611602783,0.8852816820144653,,
NDM5_963_3,0.457846462726593,0.8690615296363831,0.901664674282074,,
NDM5_963_7,0.7250922918319702,0.9214144945144653,0.8846790194511414,,
NDM5_966_0,0.4224686026573181,0.869524359703064,0.8949414491653442,,
NDM5_966_1,0.3494468033313751,0.8782621622085571,0.8898759484291077,,
NDM5_966_3,0.5368238687515259,0.8986330628395081,0.952601969242096,,
NDM5_966_4,0.3506523072719574,0.8660690784454346,0.904815137386322,,
NDM5_967_1,0.5731103420257568,0.9113779067993164,0.8954481482505798,,
NDM5_968_1,0.39433401823043823,0.9127252101898193,0.9121204018592834,,
NDM5_968_5,0.2264864593744278,0.9015143513679504,0.9041833877563477,,
NDM5_96_0,0.34853464365005493,0.9011216163635254,0.9068398475646973,,
NDM5_96_2,0.5317021608352661,0.9216078519821167,0.9222226738929749,,
NDM5_96_4,0.3952470123767853,0.8827281594276428,0.9068987965583801,,
NDM5_96_6,0.5035392045974731,0.9118333458900452,0.8999871015548706,,
NDM5_96_7,0.4160708487033844,0.8847696185112,0.9067897200584412,,
NDM5_970_1,0.3940160572528839,0.8781604170799255,0.9248347282409668,,
NDM5_970_5,0.16955235600471497,0.8392295241355896,0.9129157066345215,,
NDM5_971_1,0.30660179257392883,0.7338907122612,0.9017226696014404,,
NDM5_971_8,0.3217169940471649,0.8751662373542786,0.8974711298942566,,
NDM5_973_1,0.19243235886096954,0.837334394454956,0.8987890481948853,,
NDM5_973_2,0.4672594964504242,0.8704157471656799,0.9205370545387268,,
NDM5_973_3,0.08705838769674301,0.8274452090263367,0.9148218631744385,,
NDM5_973_4,0.5009498000144958,0.8762030601501465,0.9127587080001831,,
NDM5_973_6,0.3083738386631012,0.8519821166992188,0.9090225100517273,,
NDM5_973_8,0.6029106378555298,0.8869534134864807,0.9030594825744629,,
NDM5_974_1,0.21234391629695892,0.843750536441803,0.8629934787750244,,
NDM5_974_7,0.4931522011756897,0.8795403838157654,0.8700286149978638,,
NDM5_975_0,0.4881245791912079,0.8940567374229431,0.915903627872467,,
NDM5_975_9,0.5771055817604065,0.9061098694801331,0.8943191766738892,,
NDM5_977_0,0.6313839554786682,0.9272751212120056,0.9167386293411255,,
NDM5_978_1,0.27712464332580566,0.9238640069961548,0.9250691533088684,,
NDM5_97_5,0.40580037236213684,0.8869383335113525,0.903351902961731,,
NDM5_97_9,0.3879470229148865,0.8861916065216064,0.8953055739402771,,
NDM5_980_0,0.35664138197898865,0.8584697842597961,0.8772505521774292,,
NDM5_980_6,0.42261457443237305,0.8841335773468018,0.8684206008911133,,
NDM5_980_9,0.3741392493247986,0.8649235367774963,0.8761885166168213,,
NDM5_981_1,0.6853158473968506,0.9391767978668213,0.9263938069343567,,
NDM5_981_9,0.47727134823799133,0.9131763577461243,0.9040104746818542,,
NDM5_982_0,0.3551434576511383,0.860447347164154,0.8971327543258667,,
NDM5_982_3,0.6856193542480469,0.9268231391906738,0.8830575346946716,,
NDM5_982_7,0.48230934143066406,0.891384482383728,0.9003673791885376,,
NDM5_984_2,0.362348347902298,0.9035241007804871,0.9013448357582092,,
NDM5_984_4,0.3694245517253876,0.9055144786834717,0.8827896118164062,,
NDM5_988_1,0.6579431891441345,0.9063786864280701,0.8611630201339722,,
NDM5_988_2,0.19087183475494385,0.8391687870025635,0.8700518012046814,,
NDM5_988_3,0.5446351170539856,0.8831077814102173,0.8676704168319702,,
NDM5_988_4,0.2851681113243103,0.8494818806648254,0.8666468262672424,,
NDM5_988_5,0.2836187183856964,0.8359451293945312,0.8609156608581543,,
NDM5_991_2,0.4256250858306885,0.8827248811721802,0.8889375329017639,,
NDM5_991_3,0.3013055622577667,0.8709282279014587,0.8920009732246399,,
NDM5_991_7,0.29753535985946655,0.8515153527259827,0.8954358100891113,,
NDM5_992_9,0.6865268349647522,0.9445070624351501,0.9341652393341064,,
NDM5_993_2,0.6671308279037476,0.8992852568626404,0.9000861048698425,,
NDM5_994_0,0.24537639319896698,0.845394492149353,0.8792466521263123,,
NDM5_994_2,0.7611187100410461,0.9298304319381714,0.867523193359375,,
NDM5_994_3,0.6422725915908813,0.9034644961357117,0.873039960861206,,
NDM5_994_4,0.17870979011058807,0.837207555770874,0.8955222964286804,,
NDM5_994_6,0.3503328263759613,0.8660269975662231,0.8821969628334045,,
NDM5_997_1,0.29134345054626465,0.9179164171218872,0.9151504635810852,,
NDM5_998_1,0.5016177892684937,0.9377207159996033,0.9221504330635071,,
NDM5_998_3,0.8040304780006409,0.9512362480163574,0.9288362264633179,,
NDM5_998_4,0.6727047562599182,0.9512585401535034,0.9198333621025085,,
NDM5_998_5,0.719771146774292,0.9519311189651489,0.9619823694229126,,
NDM5_998_6,0.37581667304039,0.9285198450088501,0.9237123131752014,,
NDM5_998_7,0.6947799324989319,0.9536756277084351,0.9262378811836243,,
NDM5_998_8,0.48513269424438477,0.9274381995201111,0.92649906873703,,
NDM5_999_1,0.4123755693435669,0.8605754971504211,0.9049790501594543,,
NDM5_999_3,0.25592419505119324,0.8457814455032349,0.9145382046699524,,
NDM5_999_8,0.13190272450447083,0.8311600685119629,0.9216697812080383,,
NDM5_999_9,0.5918006300926208,0.8952859044075012,0.9055920839309692,,
NDM5_99_4,0.5630626082420349,0.9037238359451294,0.8984282612800598,,
NDM5_99_5,0.6471447944641113,0.9344472289085388,0.908642053604126,,
NDM5_99_8,0.7845642566680908,0.9512466192245483,0.924360990524292,,
NDM5_99_9,0.7375651001930237,0.9384863376617432,0.9031966328620911,,
NDM5_9_5,0.49068933725357056,0.9232282042503357,0.9173741340637207,,
NDM5_9_7,0.8454074859619141,0.9426332712173462,0.924414873123169,,
rank0001_NDM5_1802,0.1865224987268448,0.8280410766601562,0.9117902517318726,,
rank0002_NDM5_1705,0.186098113656044,0.8673393726348877,0.8995291590690613,,
rank0003_NDM5_1427,0.9026970863342285,0.9593082666397095,0.9364311695098877,,
rank0004_NDM5_1119,0.2535032033920288,0.8516405820846558,0.9116904139518738,,
rank0006_NDM5_1465,0.5045538544654846,0.8488154411315918,0.9437428712844849,,
rank0007_NDM5_0985,0.3429122567176819,0.8549597859382629,0.9113600254058838,,
rank0008_NDM5_1344,0.7151502966880798,0.9233000874519348,0.9330111742019653,,
rank0009_NDM5_1603,0.9514932036399841,0.9207305312156677,0.954300582408905,,
rank0010_NDM5_0625,0.5357917547225952,0.8802499175071716,0.9181197881698608,,
rank0011_NDM5_1268,0.24634310603141785,0.8425540924072266,0.9301711320877075,,
rank0012_NDM5_0253,0.714002251625061,0.9099993705749512,0.8858963251113892,,
rank0013_NDM5_1100,0.41518762707710266,0.859317421913147,0.9235607385635376,,
rank0014_NDM5_4549,0.3887373208999634,0.8843359351158142,0.9159095287322998,,
rank0015_NDM5_3003,0.25372764468193054,0.8844610452651978,0.924868106842041,,
rank0016_NDM5_2033,0.6799931526184082,0.9118569493293762,0.900619626045227,,
rank0017_NDM5_0887,0.4327131509780884,0.8915054202079773,0.9150673747062683,,
rank0018_NDM5_4896,0.24867358803749084,0.8620468378067017,0.9014778137207031,,
rank0019_NDM5_1708,0.25329071283340454,0.8746898174285889,0.9040945172309875,,
rank0020_NDM5_3898,0.33895745873451233,0.8754992485046387,0.9014533162117004,,
rank0021_NDM5_1352,0.35161128640174866,0.8265475630760193,0.904852569103241,,
rank0022_NDM5_1201,0.2581328749656677,0.8542636632919312,0.9135393500328064,,
rank0023_NDM5_1857,0.40437883138656616,0.8717567920684814,0.9210825562477112,,
rank0026_NDM5_1393,0.21125023066997528,0.8663263320922852,0.9210771322250366,,
rank0027_NDM5_0619,0.5456928014755249,0.9177051782608032,0.9046353101730347,,
rank0028_NDM5_2071,0.28396540880203247,0.8631501197814941,0.9243444204330444,,
rank0029_NDM5_0054,0.8711863160133362,0.9259287714958191,0.9351359009742737,,
rank0030_NDM5_1822,0.41711392998695374,0.8665231466293335,0.9233406186103821,,
rank0031_NDM5_1400,0.4486050009727478,0.8724151253700256,0.926088809967041,,
rank0032_NDM5_0210,0.2743757665157318,0.8552252054214478,0.9158950448036194,,
rank0033_NDM5_2433,0.3225419223308563,0.8698170185089111,0.9277596473693848,,
rank0034_NDM5_2430,0.6547913551330566,0.9151719808578491,0.9068827629089355,,
rank0035_NDM5_0109,0.6240004301071167,0.88192218542099,0.937839150428772,,
rank0036_NDM5_0876,0.4396785795688629,0.861332893371582,0.9254551529884338,,
rank0037_NDM5_0023,0.5631080269813538,0.8757641315460205,0.917928159236908,,
rank0038_NDM5_0687,0.22984027862548828,0.8309334516525269,0.9159780740737915,,
rank0039_NDM5_1356,0.5627557039260864,0.9029462337493896,0.9254540205001831,,
rank0040_NDM5_0051,0.2673693299293518,0.8733031749725342,0.905826210975647,,
rank0041_NDM5_1960,0.6978945136070251,0.903374195098877,0.8929466009140015,,
rank0042_NDM5_0111,0.6443044543266296,0.9086384773254395,0.9201579689979553,,
rank0043_NDM5_0769,0.21276074647903442,0.8595894575119019,0.9186767339706421,,
rank0044_NDM5_2396,0.6673008799552917,0.9054059982299805,0.927748441696167,,
rank0045_NDM5_3604,0.40195924043655396,0.8771346211433411,0.8839714527130127,,
rank0046_NDM5_0076,0.12734542787075043,0.8452107310295105,0.9158678650856018,,
rank0047_NDM5_1542,0.18656770884990692,0.8584888577461243,0.9305959939956665,,
rank0048_NDM5_1617,0.5890887379646301,0.8956197500228882,0.9126300811767578,,
rank0049_NDM5_1541,0.17536085844039917,0.8541271686553955,0.9189542531967163,,
rank0050_NDM5_1826,0.19585935771465302,0.8299203515052795,0.9169109463691711,,
rank0051_NDM5_2913,0.5611194968223572,0.8228505849838257,0.922250509262085,,
rank0052_NDM5_2854,0.4514683485031128,0.8830819725990295,0.9329297542572021,,
rank0053_NDM5_1529,0.306779682636261,0.8731401562690735,0.9100207090377808,,
rank0054_NDM5_0115,0.7658823132514954,0.9351553916931152,0.9507254958152771,,
rank0055_NDM5_0906,0.5456629991531372,0.8877496719360352,0.9202641248703003,,
rank0056_NDM5_2204,0.5058039426803589,0.8666117191314697,0.9115243554115295,,
rank0058_NDM5_1939,0.5135602355003357,0.8281898498535156,0.9372269511222839,,
rank0059_NDM5_3204,0.39905425906181335,0.899551272392273,0.8923007249832153,,
rank0060_NDM5_4739,0.2736811935901642,0.8604415655136108,0.914993941783905,,
rank0061_NDM5_1016,0.6129141449928284,0.9121887683868408,0.918108344078064,,
rank0063_NDM5_3088,0.15361160039901733,0.837218165397644,0.9066298007965088,,
rank0064_NDM5_2087,0.33271411061286926,0.8941870927810669,0.9189000725746155,,
rank0066_NDM5_0955,0.5144842863082886,0.89205002784729,0.9353873133659363,,
rank0067_NDM5_0620,0.6881840229034424,0.923360288143158,0.9271242022514343,,
rank0068_NDM5_0447,0.1768476516008377,0.8605025410652161,0.9237784743309021,,
rank0069_NDM5_0615,0.6682153344154358,0.9152927398681641,0.9472265243530273,,
rank0070_NDM5_0374,0.8803802728652954,0.9524819850921631,0.943983793258667,,
rank0071_NDM5_1177,0.29400503635406494,0.8843804597854614,0.9207158088684082,,
rank0072_NDM5_4994,0.7882718443870544,0.9418702721595764,0.8755267858505249,,
rank0073_NDM5_4205,0.2631044387817383,0.8492105603218079,0.9274863004684448,,
rank0074_NDM5_3374,0.40580976009368896,0.8783494830131531,0.8824968934059143,,
rank0075_NDM5_2016,0.6471863985061646,0.9003122448921204,0.9027402400970459,,
rank0076_NDM5_0053,0.2308797389268875,0.8620631694793701,0.9204579591751099,,
rank0077_NDM5_2200,0.08607137948274612,0.8457406759262085,0.91619473695755,,
rank0078_NDM5_2374,0.5236536264419556,0.8756750226020813,0.9016867876052856,,
rank0079_NDM5_2756,0.6258624196052551,0.9132628440856934,0.9091475605964661,,
rank0080_NDM5_3112,0.2654840350151062,0.8316488265991211,0.9030276536941528,,
rank0081_NDM5_1211,0.3581131398677826,0.8535667061805725,0.9004173278808594,,
rank0082_NDM5_0012,0.20100732147693634,0.8515731692314148,0.912774384021759,,
rank0084_NDM5_0035,0.34809908270835876,0.8639752864837646,0.9316989183425903,,
rank0085_NDM5_3089,0.666702389717102,0.9048428535461426,0.917198657989502,,
rank0086_NDM5_1964,0.6262387037277222,0.881606936454773,0.9285560846328735,,
rank0087_NDM5_2415,0.5866948962211609,0.8638002872467041,0.8974720239639282,,
rank0089_NDM5_0954,0.6942831873893738,0.92554771900177,0.9391888976097107,,
rank0090_NDM5_2014,0.22060219943523407,0.8459007740020752,0.9205767512321472,,
rank0091_NDM5_1091,0.8671587109565735,0.8870244026184082,0.9462298154830933,,
rank0092_NDM5_1722,0.3996673822402954,0.8744983077049255,0.951495885848999,,
rank0093_NDM5_2194,0.32715359330177307,0.8887487053871155,0.8998472690582275,,
rank0093_NDM5_2194_2,0.19142277538776398,0.8708248138427734,0.9032720327377319,,
rank0094_NDM5_2397,0.1635100096464157,0.8495017886161804,0.9083223342895508,,
rank0095_NDM5_0179,0.387315958738327,0.8546302914619446,0.9240648150444031,,
rank0096_NDM5_0678,0.6034777760505676,0.898553729057312,0.8893740177154541,,
rank0097_NDM5_1559,0.27086007595062256,0.8442835211753845,0.9214023351669312,,
rank0098_NDM5_1581,0.7501267790794373,0.9273171424865723,0.9338082671165466,,
rank0100_NDM5_0881,0.3410905599594116,0.8714903593063354,0.9281754493713379,,
rank0101_NDM5_1467,0.7365572452545166,0.9247289299964905,0.9439972639083862,,
rank0102_NDM5_1224,0.6005878448486328,0.9228776097297668,0.9060981273651123,,
rank0103_NDM5_2259,0.4148252010345459,0.896938681602478,0.9400027394294739,,
rank0104_NDM5_1350,0.2935234010219574,0.8541050553321838,0.924670398235321,,
rank0105_NDM5_1903,0.5858913660049438,0.8928221464157104,0.8953758478164673,,
rank0106_NDM5_0460,0.5831089019775391,0.904842734336853,0.919660210609436,,
rank0107_NDM5_2446,0.8445487022399902,0.9365832209587097,0.9450442790985107,,
rank0108_NDM5_1004,0.7187711000442505,0.9158660769462585,0.919769287109375,,
rank0109_NDM5_0194,0.3050423860549927,0.8554377555847168,0.9186193943023682,,
rank0110_NDM5_1608,0.288051038980484,0.8221253752708435,0.8910325169563293,,
rank0111_NDM5_0222,0.4625454545021057,0.6948484182357788,0.942772388458252,,
rank0112_NDM5_4760,0.3418205976486206,0.8621768355369568,0.9361700415611267,,
rank0113_NDM5_1209,0.45164766907691956,0.8588079214096069,0.8793883323669434,,
rank0114_NDM5_2195,0.23679421842098236,0.8749481439590454,0.9359323382377625,,
rank0115_NDM5_3601,0.6885884404182434,0.9217183589935303,0.8910463452339172,,
rank0116_NDM5_1191,0.5454863905906677,0.9025256037712097,0.9210795164108276,,
rank0117_NDM5_0952,0.220787912607193,0.8375160694122314,0.8519218564033508,,
rank0118_NDM5_0475,0.39413830637931824,0.8657082319259644,0.9241344928741455,,
rank0119_NDM5_3256,0.4432902932167053,0.8878562450408936,0.8611016869544983,,
rank0120_NDM5_1019,0.21347303688526154,0.8541356325149536,0.9344086050987244,,
rank0121_NDM5_1721,0.20862537622451782,0.8488941192626953,0.9329828023910522,,
rank0122_NDM5_0932,0.25908875465393066,0.9025917649269104,0.9139399528503418,,
rank0123_NDM5_2384,0.14137953519821167,0.8695048093795776,0.9285164475440979,,
rank0125_NDM5_1880,0.583635687828064,0.8966957330703735,0.9170815944671631,,
rank0126_NDM5_3342,0.23756667971611023,0.846255898475647,0.9096836447715759,,
rank0126_NDM5_3342_2,0.4336860775947571,0.8590016961097717,0.8946616649627686,,
rank0127_NDM5_0033,0.607801616191864,0.9053741097450256,0.9069485068321228,,
rank0128_NDM5_0239,0.5893574953079224,0.9334062933921814,0.9379867911338806,,
rank0129_NDM5_1494,0.5308584570884705,0.8957809805870056,0.911304235458374,,
rank0130_NDM5_1821,0.5494290590286255,0.8901401162147522,0.9264548420906067,,
rank0132_NDM5_2207,0.4972609877586365,0.8564524054527283,0.9208895564079285,,
rank0133_NDM5_1003,0.7585989236831665,0.9343919157981873,0.9278191924095154,,
rank0134_NDM5_2882,0.45578625798225403,0.884330153465271,0.898807942867279,,
rank0135_NDM5_1771,0.3621082901954651,0.8851131796836853,0.9060993790626526,,
rank0135_NDM5_1771_2,0.3779516816139221,0.8900210857391357,0.8986733555793762,,
rank0136_NDM5_0036,0.38656672835350037,0.8609241843223572,0.909803569316864,,
rank0138_NDM5_1314,0.9114739298820496,0.9346054792404175,0.9643389582633972,,
rank0139_NDM5_0050,0.24557551741600037,0.8638733625411987,0.9180177450180054,,
rank0140_NDM5_1298,0.10882708430290222,0.8662901520729065,0.940891683101654,,
rank0141_NDM5_0042,0.5093390345573425,0.9043874740600586,0.9090662002563477,,
rank0142_NDM5_3418,0.3593403995037079,0.8528590798377991,0.8801014423370361,,
rank0143_NDM5_0100,0.4809931218624115,0.8815657496452332,0.932507336139679,,
rank0144_NDM5_1751,0.17969001829624176,0.8368316888809204,0.9210796356201172,,
rank0145_NDM5_0930,0.28504854440689087,0.9013253450393677,0.9026511907577515,,
rank0146_NDM5_0502,0.7538039088249207,0.9366351962089539,0.9221529364585876,,
rank0147_NDM5_1322,0.3180937170982361,0.843444287776947,0.8624535202980042,,
rank0148_NDM5_1591,0.9291346669197083,0.9091490507125854,0.9447584748268127,,
rank0149_NDM5_0589,0.4095379114151001,0.8390296101570129,0.9188011288642883,,
rank0150_NDM5_1549,0.46569257974624634,0.8616532683372498,0.9157059192657471,,
rank0151_NDM5_0225,0.4472205936908722,0.8082484602928162,0.9114010334014893,,
rank0152_NDM5_2440,0.3839307129383087,0.8786299824714661,0.9024174809455872,,
rank0153_NDM5_1101,0.3351735770702362,0.8387671113014221,0.8862194418907166,,
rank0154_NDM5_0717,0.3096443712711334,0.8622596859931946,0.9272337555885315,,
rank0155_NDM5_2245,0.07535652816295624,0.8505425453186035,0.9351356029510498,,
rank0156_NDM5_0528,0.6902976036071777,0.9278826117515564,0.9301626086235046,,
rank0157_NDM5_0297,0.40173912048339844,0.9077786803245544,0.9340981841087341,,
rank0158_NDM5_0711,0.4439464211463928,0.8885287642478943,0.9307222962379456,,
rank0159_NDM5_1585,0.2458508312702179,0.8862763047218323,0.8851078748703003,,
rank0160_NDM5_2476,0.26114922761917114,0.8491713404655457,0.9004185199737549,,
rank0161_NDM5_2395,0.682548999786377,0.8162078261375427,0.9348577260971069,,
rank0163_NDM5_0743,0.7310927510261536,0.9072806239128113,0.9455153942108154,,
rank0164_NDM5_2861,0.4623079001903534,0.8864461183547974,0.9012925028800964,,
rank0165_NDM5_2218,0.7488383650779724,0.9440712928771973,0.9049810767173767,,
rank0166_NDM5_0177,0.3583310842514038,0.8648999333381653,0.9309787154197693,,
rank0167_NDM5_2039,0.35797008872032166,0.8720424175262451,0.91859370470047,,
rank0168_NDM5_2452,0.7549038529396057,0.9468096494674683,0.9163639545440674,,
rank0169_NDM5_0201,0.20270833373069763,0.8567695617675781,0.9358128905296326,,
rank0170_NDM5_1702,0.24878337979316711,0.851035475730896,0.9091267585754395,,
rank0171_NDM5_0962,0.498596727848053,0.8895998001098633,0.9038655161857605,,
rank0171_NDM5_0962_2,0.5176136493682861,0.9066151976585388,0.9092917442321777,,
rank0172_NDM5_1482,0.17470130324363708,0.8453787565231323,0.9039716124534607,,
rank0173_NDM5_1790,0.3620813190937042,0.8861269950866699,0.905378520488739,,
rank0173_NDM5_1790_2,0.5002101063728333,0.9022999405860901,0.8918536901473999,,
rank0174_NDM5_1002,0.21363690495491028,0.8552630543708801,0.930914580821991,,
rank0175_NDM5_0474,0.09844603389501572,0.8518304228782654,0.9360721111297607,,
rank0175_NDM5_0474_2,0.4206724762916565,0.8866191506385803,0.9187638759613037,,
rank0176_NDM5_1388,0.5647138953208923,0.8969715237617493,0.9186254143714905,,
rank0177_NDM5_0355,0.3378784656524658,0.8799293041229248,0.9060718417167664,,
rank0178_NDM5_0136,0.8596967458724976,0.9536384344100952,0.9533250331878662,,
rank0179_NDM5_1157,0.8527061343193054,0.9479771256446838,0.9236743450164795,,
rank0180_NDM5_2432,0.21210196614265442,0.8483596444129944,0.9348863959312439,,
rank0181_NDM5_1050,0.7461716532707214,0.9149577617645264,0.952509880065918,,
rank0182_NDM5_2332,0.09867793321609497,0.8280330300331116,0.9221746325492859,,
rank0183_NDM5_1532,0.7192544341087341,0.9328756332397461,0.926037609577179,,
rank0184_NDM5_1915,0.3620971739292145,0.8638315200805664,0.9182411432266235,,
rank0185_NDM5_0463,0.3287574350833893,0.8676926493644714,0.9071756601333618,,
rank0186_NDM5_1277,0.3892565667629242,0.8580721616744995,0.9094462990760803,,
rank0187_NDM5_1056,0.438678503036499,0.8792838454246521,0.9269174933433533,,
rank0188_NDM5_1873,0.5022539496421814,0.884576678276062,0.8999175429344177,,
rank0189_NDM5_1777,0.4468128979206085,0.9067227244377136,0.9232475757598877,,
rank0190_NDM5_4705,0.5784563422203064,0.871402382850647,0.925250768661499,,
rank0191_NDM5_0960,0.5813968181610107,0.9124798774719238,0.9317381978034973,,
rank0192_NDM5_1379,0.8065424561500549,0.9328204393386841,0.8923660516738892,,
rank0193_NDM5_2402,0.6302973628044128,0.8944815993309021,0.9215460419654846,,
rank0194_NDM5_1831,0.23217491805553436,0.8916854858398438,0.8972283601760864,,
rank0195_NDM5_1014,0.5403395295143127,0.878603994846344,0.8939911723136902,,
rank0196_NDM5_0691,0.14819416403770447,0.8475292325019836,0.933544397354126,,
rank0197_NDM5_2086,0.7688924670219421,0.9324375987052917,0.9210509061813354,,
rank0198_NDM5_0661,0.7090178728103638,0.9215567708015442,0.9221553206443787,,
rank0199_NDM5_2370,0.5484052300453186,0.8487066626548767,0.9150868058204651,,
rank0200_NDM5_1351,0.5654723644256592,0.9042191505432129,0.9092753529548645,,
