design_id,ipSAE,ipSAE_min,ipSAE_max,ipSAE_d0chn,ipSAE_d0dom,ipTM_af,pDockQ,pDockQ2,LIS,status
KPC3_0004,0.017998,0.014394,0.017998,0.386549,0.378631,0.584,0.2149,0.0537,0.1906,ok
KPC3_0008,0.374221,0.048203,0.374221,0.618324,0.614513,0.751,0.1019,0.1496,0.3809,ok
KPC3_0008_2,0.374221,0.048203,0.374221,0.618324,0.614513,0.751,0.1019,0.1496,0.3809,ok
KPC3_0008_3,0.239265,0.037441,0.239265,0.566622,0.562586,0.726,0.1834,0.11,0.3309,ok
KPC3_0008_4,0.020472,0.016623,0.020472,0.412597,0.406213,0.621,0.1531,0.0572,0.216,ok
KPC3_0012,0.0,0.0,0.0,0.0,0.0,0.266,0.1627,0.0128,0.0,ok
KPC3_0017,0.0,0.0,0.0,0.0,0.0,0.242,0.0679,0.0142,0.0,ok
KPC3_0020,0.04596,0.011906,0.04596,0.335992,0.151068,0.559,0.1734,0.0428,0.1064,ok
KPC3_0025,0.0,0.0,0.0,0.0,0.0,0.233,0.1825,0.0156,0.0,ok
KPC3_0030,0.030329,0.012761,0.030329,0.343991,0.310859,0.608,0.202,0.059,0.1167,ok
KPC3_0031,0.010767,0.0,0.010767,0.294029,0.010767,0.396,0.1101,0.0199,0.0308,ok
KPC3_0034,0.0,0.0,0.0,0.0,0.0,0.392,0.222,0.0221,0.0098,ok
KPC3_0037,0.022037,0.013681,0.022037,0.345032,0.223529,0.585,0.1992,0.0364,0.1021,ok
KPC3_0040,0.01235,0.011871,0.01235,0.322998,0.039077,0.416,0.2224,0.0223,0.0838,ok
KPC3_0043,0.0,0.0,0.0,0.0,0.0,0.311,0.2013,0.0131,0.0,ok
KPC3_0048,0.214444,0.047743,0.214444,0.380682,0.353468,0.652,0.2243,0.0795,0.1818,ok
KPC3_0053,0.452577,0.035225,0.452577,0.561058,0.557179,0.779,0.2346,0.1126,0.332,ok
KPC3_0053_2,0.452577,0.035225,0.452577,0.561058,0.557179,0.779,0.2346,0.1126,0.332,ok
KPC3_0053_3,0.022482,0.015241,0.022482,0.355778,0.323412,0.572,0.1909,0.0301,0.131,ok
KPC3_0053_4,0.329998,0.020916,0.329998,0.42808,0.417934,0.708,0.1628,0.0669,0.2416,ok
KPC3_0054,0.476094,0.041378,0.476094,0.604639,0.599304,0.796,0.1388,0.1468,0.409,ok
KPC3_0055,0.0,0.0,0.0,0.0,0.0,0.18,0.1163,0.0112,0.0,ok
KPC3_0056,0.0,0.0,0.0,0.0,0.0,0.39,0.0561,0.0199,0.0141,ok
KPC3_0059,0.077272,0.020632,0.077272,0.425008,0.418838,0.64,0.2344,0.0521,0.2174,ok
KPC3_0072,0.542922,0.115151,0.542922,0.789336,0.787241,0.846,0.2306,0.3118,0.5103,ok
KPC3_0073,0.08024,0.016567,0.08024,0.368271,0.354942,0.672,0.1008,0.0563,0.205,ok
KPC3_0077,0.641484,0.210395,0.641484,0.901238,0.900053,0.921,0.1389,0.3125,0.6117,ok
KPC3_0079,0.22057,0.022371,0.22057,0.436307,0.430673,0.689,0.2251,0.0804,0.2525,ok
KPC3_0090,0.044185,0.012854,0.044185,0.322829,0.178756,0.577,0.2202,0.0414,0.1093,ok
KPC3_0095,0.137815,0.022634,0.137815,0.443317,0.44017,0.682,0.2275,0.0745,0.2407,ok
KPC3_0096,0.074236,0.028853,0.074236,0.494864,0.491742,0.641,0.2961,0.1331,0.2593,ok
KPC3_0103,0.401386,0.033843,0.401386,0.551347,0.54749,0.781,0.185,0.0822,0.3316,ok
KPC3_0104,0.0,0.0,0.0,0.0,0.0,0.311,0.0862,0.0144,0.0162,ok
KPC3_0104_2,0.0,0.0,0.0,0.0,0.0,0.311,0.0862,0.0144,0.0162,ok
KPC3_0104_3,0.0,0.0,0.0,0.0,0.0,0.389,0.1828,0.0183,0.021,ok
KPC3_0104_4,0.0,0.0,0.0,0.0,0.0,0.405,0.0745,0.0197,0.0069,ok
KPC3_0107,0.036101,0.015588,0.036101,0.363611,0.327727,0.513,0.1913,0.0374,0.1393,ok
KPC3_0113,0.105989,0.018635,0.105989,0.400957,0.390886,0.644,0.1865,0.0462,0.2018,ok
KPC3_0116,0.0,0.0,0.0,0.0,0.0,0.412,0.2024,0.0194,0.0104,ok
KPC3_0117,0.129518,0.014688,0.129518,0.344687,0.284956,0.651,0.0848,0.0396,0.1547,ok
KPC3_0121,0.063711,0.01343,0.063711,0.336915,0.292866,0.594,0.1244,0.0434,0.1443,ok
KPC3_0124,0.011261,0.0,0.011261,0.288221,0.011261,0.43,0.1597,0.0202,0.0479,ok
KPC3_0128,0.547135,0.054929,0.547135,0.667755,0.664186,0.819,0.1103,0.1867,0.4636,ok
KPC3_0130,0.056037,0.014314,0.056037,0.350187,0.326503,0.588,0.3185,0.0502,0.1236,ok
KPC3_0131,0.112276,0.02679,0.112276,0.374319,0.362079,0.619,0.245,0.0426,0.1745,ok
KPC3_0132,0.0,0.0,0.0,0.0,0.0,0.238,0.1052,0.0167,0.0,ok
KPC3_0133,0.294059,0.057935,0.294059,0.498655,0.483128,0.746,0.1248,0.123,0.2343,ok
KPC3_0134,0.0,0.0,0.0,0.0,0.0,0.388,0.0895,0.0165,0.0,ok
KPC3_0136,0.0,0.0,0.0,0.0,0.0,0.409,0.1206,0.0197,0.0066,ok
KPC3_0142,0.332916,0.040843,0.332916,0.570159,0.567122,0.743,0.1711,0.132,0.3446,ok
KPC3_0142_2,0.332916,0.040843,0.332916,0.570159,0.567122,0.743,0.1711,0.132,0.3446,ok
KPC3_0142_3,0.210368,0.03378,0.210368,0.527015,0.524683,0.715,0.1459,0.103,0.3091,ok
KPC3_0142_4,0.354931,0.037061,0.354931,0.56736,0.564173,0.764,0.277,0.1247,0.3531,ok
KPC3_0143,0.452095,0.068685,0.452095,0.705882,0.70322,0.814,0.209,0.2185,0.4373,ok
KPC3_0152,0.01212,0.011932,0.01212,0.306455,0.117648,0.541,0.0936,0.0214,0.086,ok
KPC3_0153,0.031376,0.014231,0.031376,0.342759,0.318131,0.573,0.1831,0.036,0.1264,ok
KPC3_0156,0.0,0.0,0.0,0.0,0.0,0.422,0.0585,0.0139,0.0203,ok
KPC3_0164,0.46626,0.049291,0.46626,0.637566,0.633915,0.792,0.1458,0.3009,0.4342,ok
KPC3_0172,0.338317,0.034759,0.338317,0.555469,0.552253,0.758,0.1023,0.1247,0.3444,ok
KPC3_0172_2,0.338317,0.034759,0.338317,0.555469,0.552253,0.758,0.1023,0.1247,0.3444,ok
KPC3_0172_3,0.125552,0.020713,0.125552,0.423445,0.413793,0.674,0.0941,0.0586,0.2358,ok
KPC3_0172_4,0.345949,0.036105,0.345949,0.563264,0.560072,0.766,0.1127,0.1265,0.3468,ok
KPC3_0173,0.014072,0.012422,0.014072,0.332985,0.31274,0.565,0.0671,0.0358,0.1329,ok
KPC3_0174,0.207655,0.025634,0.207655,0.464373,0.459652,0.681,0.2726,0.0934,0.2589,ok
KPC3_0175,0.659536,0.122373,0.659536,0.802278,0.801298,0.859,0.207,0.2926,0.5378,ok
KPC3_0176,0.0,0.0,0.0,0.0,0.0,0.389,0.0737,0.0167,0.0217,ok
KPC3_0181,0.0,0.0,0.0,0.0,0.0,0.278,0.2951,0.0147,0.0,ok
KPC3_0182,0.0,0.0,0.0,0.0,0.0,0.23,0.1241,0.0144,0.0061,ok
KPC3_0185,0.013227,0.0,0.013227,0.338697,0.061354,0.401,0.1137,0.0229,0.0606,ok
KPC3_0191,0.20713,0.022509,0.20713,0.445484,0.440728,0.71,0.2076,0.0616,0.2584,ok
KPC3_0196,0.310689,0.031695,0.310689,0.528651,0.525491,0.749,0.2964,0.1105,0.3272,ok
KPC3_0197,0.037848,0.014686,0.037848,0.346375,0.133117,0.569,0.1669,0.0327,0.0947,ok
KPC3_0199,0.051308,0.018093,0.051308,0.388973,0.378222,0.575,0.1927,0.0501,0.1841,ok
KPC3_0201,0.339853,0.036078,0.339853,0.551346,0.547441,0.752,0.297,0.144,0.3463,ok
KPC3_0203,0.107739,0.015219,0.107739,0.350738,0.334053,0.645,0.0747,0.0497,0.1693,ok
KPC3_0205,0.382821,0.04141,0.382821,0.589809,0.585941,0.744,0.243,0.1527,0.364,ok
KPC3_0207,0.0,0.0,0.0,0.0,0.0,0.447,0.1075,0.0229,0.023,ok
KPC3_0209,0.026815,0.018472,0.026815,0.394778,0.386999,0.615,0.1414,0.0442,0.1994,ok
KPC3_0212,0.0,0.0,0.0,0.0,0.0,0.164,0.1304,0.0126,0.0,ok
KPC3_0213,0.062752,0.012698,0.062752,0.367496,0.146365,0.555,0.1761,0.0296,0.1011,ok
KPC3_0220,0.0,0.0,0.0,0.0,0.0,0.177,0.0926,0.0108,0.0,ok
KPC3_0222,0.553937,0.171052,0.553937,0.723228,0.720243,0.849,0.217,0.2486,0.5106,ok
KPC3_0224,0.0,0.0,0.0,0.0,0.0,0.34,0.0497,0.0153,0.0,ok
KPC3_0225,0.0,0.0,0.0,0.0,0.0,0.267,0.2229,0.0122,0.0,ok
KPC3_0227,0.0,0.0,0.0,0.0,0.0,0.224,0.1151,0.0141,0.0,ok
KPC3_0228,0.012054,0.01083,0.012054,0.315131,0.039996,0.55,0.2572,0.0234,0.0576,ok
KPC3_0234,0.0,0.0,0.0,0.0,0.0,0.381,0.1188,0.0168,0.0,ok
KPC3_0241,0.331702,0.033075,0.331702,0.544243,0.538567,0.745,0.1388,0.0955,0.329,ok
KPC3_0242,0.417343,0.050801,0.417343,0.625798,0.622912,0.754,0.1418,0.1283,0.3938,ok
KPC3_0243,0.175507,0.017349,0.175507,0.382231,0.373709,0.66,0.1568,0.0819,0.2165,ok
KPC3_0245,0.114953,0.015329,0.114953,0.353982,0.337144,0.602,0.0753,0.0475,0.1727,ok
KPC3_0247,0.012251,0.0,0.012251,0.304607,0.012251,0.496,0.0983,0.0187,0.0566,ok
KPC3_0255,0.0,0.0,0.0,0.0,0.0,0.198,0.1888,0.0118,0.0,ok
KPC3_0262,0.180037,0.028138,0.180037,0.417554,0.410781,0.689,0.1435,0.093,0.2244,ok
KPC3_0264,0.0,0.0,0.0,0.0,0.0,0.264,0.1473,0.0133,0.0,ok
KPC3_0266,0.0,0.0,0.0,0.0,0.0,0.213,0.058,0.0105,0.0,ok
KPC3_0267,0.01238,0.011398,0.01238,0.315281,0.190072,0.553,0.106,0.0229,0.0785,ok
KPC3_0268,0.717557,0.149159,0.717557,0.799467,0.798023,0.879,0.139,0.1842,0.5443,ok
KPC3_0270,0.0,0.0,0.0,0.0,0.0,0.302,0.0691,0.0144,0.0243,ok
KPC3_0274,0.0,0.0,0.0,0.0,0.0,0.217,0.0323,0.0136,0.0,ok
KPC3_0275,0.0,0.0,0.0,0.0,0.0,0.212,0.0513,0.0134,0.0,ok
KPC3_0276,0.0,0.0,0.0,0.0,0.0,0.282,0.2053,0.0168,0.0,ok
KPC3_0278,0.0,0.0,0.0,0.0,0.0,0.281,0.1782,0.0133,0.0,ok
KPC3_0286,0.0,0.0,0.0,0.0,0.0,0.257,0.1351,0.0144,0.0,ok
KPC3_0288,0.0,0.0,0.0,0.0,0.0,0.383,0.0843,0.0196,0.0323,ok
KPC3_0290,0.0,0.0,0.0,0.0,0.0,0.224,0.1276,0.0129,0.0,ok
KPC3_0293,0.07166,0.015185,0.07166,0.364318,0.276681,0.617,0.1017,0.0299,0.1327,ok
KPC3_0295,0.010828,0.0,0.010828,0.287808,0.010828,0.468,0.1093,0.0251,0.0446,ok
KPC3_0297,0.0,0.0,0.0,0.0,0.0,0.394,0.1744,0.0164,0.0028,ok
KPC3_0300,0.0,0.0,0.0,0.0,0.0,0.343,0.1396,0.02,0.026,ok
KPC3_0302,0.0,0.0,0.0,0.0,0.0,0.276,0.1369,0.0124,0.0,ok
KPC3_0305,0.012755,0.0,0.012755,0.325173,0.053692,0.513,0.1424,0.0225,0.0709,ok
KPC3_0306,0.0,0.0,0.0,0.0,0.0,0.198,0.0631,0.0116,0.0,ok
KPC3_0307,0.0,0.0,0.0,0.0,0.0,0.334,0.0996,0.0142,0.0069,ok
KPC3_0310,0.07102,0.018823,0.07102,0.401662,0.391377,0.646,0.1043,0.0583,0.2084,ok
KPC3_0311,0.0,0.0,0.0,0.0,0.0,0.312,0.0813,0.0137,0.0,ok
KPC3_0312,0.447168,0.043454,0.447168,0.610648,0.606014,0.791,0.085,0.0977,0.3804,ok
KPC3_0313,0.367247,0.043359,0.367247,0.596682,0.593654,0.752,0.2613,0.1444,0.3559,ok
KPC3_0314,0.452378,0.046153,0.452378,0.615563,0.612562,0.773,0.1874,0.123,0.3916,ok
KPC3_0318,0.661084,0.239905,0.661084,0.909671,0.908608,0.925,0.1857,0.3402,0.6154,ok
KPC3_0327,0.355342,0.034839,0.355342,0.551101,0.546355,0.755,0.2664,0.1221,0.3345,ok
KPC3_0329,0.011832,0.0,0.011832,0.297731,0.011832,0.486,0.1241,0.0201,0.0463,ok
KPC3_0331,0.526518,0.081874,0.526518,0.602253,0.599476,0.761,0.0986,0.1217,0.4269,ok
KPC3_0332,0.012611,0.012339,0.012611,0.321293,0.245293,0.584,0.1887,0.0491,0.1072,ok
KPC3_0334,0.062512,0.01331,0.062512,0.331989,0.222865,0.548,0.2373,0.0283,0.1148,ok
KPC3_0346,0.56492,0.118734,0.56492,0.783669,0.782631,0.876,0.16,0.2335,0.4937,ok
KPC3_0351,0.145562,0.036867,0.145562,0.558497,0.554504,0.706,0.205,0.1218,0.3113,ok
KPC3_0352,0.288897,0.045253,0.288897,0.60742,0.60512,0.752,0.1475,0.1337,0.363,ok
KPC3_0353,0.281273,0.045554,0.281273,0.61222,0.609918,0.764,0.3568,0.2278,0.355,ok
KPC3_0355,0.075921,0.019126,0.075921,0.401983,0.39317,0.656,0.1017,0.0503,0.2217,ok
KPC3_0359,0.416264,0.091253,0.416264,0.745342,0.743547,0.829,0.3607,0.3886,0.4777,ok
KPC3_0362,0.0,0.0,0.0,0.0,0.0,0.283,0.1607,0.0175,0.0,ok
KPC3_0364,0.0,0.0,0.0,0.0,0.0,0.148,0.1737,0.0117,0.0,ok
KPC3_0370,0.051775,0.026395,0.051775,0.476242,0.470546,0.654,0.0781,0.0796,0.2474,ok
KPC3_0372,0.204384,0.028362,0.204384,0.493448,0.4894,0.704,0.1281,0.0805,0.29,ok
KPC3_0373,0.571986,0.089521,0.571986,0.756337,0.75516,0.839,0.2334,0.2703,0.4953,ok
KPC3_0374,0.323497,0.049732,0.323497,0.635951,0.632923,0.782,0.2728,0.1697,0.382,ok
KPC3_0375,0.468598,0.069328,0.468598,0.67737,0.675377,0.775,0.2258,0.2757,0.4352,ok
KPC3_0376,0.541072,0.107927,0.541072,0.795952,0.794366,0.868,0.1977,0.2807,0.5172,ok
KPC3_0382,0.0,0.0,0.0,0.0,0.0,0.321,0.0567,0.0141,0.0,ok
KPC3_0386,0.0,0.0,0.0,0.0,0.0,0.355,0.0887,0.0155,0.0138,ok
KPC3_0387,0.0,0.0,0.0,0.0,0.0,0.282,0.1044,0.0151,0.0001,ok
KPC3_0389,0.629648,0.112232,0.629648,0.793733,0.792216,0.862,0.3158,0.3954,0.5856,ok
KPC3_0391,0.73896,0.166671,0.73896,0.85023,0.849129,0.889,0.322,0.3866,0.623,ok
KPC3_0392,0.0,0.0,0.0,0.0,0.0,0.198,0.1853,0.0117,0.0,ok
KPC3_0393,0.0,0.0,0.0,0.0,0.0,0.409,0.104,0.0154,0.0184,ok
KPC3_0394,0.0,0.0,0.0,0.0,0.0,0.375,0.0966,0.0136,0.0109,ok
KPC3_0397,0.447921,0.039073,0.447921,0.594864,0.591836,0.776,0.2647,0.1556,0.38,ok
KPC3_0398,0.010911,0.0,0.010911,0.286208,0.010911,0.416,0.1086,0.0162,0.0437,ok
KPC3_0403,0.411195,0.079337,0.411195,0.523293,0.518834,0.748,0.2279,0.112,0.3538,ok
KPC3_0404,0.0,0.0,0.0,0.0,0.0,0.268,0.1195,0.0141,0.0042,ok
KPC3_0407,0.0,0.0,0.0,0.0,0.0,0.357,0.1908,0.0131,0.0156,ok
KPC3_0408,0.0,0.0,0.0,0.0,0.0,0.318,0.1229,0.0158,0.0,ok
KPC3_0413,0.018703,0.010998,0.018703,0.343036,0.071056,0.576,0.0966,0.0281,0.0799,ok
KPC3_0414,0.0,0.0,0.0,0.0,0.0,0.306,0.0845,0.0142,0.0,ok
KPC3_0417,0.268625,0.021868,0.268625,0.442906,0.433355,0.702,0.136,0.0554,0.2453,ok
KPC3_0418,0.277559,0.026885,0.277559,0.481131,0.476496,0.681,0.145,0.0676,0.2643,ok
KPC3_0422,0.434918,0.038918,0.434918,0.581962,0.577319,0.764,0.2414,0.1676,0.3858,ok
KPC3_0430,0.014639,0.013259,0.014639,0.321856,0.277241,0.557,0.0689,0.0393,0.1276,ok
KPC3_0435,0.014017,0.012941,0.014017,0.333088,0.314584,0.594,0.1087,0.0424,0.1433,ok
KPC3_0443,0.014971,0.01314,0.014971,0.343559,0.322602,0.556,0.0961,0.0335,0.148,ok
KPC3_0444,0.058385,0.02261,0.058385,0.437939,0.432279,0.633,0.2131,0.0705,0.2358,ok
KPC3_0446,0.301815,0.046867,0.301815,0.622311,0.6192,0.778,0.1897,0.1843,0.368,ok
KPC3_0450,0.485904,0.041518,0.485904,0.602042,0.598263,0.78,0.2069,0.1377,0.4127,ok
KPC3_0453,0.011452,0.0,0.011452,0.294365,0.011452,0.431,0.1629,0.0205,0.0357,ok
KPC3_0457,0.28448,0.02503,0.28448,0.476543,0.468576,0.731,0.0858,0.0541,0.2664,ok
KPC3_0459,0.0,0.0,0.0,0.0,0.0,0.45,0.1413,0.0179,0.0126,ok
KPC3_0460,0.012524,0.011009,0.012524,0.327268,0.065388,0.52,0.099,0.0224,0.0699,ok
KPC3_0461,0.0,0.0,0.0,0.0,0.0,0.292,0.0844,0.0166,0.0,ok
KPC3_0464,0.0,0.0,0.0,0.0,0.0,0.268,0.175,0.0142,0.0,ok
KPC3_0465,0.0,0.0,0.0,0.0,0.0,0.282,0.124,0.0147,0.0,ok
KPC3_0472,0.627294,0.076066,0.627294,0.732359,0.729932,0.843,0.2351,0.2317,0.5114,ok
KPC3_0473,0.274177,0.019057,0.274177,0.406311,0.394877,0.651,0.2048,0.0558,0.2205,ok
KPC3_0474,0.590156,0.070454,0.590156,0.708935,0.706423,0.829,0.2278,0.155,0.4786,ok
KPC3_0477,0.261111,0.020793,0.261111,0.432819,0.423431,0.714,0.0949,0.0542,0.2441,ok
KPC3_0478,0.621996,0.091981,0.621996,0.729793,0.727583,0.811,0.1255,0.3282,0.5255,ok
KPC3_0479,0.0,0.0,0.0,0.0,0.0,0.316,0.1342,0.0142,0.0,ok
KPC3_0480,0.013276,0.012487,0.013276,0.331183,0.257775,0.554,0.1355,0.0285,0.0862,ok
KPC3_0484,0.0,0.0,0.0,0.0,0.0,0.398,0.134,0.0194,0.0235,ok
KPC3_0486,0.228932,0.030681,0.228932,0.436682,0.420443,0.692,0.1706,0.0716,0.2054,ok
KPC3_0493,0.0,0.0,0.0,0.0,0.0,0.262,0.0725,0.0134,0.0,ok
KPC3_0495,0.0,0.0,0.0,0.0,0.0,0.362,0.1313,0.0145,0.0108,ok
KPC3_0499,0.0,0.0,0.0,0.0,0.0,0.294,0.1103,0.0154,0.0,ok
KPC3_0502,0.0,0.0,0.0,0.0,0.0,0.282,0.1001,0.0137,0.0,ok
KPC3_0503,0.0,0.0,0.0,0.0,0.0,0.379,0.1192,0.0187,0.0073,ok
KPC3_0504,0.0,0.0,0.0,0.0,0.0,0.297,0.1014,0.0129,0.0,ok
KPC3_0512,0.0,0.0,0.0,0.0,0.0,0.342,0.0965,0.0157,0.0,ok
KPC3_0517,0.0,0.0,0.0,0.0,0.0,0.386,0.1767,0.015,0.0109,ok
KPC3_0519,0.514011,0.124216,0.514011,0.650805,0.647434,0.797,0.132,0.1677,0.4581,ok
KPC3_0521,0.014975,0.012516,0.014975,0.345717,0.319833,0.56,0.0768,0.0387,0.1381,ok
KPC3_0521_2,0.014975,0.012516,0.014975,0.345717,0.319833,0.56,0.0768,0.0387,0.1381,ok
KPC3_0521_3,0.671459,0.172323,0.671459,0.862064,0.861303,0.888,0.2321,0.3544,0.5487,ok
KPC3_0521_4,0.011588,0.0,0.011588,0.290169,0.027753,0.464,0.0845,0.0232,0.0652,ok
KPC3_0522,0.585385,0.094543,0.585385,0.762299,0.759994,0.849,0.1655,0.2684,0.5145,ok
KPC3_0523,0.454044,0.07261,0.454044,0.720388,0.719082,0.834,0.249,0.2769,0.4586,ok
KPC3_0524,0.0,0.0,0.0,0.0,0.0,0.422,0.2761,0.0261,0.0376,ok
KPC3_0527,0.326108,0.063396,0.326108,0.697697,0.694912,0.818,0.1655,0.2321,0.4055,ok
KPC3_0529,0.588163,0.080986,0.588163,0.699649,0.696519,0.799,0.165,0.2658,0.4755,ok
KPC3_0530,0.0,0.0,0.0,0.0,0.0,0.361,0.2211,0.0182,0.0106,ok
KPC3_0533,0.0,0.0,0.0,0.0,0.0,0.296,0.1094,0.0154,0.0093,ok
KPC3_0536,0.0,0.0,0.0,0.0,0.0,0.269,0.1681,0.0143,0.0,ok
KPC3_0542,0.021291,0.012658,0.021291,0.423435,0.416184,0.6,0.1892,0.066,0.2035,ok
KPC3_0544,0.245356,0.029863,0.245356,0.512081,0.50795,0.721,0.1097,0.1007,0.298,ok
KPC3_0547,0.321534,0.061838,0.321534,0.685502,0.682682,0.802,0.2199,0.2033,0.4064,ok
KPC3_0553,0.472925,0.077914,0.472925,0.743262,0.740774,0.854,0.2237,0.23,0.4721,ok
KPC3_0555,0.0,0.0,0.0,0.0,0.0,0.408,0.0899,0.0203,0.0174,ok
KPC3_0559,0.515652,0.079952,0.515652,0.7468,0.743711,0.842,0.1207,0.1958,0.4713,ok
KPC3_0569,0.030758,0.013603,0.030758,0.325286,0.291362,0.612,0.0873,0.0407,0.1346,ok
KPC3_0571,0.424804,0.043579,0.424804,0.609036,0.605967,0.793,0.0992,0.1469,0.3856,ok
KPC3_0576,0.011917,0.011542,0.011917,0.298762,0.013718,0.488,0.0886,0.0227,0.0739,ok
KPC3_0578,0.012422,0.011518,0.012422,0.307642,0.023989,0.529,0.114,0.0283,0.0725,ok
KPC3_0580,0.013392,0.012668,0.013392,0.325633,0.291811,0.563,0.142,0.0316,0.1297,ok
KPC3_0581,0.627273,0.079575,0.627273,0.716415,0.713894,0.815,0.0981,0.1189,0.4496,ok
KPC3_0587,0.498713,0.052461,0.498713,0.657637,0.654751,0.821,0.1333,0.1442,0.4565,ok
KPC3_0588,0.447334,0.056511,0.447334,0.66624,0.664843,0.794,0.1799,0.1432,0.4344,ok
KPC3_0590,0.264696,0.032172,0.264696,0.426565,0.419781,0.702,0.1763,0.063,0.2268,ok
KPC3_0593,0.011949,0.0,0.011949,0.308561,0.011949,0.46,0.1847,0.0184,0.0399,ok
KPC3_0594,0.0,0.0,0.0,0.0,0.0,0.298,0.0924,0.018,0.0,ok
KPC3_0595,0.164502,0.012795,0.164502,0.355958,0.245783,0.644,0.2015,0.0688,0.1472,ok
KPC3_0599,0.503675,0.036306,0.503675,0.558574,0.541219,0.748,0.2643,0.047,0.3504,ok
KPC3_0602,0.277422,0.0217,0.277422,0.438897,0.430116,0.704,0.1398,0.073,0.2671,ok
KPC3_0602_2,0.277422,0.0217,0.277422,0.438897,0.430116,0.704,0.1398,0.073,0.2671,ok
KPC3_0602_3,0.724633,0.175134,0.724633,0.866373,0.865635,0.902,0.2121,0.2965,0.6487,ok
KPC3_0602_4,0.011915,0.011146,0.011915,0.300424,0.024803,0.556,0.0797,0.0218,0.0666,ok
KPC3_0605,0.0,0.0,0.0,0.0,0.0,0.407,0.0733,0.0155,0.0281,ok
KPC3_0610,0.194146,0.024608,0.194146,0.465255,0.458725,0.695,0.1298,0.0888,0.2659,ok
KPC3_0613,0.0,0.0,0.0,0.0,0.0,0.426,0.0654,0.0176,0.0105,ok
KPC3_0616,0.070289,0.017815,0.070289,0.385979,0.374168,0.613,0.0625,0.0395,0.2028,ok
KPC3_0619,0.226833,0.043776,0.226833,0.594372,0.591339,0.728,0.3487,0.2064,0.3475,ok
KPC3_0620,0.0,0.0,0.0,0.0,0.0,0.323,0.1312,0.0133,0.0,ok
KPC3_0623,0.0,0.0,0.0,0.0,0.0,0.365,0.0481,0.0184,0.0035,ok
KPC3_0624,0.0,0.0,0.0,0.0,0.0,0.42,0.1312,0.0169,0.0226,ok
KPC3_0625,0.013266,0.012989,0.013266,0.332234,0.087164,0.535,0.2177,0.0191,0.0953,ok
KPC3_0626,0.0,0.0,0.0,0.0,0.0,0.229,0.1575,0.0153,0.0033,ok
KPC3_0633,0.011191,0.0,0.011191,0.29901,0.011191,0.347,0.103,0.0161,0.0375,ok
KPC3_0638,0.0,0.0,0.0,0.0,0.0,0.34,0.1289,0.0176,0.0302,ok
KPC3_0639,0.01281,0.012364,0.01281,0.327839,0.165834,0.529,0.1125,0.0312,0.1007,ok
KPC3_0641,0.131144,0.015909,0.131144,0.362408,0.34067,0.65,0.1615,0.045,0.1719,ok
KPC3_0641_2,0.131144,0.015909,0.131144,0.362408,0.34067,0.65,0.1615,0.045,0.1719,ok
KPC3_0641_3,0.011682,0.0,0.011682,0.29524,0.011682,0.47,0.1491,0.0196,0.0517,ok
KPC3_0641_4,0.121156,0.017428,0.121156,0.382351,0.37075,0.668,0.1518,0.054,0.1896,ok
KPC3_0643,0.064666,0.015115,0.064666,0.350592,0.335512,0.62,0.1042,0.0471,0.1659,ok
KPC3_0644,0.011541,0.011222,0.011541,0.292675,0.011541,0.498,0.1337,0.0235,0.0514,ok
KPC3_0645,0.246267,0.030338,0.246267,0.522453,0.517597,0.752,0.0992,0.0877,0.2978,ok
KPC3_0650,0.0,0.0,0.0,0.0,0.0,0.348,0.2196,0.014,0.0044,ok
KPC3_0652,0.129969,0.024295,0.129969,0.359827,0.345426,0.654,0.199,0.0401,0.1664,ok
KPC3_0655,0.0,0.0,0.0,0.0,0.0,0.384,0.2339,0.0156,0.0,ok
KPC3_0656,0.012112,0.011652,0.012112,0.311967,0.153311,0.524,0.2609,0.0404,0.0766,ok
KPC3_0658,0.011422,0.0,0.011422,0.299637,0.011422,0.331,0.1747,0.0164,0.0463,ok
KPC3_0661,0.011118,0.0,0.011118,0.293316,0.011118,0.44,0.0862,0.0148,0.0229,ok
KPC3_0662,0.135282,0.017533,0.135282,0.391778,0.37921,0.626,0.1891,0.0522,0.1886,ok
KPC3_0664,0.0,0.0,0.0,0.0,0.0,0.396,0.0903,0.015,0.0,ok
KPC3_0664_2,0.0,0.0,0.0,0.0,0.0,0.396,0.0903,0.015,0.0,ok
KPC3_0664_3,0.0,0.0,0.0,0.0,0.0,0.241,0.1178,0.0113,0.0,ok
KPC3_0664_4,0.0,0.0,0.0,0.0,0.0,0.163,0.0541,0.0102,0.0,ok
KPC3_0665,0.0,0.0,0.0,0.0,0.0,0.299,0.1296,0.0178,0.0159,ok
KPC3_0667,0.0,0.0,0.0,0.0,0.0,0.288,0.1174,0.0126,0.0,ok
KPC3_0671,0.0,0.0,0.0,0.0,0.0,0.365,0.1484,0.0159,0.0125,ok
KPC3_0673,0.320859,0.030054,0.320859,0.45176,0.439825,0.646,0.0768,0.0568,0.2435,ok
KPC3_0675,0.0,0.0,0.0,0.0,0.0,0.334,0.1171,0.0177,0.016,ok
KPC3_0683,0.408737,0.076587,0.408737,0.642138,0.638633,0.788,0.1338,0.1602,0.382,ok
KPC3_0686,0.013538,0.0,0.013538,0.336277,0.013538,0.41,0.112,0.0248,0.0387,ok
KPC3_0687,0.0,0.0,0.0,0.0,0.0,0.244,0.1611,0.0126,0.0171,ok
KPC3_0688,0.012595,0.0,0.012595,0.31992,0.012595,0.486,0.1416,0.0168,0.049,ok
KPC3_0689_2,0.0,0.0,0.0,0.0,0.0,0.175,0.0992,0.0138,0.0,ok
KPC3_0689_3,0.0,0.0,0.0,0.0,0.0,0.227,0.1664,0.0159,0.0,ok
KPC3_0689_4,0.0,0.0,0.0,0.0,0.0,0.199,0.1219,0.014,0.0,ok
KPC3_0690,0.012241,0.0,0.012241,0.315455,0.031189,0.44,0.1179,0.0214,0.0489,ok
KPC3_0693,0.0,0.0,0.0,0.0,0.0,0.251,0.112,0.0128,0.0,ok
KPC3_0702,0.406098,0.027179,0.406098,0.494687,0.489065,0.746,0.1394,0.0923,0.3398,ok
KPC3_0705,0.014943,0.01431,0.014943,0.349331,0.332066,0.565,0.0294,0.0338,0.1458,ok
KPC3_0708,0.01217,0.01198,0.01217,0.305284,0.149032,0.531,0.1255,0.0393,0.0972,ok
KPC3_0710,0.013924,0.0,0.013924,0.344632,0.052212,0.437,0.2049,0.026,0.0845,ok
KPC3_0711,0.011527,0.010728,0.011527,0.304146,0.040063,0.431,0.1305,0.0299,0.0595,ok
KPC3_0712,0.040497,0.023474,0.040497,0.358254,0.344131,0.604,0.1704,0.0552,0.1516,ok
KPC3_0715,0.0,0.0,0.0,0.0,0.0,0.341,0.1359,0.0178,0.0118,ok
KPC3_0722,0.514385,0.079305,0.514385,0.737766,0.735333,0.846,0.12,0.139,0.475,ok
KPC3_0726,0.584872,0.063541,0.584872,0.704229,0.700854,0.854,0.11,0.1782,0.4885,ok
KPC3_0730,0.012263,0.0,0.012263,0.308919,0.012263,0.341,0.2092,0.0149,0.0464,ok
KPC3_0732,0.050147,0.017264,0.050147,0.384147,0.375082,0.601,0.2754,0.0604,0.1655,ok
KPC3_0733,0.296532,0.024095,0.296532,0.456441,0.453347,0.685,0.1824,0.1021,0.2671,ok
KPC3_0734,0.562248,0.059729,0.562248,0.691468,0.683893,0.843,0.1526,0.1473,0.4802,ok
KPC3_0735,0.44716,0.038659,0.44716,0.545783,0.540645,0.695,0.2403,0.1034,0.349,ok
KPC3_0736,0.01244,0.0,0.01244,0.312051,0.080428,0.457,0.154,0.0199,0.0565,ok
KPC3_0737,0.16275,0.016885,0.16275,0.380685,0.363755,0.67,0.1393,0.0491,0.1832,ok
KPC3_0739,0.743003,0.144714,0.743003,0.849192,0.84839,0.891,0.2316,0.3186,0.6261,ok
KPC3_0740,0.011544,0.0,0.011544,0.305507,0.011544,0.471,0.12,0.0301,0.0497,ok
KPC3_0741,0.012599,0.01126,0.012599,0.323858,0.049316,0.564,0.0987,0.024,0.0688,ok
KPC3_0742,0.0,0.0,0.0,0.0,0.0,0.263,0.1267,0.0144,0.0,ok
KPC3_0746,0.0,0.0,0.0,0.0,0.0,0.332,0.065,0.0216,0.006,ok
KPC3_0748,0.376071,0.069231,0.376071,0.499844,0.495368,0.731,0.1842,0.1467,0.2999,ok
KPC3_0758,0.0,0.0,0.0,0.0,0.0,0.155,0.0561,0.0133,0.0,ok
KPC3_0761,0.0,0.0,0.0,0.0,0.0,0.314,0.1309,0.0155,0.0088,ok
KPC3_0764,0.0,0.0,0.0,0.0,0.0,0.216,0.047,0.013,0.0,ok
KPC3_0766,0.555943,0.175073,0.555943,0.726604,0.710359,0.855,0.5466,0.4702,0.4415,ok
KPC3_0773,0.0,0.0,0.0,0.0,0.0,0.333,0.1152,0.0136,0.0,ok
KPC3_0774,0.0,0.0,0.0,0.0,0.0,0.219,0.0783,0.013,0.0,ok
KPC3_0784,0.458454,0.051854,0.458454,0.65351,0.650698,0.793,0.2339,0.1465,0.4215,ok
KPC3_0786,0.077261,0.01308,0.077261,0.34727,0.172719,0.591,0.1665,0.0355,0.1186,ok
KPC3_0789,0.087947,0.013483,0.087947,0.347136,0.246306,0.614,0.1088,0.0328,0.127,ok
KPC3_0791,0.0,0.0,0.0,0.0,0.0,0.449,0.112,0.0169,0.0202,ok
KPC3_0792,0.012407,0.011011,0.012407,0.312157,0.012407,0.46,0.1077,0.0215,0.0659,ok
KPC3_0793,0.083891,0.01486,0.083891,0.351216,0.338,0.632,0.2289,0.0442,0.1701,ok
KPC3_0794,0.021978,0.013071,0.021978,0.323125,0.179865,0.579,0.097,0.0307,0.1004,ok
KPC3_0794_2,0.021978,0.013071,0.021978,0.323125,0.179865,0.579,0.097,0.0307,0.1004,ok
KPC3_0794_3,0.310446,0.022551,0.310446,0.448597,0.440781,0.711,0.1054,0.0775,0.2618,ok
KPC3_0794_4,0.03013,0.012675,0.03013,0.317986,0.243324,0.587,0.1549,0.0353,0.1134,ok
KPC3_0796,0.012698,0.0,0.012698,0.316933,0.012698,0.484,0.1021,0.0182,0.0574,ok
KPC3_0797,0.286528,0.023825,0.286528,0.46612,0.453271,0.728,0.1245,0.0759,0.254,ok
KPC3_0800,0.42526,0.091445,0.42526,0.749145,0.746771,0.829,0.2856,0.2694,0.4384,ok
KPC3_0802,0.2975,0.064469,0.2975,0.697685,0.696318,0.791,0.2753,0.2115,0.3998,ok
KPC3_0805,0.501396,0.095077,0.501396,0.778783,0.777089,0.854,0.2033,0.2601,0.5144,ok
KPC3_0807,0.74356,0.25712,0.74356,0.920087,0.919604,0.927,0.1624,0.3357,0.6338,ok
KPC3_0808,0.012622,0.01218,0.012622,0.309012,0.186534,0.571,0.0966,0.0336,0.0995,ok
KPC3_0808_2,0.012622,0.01218,0.012622,0.309012,0.186534,0.571,0.0966,0.0336,0.0995,ok
KPC3_0808_3,0.011026,0.0,0.011026,0.280576,0.011026,0.497,0.1634,0.0275,0.045,ok
KPC3_0808_4,0.011628,0.010691,0.011628,0.291515,0.011628,0.529,0.1344,0.0317,0.0638,ok
KPC3_0809,0.127154,0.030077,0.127154,0.508238,0.50664,0.683,0.1504,0.0715,0.2712,ok
KPC3_0812,0.0,0.0,0.0,0.0,0.0,0.328,0.2107,0.0209,0.027,ok
KPC3_0816,0.0,0.0,0.0,0.0,0.0,0.199,0.0862,0.0137,0.0,ok
KPC3_0818,0.091972,0.023872,0.091972,0.365834,0.347378,0.624,0.2757,0.0528,0.1487,ok
KPC3_0820,0.014266,0.013007,0.014266,0.335748,0.313717,0.486,0.1594,0.0357,0.122,ok
KPC3_0822,0.011872,0.011846,0.011872,0.296598,0.024715,0.491,0.1055,0.024,0.0797,ok
KPC3_0831,0.08186,0.01276,0.08186,0.339825,0.205962,0.612,0.1516,0.0363,0.1233,ok
KPC3_0833,0.0,0.0,0.0,0.0,0.0,0.381,0.1056,0.0176,0.0,ok
KPC3_0834,0.702958,0.195117,0.702958,0.8734,0.872065,0.896,0.2827,0.3156,0.5707,ok
KPC3_0840,0.417399,0.052181,0.417399,0.65022,0.64654,0.791,0.1593,0.1644,0.4146,ok
KPC3_0841,0.0,0.0,0.0,0.0,0.0,0.445,0.0766,0.0185,0.0281,ok
KPC3_0844,0.366939,0.053099,0.366939,0.634053,0.632621,0.735,0.2039,0.157,0.3717,ok
KPC3_0845,0.478227,0.06097,0.478227,0.68951,0.687426,0.812,0.1957,0.221,0.4673,ok
KPC3_0846,0.100144,0.016179,0.100144,0.364229,0.346361,0.651,0.0733,0.0429,0.1799,ok
KPC3_0852,0.211707,0.016942,0.211707,0.361385,0.276649,0.692,0.1708,0.0441,0.1652,ok
KPC3_0853,0.253042,0.02209,0.253042,0.421055,0.41728,0.697,0.198,0.0819,0.248,ok
KPC3_0854,0.0,0.0,0.0,0.0,0.0,0.232,0.1056,0.012,0.0,ok
KPC3_0861,0.0,0.0,0.0,0.0,0.0,0.236,0.2557,0.0156,0.0,ok
KPC3_0862,0.0,0.0,0.0,0.0,0.0,0.221,0.157,0.0135,0.0,ok
KPC3_0863,0.013473,0.012641,0.013473,0.336714,0.257139,0.435,0.1267,0.0262,0.1021,ok
KPC3_0865,0.0,0.0,0.0,0.0,0.0,0.39,0.1656,0.0143,0.0289,ok
KPC3_0866,0.341511,0.074385,0.341511,0.531115,0.52741,0.737,0.1701,0.1815,0.3245,ok
KPC3_0868,0.0,0.0,0.0,0.0,0.0,0.251,0.2214,0.0122,0.0,ok
KPC3_0872,0.0,0.0,0.0,0.0,0.0,0.338,0.1792,0.013,0.0029,ok
KPC3_0873,0.0,0.0,0.0,0.0,0.0,0.246,0.1544,0.0155,0.0,ok
KPC3_0874,0.0,0.0,0.0,0.0,0.0,0.256,0.1031,0.0123,0.0,ok
KPC3_0875,0.0,0.0,0.0,0.0,0.0,0.225,0.0868,0.0149,0.0,ok
KPC3_0878,0.0,0.0,0.0,0.0,0.0,0.399,0.1692,0.0164,0.0163,ok
KPC3_0880,0.637068,0.124547,0.637068,0.833388,0.831652,0.893,0.153,0.2672,0.5823,ok
KPC3_0882,0.061879,0.016016,0.061879,0.367582,0.356626,0.57,0.1974,0.0533,0.1669,ok
KPC3_0883,0.0,0.0,0.0,0.0,0.0,0.339,0.0491,0.0161,0.0,ok
KPC3_0884,0.01119,0.0,0.01119,0.292122,0.01119,0.383,0.1511,0.0227,0.0302,ok
KPC3_0885,0.561056,0.068648,0.561056,0.700432,0.697948,0.805,0.1589,0.1904,0.4578,ok
KPC3_0891,0.012042,0.011663,0.012042,0.300973,0.012042,0.516,0.1247,0.026,0.0622,ok
KPC3_0896,0.208247,0.020682,0.208247,0.422711,0.413127,0.709,0.1322,0.074,0.2309,ok
KPC3_0905,0.812131,0.354723,0.812131,0.943326,0.942803,0.945,0.243,0.3807,0.7044,ok
KPC3_0908,0.614928,0.132863,0.614928,0.838144,0.835901,0.885,0.1365,0.2313,0.5302,ok
KPC3_0909,0.015351,0.012658,0.015351,0.351093,0.297088,0.509,0.2435,0.0301,0.1241,ok
KPC3_0911,0.01161,0.0,0.01161,0.305679,0.01161,0.476,0.1177,0.0193,0.0466,ok
KPC3_0916,0.12159,0.013187,0.12159,0.358016,0.261054,0.609,0.18,0.0433,0.1195,ok
KPC3_0918,0.0,0.0,0.0,0.0,0.0,0.288,0.1083,0.013,0.0133,ok
KPC3_0920,0.208594,0.017094,0.208594,0.380632,0.370857,0.649,0.1121,0.0489,0.1993,ok
KPC3_0922,0.0,0.0,0.0,0.0,0.0,0.286,0.0812,0.0147,0.0,ok
KPC3_0927,0.0,0.0,0.0,0.0,0.0,0.388,0.3205,0.0185,0.0298,ok
KPC3_0929,0.012644,0.012389,0.012644,0.314754,0.105812,0.504,0.0967,0.031,0.096,ok
KPC3_0933,0.166513,0.052116,0.166513,0.391219,0.352326,0.66,0.2381,0.0815,0.1698,ok
KPC3_0934,0.0,0.0,0.0,0.0,0.0,0.446,0.0589,0.0164,0.0277,ok
KPC3_0935,0.0,0.0,0.0,0.0,0.0,0.273,0.0904,0.0162,0.0,ok
KPC3_0937,0.0,0.0,0.0,0.0,0.0,0.247,0.2211,0.0144,0.0,ok
KPC3_0941,0.311106,0.043621,0.311106,0.595757,0.593498,0.756,0.322,0.1838,0.3565,ok
KPC3_0941_2,0.260003,0.028647,0.260003,0.508002,0.50311,0.737,0.0715,0.0654,0.2964,ok
KPC3_0941_3,0.459779,0.052516,0.459779,0.634122,0.631248,0.777,0.1154,0.1172,0.4054,ok
KPC3_0941_4,0.438556,0.057426,0.438556,0.669088,0.666256,0.797,0.1414,0.1611,0.4144,ok
KPC3_0944,0.0124,0.012294,0.0124,0.306979,0.127815,0.536,0.082,0.0247,0.0924,ok
KPC3_0945,0.21812,0.020943,0.21812,0.426068,0.420518,0.69,0.0912,0.0551,0.2469,ok
KPC3_0948,0.498978,0.044236,0.498978,0.591516,0.588543,0.745,0.0872,0.1213,0.3825,ok
KPC3_0950,0.497977,0.112393,0.497977,0.649565,0.64687,0.794,0.246,0.1196,0.4245,ok
KPC3_0951,0.0,0.0,0.0,0.0,0.0,0.43,0.2354,0.0196,0.0088,ok
KPC3_0953,0.013229,0.013034,0.013229,0.333922,0.256462,0.469,0.1675,0.0264,0.1017,ok
KPC3_0958,0.458189,0.088221,0.458189,0.591546,0.587929,0.796,0.2122,0.2499,0.3836,ok
KPC3_0961,0.062803,0.01654,0.062803,0.376933,0.362663,0.606,0.3053,0.0578,0.174,ok
KPC3_0962,0.396851,0.034569,0.396851,0.557345,0.553498,0.774,0.1045,0.0921,0.3463,ok
KPC3_0963,0.0,0.0,0.0,0.0,0.0,0.368,0.1532,0.0148,0.0,ok
KPC3_0965,0.0,0.0,0.0,0.0,0.0,0.328,0.0967,0.0151,0.004,ok
KPC3_0967,0.420196,0.041832,0.420196,0.599435,0.595752,0.782,0.2133,0.1804,0.3944,ok
KPC3_0968,0.354431,0.020585,0.354431,0.421459,0.405327,0.663,0.2336,0.0453,0.218,ok
KPC3_0971,0.433276,0.105717,0.433276,0.77852,0.776903,0.842,0.2008,0.3094,0.4755,ok
KPC3_0971_2,0.433276,0.105717,0.433276,0.77852,0.776903,0.842,0.2008,0.3094,0.4755,ok
KPC3_0971_3,0.568651,0.088242,0.568651,0.749751,0.747984,0.827,0.2551,0.2209,0.4692,ok
KPC3_0971_4,0.261378,0.043015,0.261378,0.596819,0.593737,0.742,0.3329,0.1676,0.3439,ok
KPC3_0972,0.012859,0.012512,0.012859,0.312976,0.124122,0.566,0.097,0.0481,0.1022,ok
KPC3_0972_2,0.012859,0.012512,0.012859,0.312976,0.124122,0.566,0.097,0.0481,0.1022,ok
KPC3_0972_3,0.076149,0.017755,0.076149,0.384206,0.364248,0.655,0.1294,0.0919,0.1808,ok
KPC3_0972_4,0.012567,0.01122,0.012567,0.307362,0.012567,0.51,0.0938,0.0394,0.0636,ok
KPC3_0977,0.375047,0.035778,0.375047,0.555159,0.551171,0.759,0.2834,0.1365,0.343,ok
KPC3_0979,0.393623,0.04565,0.393623,0.597721,0.595472,0.756,0.1632,0.1646,0.3731,ok
KPC3_0980,0.17212,0.021554,0.17212,0.376823,0.368822,0.649,0.0875,0.0489,0.1883,ok
KPC3_0985,0.271899,0.019429,0.271899,0.385368,0.371177,0.656,0.2306,0.052,0.2064,ok
KPC3_0987,0.012334,0.01086,0.012334,0.313836,0.031422,0.491,0.185,0.032,0.0703,ok
KPC3_0987_2,0.012334,0.01086,0.012334,0.313836,0.031422,0.491,0.185,0.032,0.0703,ok
KPC3_0987_3,0.0,0.0,0.0,0.0,0.0,0.29,0.119,0.0166,0.0248,ok
KPC3_0987_4,0.011412,0.0,0.011412,0.297525,0.011412,0.407,0.0711,0.0223,0.032,ok
KPC3_0989,0.0,0.0,0.0,0.0,0.0,0.216,0.0797,0.0116,0.0,ok
KPC3_0992,0.306492,0.022751,0.306492,0.443157,0.435493,0.644,0.3449,0.0948,0.2477,ok
KPC3_0995,0.559915,0.067336,0.559915,0.708234,0.706962,0.834,0.1774,0.1446,0.4949,ok
KPC3_0999,0.388743,0.048363,0.388743,0.626122,0.623255,0.79,0.2853,0.1584,0.3952,ok
KPC3_0_1,0.707784,0.166462,0.707784,0.869903,0.868042,0.91,0.1432,0.2969,0.613,ok
KPC3_0_8,0.089539,0.013788,0.089539,0.341903,0.294657,0.622,0.1233,0.0595,0.1619,ok
KPC3_1000,0.590699,0.101666,0.590699,0.784177,0.782535,0.86,0.1947,0.2354,0.5211,ok
KPC3_1000_2,0.590699,0.101666,0.590699,0.784177,0.782535,0.86,0.1947,0.2354,0.5211,ok
KPC3_1000_3,0.465521,0.097167,0.465521,0.76099,0.759309,0.841,0.2169,0.254,0.504,ok
KPC3_1000_4,0.0,0.0,0.0,0.0,0.0,0.417,0.1018,0.018,0.0205,ok
KPC3_1006,0.617942,0.110454,0.617942,0.789396,0.787826,0.862,0.2594,0.2448,0.5132,ok
KPC3_1007,0.011481,0.010752,0.011481,0.290262,0.011481,0.456,0.3293,0.0235,0.0616,ok
KPC3_1008,0.438108,0.053842,0.438108,0.642915,0.641486,0.783,0.312,0.2092,0.4091,ok
KPC3_1012,0.627891,0.074614,0.627891,0.728572,0.726734,0.832,0.3141,0.2503,0.547,ok
KPC3_1015,0.0,0.0,0.0,0.0,0.0,0.375,0.0834,0.016,0.0157,ok
KPC3_101_0,0.797608,0.41157,0.797608,0.869465,0.869465,0.905,0.298,0.3139,0.6358,ok
KPC3_101_8,0.403444,0.065408,0.403444,0.442061,0.43775,0.733,0.3186,0.1009,0.2851,ok
KPC3_1025,0.0,0.0,0.0,0.0,0.0,0.349,0.1508,0.015,0.0,ok
KPC3_1026,0.0,0.0,0.0,0.0,0.0,0.288,0.104,0.0136,0.0,ok
KPC3_1027,0.0,0.0,0.0,0.0,0.0,0.413,0.1223,0.0241,0.0219,ok
KPC3_1031,0.0,0.0,0.0,0.0,0.0,0.289,0.1211,0.0113,0.0,ok
KPC3_1031_2,0.0,0.0,0.0,0.0,0.0,0.289,0.1211,0.0113,0.0,ok
KPC3_1031_3,0.0,0.0,0.0,0.0,0.0,0.248,0.1386,0.0129,0.0,ok
KPC3_1031_4,0.012091,0.0,0.012091,0.31122,0.012091,0.41,0.1553,0.016,0.045,ok
KPC3_1032,0.0,0.0,0.0,0.0,0.0,0.317,0.1068,0.0144,0.0,ok
KPC3_1032_2,0.0,0.0,0.0,0.0,0.0,0.317,0.1068,0.0144,0.0,ok
KPC3_1032_3,0.0,0.0,0.0,0.0,0.0,0.388,0.0738,0.016,0.0019,ok
KPC3_1032_4,0.0,0.0,0.0,0.0,0.0,0.288,0.0944,0.0145,0.0,ok
KPC3_1035,0.367074,0.048793,0.367074,0.529112,0.525336,0.733,0.2074,0.095,0.3298,ok
KPC3_1037,0.0,0.0,0.0,0.0,0.0,0.214,0.1109,0.0138,0.0,ok
KPC3_103_6,0.0,0.0,0.0,0.0,0.0,0.414,0.0548,0.0184,0.0241,ok
KPC3_1042,0.0,0.0,0.0,0.0,0.0,0.327,0.132,0.014,0.0,ok
KPC3_1044,0.050742,0.012109,0.050742,0.360937,0.231423,0.573,0.16,0.0301,0.118,ok
KPC3_104_7,0.011619,0.0,0.011619,0.29647,0.011619,0.491,0.0674,0.0205,0.0502,ok
KPC3_1050,0.0,0.0,0.0,0.0,0.0,0.37,0.0738,0.0148,0.0,ok
KPC3_1051,0.148903,0.018622,0.148903,0.397756,0.379584,0.656,0.1746,0.043,0.1919,ok
KPC3_1052,0.548002,0.069933,0.548002,0.715649,0.71305,0.836,0.2396,0.1824,0.4757,ok
KPC3_1054,0.049116,0.016494,0.049116,0.370479,0.356711,0.635,0.1113,0.0404,0.181,ok
KPC3_1059,0.179663,0.022871,0.179663,0.450225,0.44056,0.71,0.0769,0.0616,0.254,ok
KPC3_105_5,0.013038,0.0,0.013038,0.32026,0.033168,0.47,0.127,0.0207,0.0784,ok
KPC3_105_9,0.0,0.0,0.0,0.0,0.0,0.3,0.0469,0.0148,0.0,ok
KPC3_1061,0.0,0.0,0.0,0.0,0.0,0.378,0.0508,0.0155,0.0074,ok
KPC3_1063,0.013042,0.011674,0.013042,0.330717,0.274938,0.467,0.1574,0.0345,0.0957,ok
KPC3_1066,0.012639,0.011604,0.012639,0.324182,0.200065,0.512,0.0817,0.0231,0.0786,ok
KPC3_1068,0.0,0.0,0.0,0.0,0.0,0.143,0.0283,0.0114,0.0,ok
KPC3_1069,0.536399,0.161695,0.536399,0.725638,0.723315,0.818,0.1697,0.2417,0.4957,ok
KPC3_106_1,0.014538,0.0,0.014538,0.345625,0.066968,0.53,0.0835,0.0243,0.0817,ok
KPC3_106_7,0.0,0.0,0.0,0.0,0.0,0.33,0.0867,0.0168,0.0044,ok
KPC3_1074,0.057725,0.012592,0.057725,0.345543,0.104266,0.611,0.1394,0.0328,0.1032,ok
KPC3_1074_2,0.057725,0.012592,0.057725,0.345543,0.104266,0.611,0.1394,0.0328,0.1032,ok
KPC3_1074_3,0.563986,0.071755,0.563986,0.727816,0.725254,0.847,0.1317,0.2153,0.5146,ok
KPC3_1074_4,0.581462,0.089881,0.581462,0.771103,0.768249,0.862,0.1956,0.2989,0.5206,ok
KPC3_1075,0.363178,0.026543,0.363178,0.48399,0.47837,0.719,0.0793,0.0936,0.3085,ok
KPC3_1076,0.393118,0.026579,0.393118,0.488281,0.484244,0.728,0.1226,0.0779,0.3004,ok
KPC3_1078,0.378881,0.042733,0.378881,0.600349,0.59654,0.768,0.3074,0.1624,0.3678,ok
KPC3_1083,0.24836,0.043192,0.24836,0.608335,0.605294,0.764,0.0975,0.1051,0.3474,ok
KPC3_1086,0.249888,0.020169,0.249888,0.417457,0.411191,0.692,0.0934,0.0939,0.2392,ok
KPC3_1086_2,0.249888,0.020169,0.249888,0.417457,0.411191,0.692,0.0934,0.0939,0.2392,ok
KPC3_1086_3,0.010969,0.0,0.010969,0.282805,0.010969,0.452,0.0583,0.0229,0.0419,ok
KPC3_1086_4,0.282745,0.021762,0.282745,0.435475,0.431553,0.702,0.0858,0.099,0.2656,ok
KPC3_1087,0.097344,0.017269,0.097344,0.380835,0.367722,0.653,0.2984,0.0608,0.1949,ok
KPC3_1088,0.013701,0.012688,0.013701,0.330167,0.30475,0.59,0.1445,0.0314,0.1163,ok
KPC3_108_0,0.0,0.0,0.0,0.0,0.0,0.311,0.0602,0.0146,0.0,ok
KPC3_1091,0.011742,0.011625,0.011742,0.310655,0.051335,0.5,0.0687,0.041,0.0693,ok
KPC3_1094,0.0,0.0,0.0,0.0,0.0,0.313,0.147,0.0153,0.0224,ok
KPC3_1097,0.0,0.0,0.0,0.0,0.0,0.349,0.1665,0.0142,0.0073,ok
KPC3_109_1,0.011558,0.0,0.011558,0.308506,0.011558,0.395,0.1341,0.018,0.0314,ok
KPC3_109_3,0.012974,0.0,0.012974,0.334011,0.020922,0.41,0.226,0.0204,0.0402,ok
KPC3_109_8,0.011917,0.0,0.011917,0.315141,0.011917,0.436,0.1017,0.0188,0.0332,ok
KPC3_1102,0.668104,0.210411,0.668104,0.887553,0.886589,0.906,0.2813,0.4548,0.6279,ok
KPC3_1104,0.011407,0.011357,0.011407,0.287352,0.041385,0.446,0.1995,0.0255,0.0737,ok
KPC3_1106,0.174,0.023141,0.174,0.44841,0.44107,0.678,0.0788,0.0723,0.2567,ok
KPC3_110_3,0.093888,0.012783,0.093888,0.382823,0.153929,0.553,0.1907,0.0379,0.1115,ok
KPC3_110_4,0.751844,0.232863,0.751844,0.854729,0.853222,0.901,0.5971,0.7371,0.6197,ok
KPC3_1111,0.0,0.0,0.0,0.0,0.0,0.388,0.1314,0.0208,0.0069,ok
KPC3_1114,0.0,0.0,0.0,0.0,0.0,0.461,0.0894,0.0185,0.0298,ok
KPC3_1115,0.0,0.0,0.0,0.0,0.0,0.324,0.1255,0.0189,0.0053,ok
KPC3_1117,0.0,0.0,0.0,0.0,0.0,0.337,0.0926,0.0172,0.0302,ok
KPC3_1119,0.036687,0.014483,0.036687,0.35264,0.328243,0.584,0.263,0.0302,0.1293,ok
KPC3_1119_2,0.036687,0.014483,0.036687,0.35264,0.328243,0.584,0.263,0.0302,0.1293,ok
KPC3_1119_3,0.015746,0.012993,0.015746,0.374385,0.342833,0.523,0.2563,0.0269,0.1209,ok
KPC3_1119_4,0.013209,0.013057,0.013209,0.334092,0.206235,0.495,0.2472,0.0225,0.085,ok
KPC3_111_4,0.0,0.0,0.0,0.0,0.0,0.26,0.2196,0.0135,0.0,ok
KPC3_111_7,0.0,0.0,0.0,0.0,0.0,0.289,0.1808,0.0142,0.0215,ok
KPC3_111_8,0.0,0.0,0.0,0.0,0.0,0.374,0.3233,0.0139,0.0,ok
KPC3_111_9,0.0,0.0,0.0,0.0,0.0,0.293,0.1583,0.013,0.0128,ok
KPC3_1120,0.455495,0.052747,0.455495,0.662612,0.659124,0.808,0.0796,0.0689,0.4072,ok
KPC3_1121,0.0,0.0,0.0,0.0,0.0,0.424,0.1383,0.0161,0.0162,ok
KPC3_1122,0.0,0.0,0.0,0.0,0.0,0.42,0.1696,0.0192,0.024,ok
KPC3_1123,0.0,0.0,0.0,0.0,0.0,0.265,0.1046,0.013,0.0147,ok
KPC3_1124,0.452704,0.065239,0.452704,0.701882,0.698672,0.813,0.1029,0.1116,0.4065,ok
KPC3_1127,0.010838,0.0,0.010838,0.284846,0.010838,0.44,0.1123,0.0193,0.0388,ok
KPC3_1128,0.24003,0.026715,0.24003,0.491134,0.486482,0.726,0.1381,0.0857,0.2777,ok
KPC3_1129,0.185964,0.015654,0.185964,0.363801,0.343575,0.644,0.1435,0.0434,0.1721,ok
KPC3_112_2,0.699077,0.146508,0.699077,0.855233,0.853609,0.905,0.2219,0.4192,0.6108,ok
KPC3_113_3,0.08062,0.013025,0.08062,0.338548,0.277208,0.598,0.0723,0.0344,0.1374,ok
KPC3_1140,0.0,0.0,0.0,0.0,0.0,0.422,0.1653,0.0253,0.032,ok
KPC3_1141,0.098398,0.013816,0.098398,0.346055,0.320722,0.63,0.2666,0.0401,0.1351,ok
KPC3_1143,0.0,0.0,0.0,0.0,0.0,0.45,0.1478,0.0236,0.042,ok
KPC3_1143_2,0.0,0.0,0.0,0.0,0.0,0.45,0.1478,0.0236,0.042,ok
KPC3_1143_3,0.0,0.0,0.0,0.0,0.0,0.365,0.0868,0.0196,0.0033,ok
KPC3_1143_4,0.055497,0.01576,0.055497,0.349764,0.326768,0.587,0.2271,0.0479,0.1338,ok
KPC3_1147,0.0,0.0,0.0,0.0,0.0,0.326,0.1454,0.0152,0.0137,ok
KPC3_1148,0.0,0.0,0.0,0.0,0.0,0.447,0.1029,0.0176,0.0227,ok
KPC3_115_1,0.400987,0.033241,0.400987,0.545063,0.541011,0.766,0.1613,0.1141,0.356,ok
KPC3_1161,0.038419,0.015676,0.038419,0.357567,0.346219,0.609,0.2472,0.0446,0.1807,ok
KPC3_1162,0.224064,0.022546,0.224064,0.441708,0.437747,0.686,0.1409,0.061,0.2551,ok
KPC3_1164,0.014379,0.014239,0.014379,0.336929,0.318178,0.602,0.1759,0.0478,0.1453,ok
KPC3_1165,0.440149,0.071811,0.440149,0.71193,0.710009,0.815,0.2849,0.2784,0.4404,ok
KPC3_1166,0.509536,0.041867,0.509536,0.576227,0.573204,0.753,0.6291,0.2756,0.388,ok
KPC3_1168,0.326811,0.033423,0.326811,0.54597,0.541947,0.754,0.0825,0.1101,0.3429,ok
KPC3_116_0,0.01801,0.010767,0.01801,0.333816,0.057931,0.506,0.1274,0.0279,0.0871,ok
KPC3_116_2,0.19635,0.017724,0.19635,0.390839,0.382482,0.663,0.1506,0.0702,0.2175,ok
KPC3_1172,0.011864,0.0,0.011864,0.301621,0.011864,0.484,0.1342,0.0202,0.0538,ok
KPC3_1175,0.408944,0.036229,0.408944,0.566096,0.562241,0.76,0.185,0.1091,0.3537,ok
KPC3_117_8,0.0,0.0,0.0,0.0,0.0,0.303,0.1319,0.0135,0.0269,ok
KPC3_1184,0.072835,0.017138,0.072835,0.380821,0.373257,0.621,0.1379,0.0632,0.1849,ok
KPC3_1187,0.011654,0.0,0.011654,0.296607,0.011654,0.494,0.1338,0.0198,0.0415,ok
KPC3_1188,0.0,0.0,0.0,0.0,0.0,0.297,0.062,0.0136,0.0,ok
KPC3_1192,0.269122,0.031842,0.269122,0.525783,0.522009,0.726,0.21,0.1065,0.2908,ok
KPC3_1195,0.013395,0.013151,0.013395,0.329924,0.312892,0.579,0.1624,0.0413,0.1262,ok
KPC3_1196,0.066294,0.016039,0.066294,0.368262,0.341786,0.553,0.1851,0.0357,0.1301,ok
KPC3_1197,0.498613,0.039296,0.498613,0.594013,0.591012,0.785,0.3696,0.2779,0.4299,ok
KPC3_1198,0.053355,0.014072,0.053355,0.340602,0.31571,0.608,0.2171,0.033,0.1376,ok
KPC3_1198_2,0.053355,0.014072,0.053355,0.340602,0.31571,0.608,0.2171,0.033,0.1376,ok
KPC3_1198_3,0.111613,0.015104,0.111613,0.356888,0.339956,0.655,0.2563,0.0379,0.1515,ok
KPC3_1198_4,0.0,0.0,0.0,0.0,0.0,0.416,0.1144,0.0171,0.0143,ok
KPC3_119_3,0.293679,0.028501,0.293679,0.445407,0.440083,0.697,0.1081,0.0612,0.2519,ok
KPC3_119_8,0.171888,0.016851,0.171888,0.3831,0.369697,0.64,0.0955,0.0648,0.1921,ok
KPC3_1200,0.140343,0.017393,0.140343,0.385806,0.376667,0.677,0.1651,0.0437,0.2057,ok
KPC3_1201,0.221017,0.021525,0.221017,0.437735,0.43225,0.694,0.0899,0.0946,0.2523,ok
KPC3_1201_2,0.221017,0.021525,0.221017,0.437735,0.43225,0.694,0.0899,0.0946,0.2523,ok
KPC3_1201_3,0.0,0.0,0.0,0.0,0.0,0.34,0.0631,0.0171,0.0,ok
KPC3_1201_4,0.0,0.0,0.0,0.0,0.0,0.208,0.0722,0.012,0.0,ok
KPC3_1205,0.623025,0.088363,0.623025,0.691786,0.690071,0.788,0.1138,0.1857,0.4598,ok
KPC3_1209,0.0,0.0,0.0,0.0,0.0,0.314,0.0932,0.0134,0.0,ok
KPC3_120_0,0.011931,0.0,0.011931,0.300324,0.011931,0.478,0.0977,0.0207,0.0563,ok
KPC3_120_6,0.245108,0.014534,0.245108,0.377649,0.293401,0.674,0.1429,0.0561,0.1888,ok
KPC3_1212,0.373461,0.028211,0.373461,0.49038,0.482101,0.66,0.2347,0.1009,0.2647,ok
KPC3_1213,0.424847,0.03538,0.424847,0.533685,0.530596,0.745,0.2019,0.0837,0.337,ok
KPC3_1215,0.014829,0.013402,0.014829,0.353185,0.341647,0.575,0.1827,0.0425,0.1443,ok
KPC3_1217,0.038698,0.011396,0.038698,0.341067,0.108315,0.587,0.1276,0.0213,0.086,ok
KPC3_121_1,0.0,0.0,0.0,0.0,0.0,0.293,0.0844,0.0142,0.0067,ok
KPC3_121_3,0.047756,0.012755,0.047756,0.340264,0.266183,0.574,0.1637,0.0353,0.1267,ok
KPC3_1223,0.105882,0.014563,0.105882,0.345534,0.323828,0.627,0.2032,0.0428,0.1563,ok
KPC3_1224,0.0131,0.011693,0.0131,0.322263,0.259408,0.532,0.2334,0.0297,0.0955,ok
KPC3_1225,0.011566,0.010707,0.011566,0.295792,0.011566,0.508,0.1212,0.0245,0.0559,ok
KPC3_1225_2,0.011566,0.010707,0.011566,0.295792,0.011566,0.508,0.1212,0.0245,0.0559,ok
KPC3_1225_3,0.0,0.0,0.0,0.0,0.0,0.44,0.142,0.0183,0.026,ok
KPC3_1225_4,0.246811,0.021786,0.246811,0.440495,0.433401,0.704,0.1394,0.0935,0.26,ok
KPC3_1226,0.177575,0.014081,0.177575,0.366932,0.276758,0.668,0.1721,0.0459,0.1634,ok
KPC3_1227,0.110787,0.023619,0.110787,0.453758,0.44989,0.652,0.2165,0.0714,0.2478,ok
KPC3_1228,0.603584,0.092761,0.603584,0.763178,0.762067,0.842,0.3017,0.3314,0.519,ok
KPC3_1229,0.051432,0.013888,0.051432,0.334255,0.307508,0.611,0.0922,0.032,0.1352,ok
KPC3_122_2,0.0,0.0,0.0,0.0,0.0,0.462,0.1735,0.0176,0.0325,ok
KPC3_122_3,0.068185,0.013031,0.068185,0.336257,0.31045,0.568,0.0498,0.0316,0.141,ok
KPC3_122_7,0.0,0.0,0.0,0.0,0.0,0.193,0.1147,0.0126,0.0,ok
KPC3_1233,0.068819,0.015545,0.068819,0.366634,0.350522,0.622,0.2126,0.0716,0.1618,ok
KPC3_1238,0.0,0.0,0.0,0.0,0.0,0.256,0.0701,0.0119,0.0,ok
KPC3_1241,0.012072,0.012011,0.012072,0.311002,0.237777,0.552,0.1724,0.0253,0.0936,ok
KPC3_1244,0.013544,0.010798,0.013544,0.336158,0.034433,0.484,0.2021,0.0256,0.0658,ok
KPC3_1246,0.021444,0.012988,0.021444,0.330608,0.26217,0.566,0.1179,0.0312,0.1126,ok
KPC3_1247,0.010737,0.0,0.010737,0.286689,0.010737,0.368,0.127,0.022,0.0242,ok
KPC3_1247_2,0.010737,0.0,0.010737,0.286689,0.010737,0.368,0.127,0.022,0.0242,ok
KPC3_1247_3,0.0,0.0,0.0,0.0,0.0,0.327,0.1264,0.0212,0.0096,ok
KPC3_1247_4,0.0,0.0,0.0,0.0,0.0,0.33,0.117,0.0226,0.0124,ok
KPC3_1248,0.0,0.0,0.0,0.0,0.0,0.26,0.0666,0.0139,0.0,ok
KPC3_124_2,0.0,0.0,0.0,0.0,0.0,0.36,0.0917,0.0167,0.0213,ok
KPC3_1251,0.012451,0.010843,0.012451,0.318238,0.068524,0.551,0.2397,0.0337,0.0795,ok
KPC3_1252,0.206434,0.020277,0.206434,0.3925,0.383738,0.621,0.1184,0.0562,0.1762,ok
KPC3_1257,0.228864,0.028842,0.228864,0.387606,0.377431,0.664,0.4418,0.0943,0.1846,ok
KPC3_1258,0.0,0.0,0.0,0.0,0.0,0.48,0.1106,0.0188,0.0251,ok
KPC3_125_1,0.134803,0.014556,0.134803,0.368766,0.217477,0.642,0.1525,0.0468,0.1486,ok
KPC3_125_3,0.535333,0.05813,0.535333,0.682076,0.67927,0.828,0.1892,0.3133,0.4988,ok
KPC3_125_5,0.549608,0.058518,0.549608,0.681659,0.67816,0.832,0.3561,0.43,0.4926,ok
KPC3_125_8,0.694832,0.135838,0.694832,0.838088,0.836346,0.892,0.2519,0.5548,0.6065,ok
KPC3_1263,0.472504,0.033912,0.472504,0.517758,0.514172,0.729,0.1819,0.0506,0.3165,ok
KPC3_1263_2,0.472504,0.033912,0.472504,0.517758,0.514172,0.729,0.1819,0.0506,0.3165,ok
KPC3_1263_3,0.013191,0.0,0.013191,0.32785,0.074144,0.58,0.0867,0.0249,0.0741,ok
KPC3_1263_4,0.013929,0.013311,0.013929,0.339339,0.134148,0.522,0.1448,0.0261,0.0914,ok
KPC3_1265,0.0,0.0,0.0,0.0,0.0,0.355,0.1514,0.0146,0.0,ok
KPC3_1268,0.15494,0.014527,0.15494,0.359088,0.300317,0.622,0.168,0.0429,0.1465,ok
KPC3_126_0,0.032589,0.013283,0.032589,0.33801,0.275194,0.558,0.0745,0.031,0.1279,ok
KPC3_126_1,0.0,0.0,0.0,0.0,0.0,0.23,0.0861,0.0118,0.0,ok
KPC3_126_3,0.0,0.0,0.0,0.0,0.0,0.453,0.0621,0.0212,0.0287,ok
KPC3_126_4,0.080693,0.013331,0.080693,0.34456,0.296949,0.589,0.05,0.0421,0.1444,ok
KPC3_126_5,0.0,0.0,0.0,0.0,0.0,0.343,0.0663,0.0193,0.0136,ok
KPC3_126_6,0.0,0.0,0.0,0.0,0.0,0.319,0.0426,0.0154,0.0042,ok
KPC3_126_7,0.05122,0.01293,0.05122,0.332441,0.287163,0.583,0.0955,0.0357,0.1335,ok
KPC3_126_8,0.135735,0.016732,0.135735,0.37892,0.367662,0.645,0.0742,0.0667,0.1866,ok
KPC3_1270,0.010991,0.0,0.010991,0.295915,0.010991,0.376,0.1533,0.0238,0.055,ok
KPC3_1271,0.0,0.0,0.0,0.0,0.0,0.239,0.0706,0.012,0.0,ok
KPC3_1274,0.0,0.0,0.0,0.0,0.0,0.286,0.1223,0.0156,0.0,ok
KPC3_1275,0.0,0.0,0.0,0.0,0.0,0.182,0.1209,0.0109,0.0,ok
KPC3_1279,0.0,0.0,0.0,0.0,0.0,0.32,0.1248,0.0182,0.0074,ok
KPC3_127_1,0.013005,0.011246,0.013005,0.323784,0.02097,0.531,0.1942,0.024,0.0623,ok
KPC3_127_2,0.218393,0.02023,0.218393,0.424178,0.413425,0.683,0.1574,0.0524,0.2131,ok
KPC3_127_5,0.014759,0.0,0.014759,0.351135,0.037432,0.492,0.083,0.0179,0.0748,ok
KPC3_127_6,0.417887,0.032697,0.417887,0.53877,0.534984,0.747,0.0598,0.1404,0.3613,ok
KPC3_127_8,0.0,0.0,0.0,0.0,0.0,0.269,0.0978,0.017,0.0071,ok
KPC3_127_9,0.0,0.0,0.0,0.0,0.0,0.322,0.1002,0.0146,0.0044,ok
KPC3_1280,0.012231,0.012067,0.012231,0.317053,0.103004,0.517,0.1968,0.0371,0.0937,ok
KPC3_1281,0.01151,0.0,0.01151,0.304253,0.01151,0.404,0.1787,0.0134,0.0317,ok
KPC3_1283,0.011235,0.0,0.011235,0.2993,0.011235,0.548,0.1182,0.0297,0.0477,ok
KPC3_1284,0.04684,0.012762,0.04684,0.329398,0.241556,0.604,0.2928,0.0493,0.1021,ok
KPC3_128_9,0.070032,0.012487,0.070032,0.350878,0.220773,0.585,0.168,0.0288,0.1094,ok
KPC3_1294,0.0,0.0,0.0,0.0,0.0,0.369,0.1045,0.0172,0.0,ok
KPC3_1295,0.0,0.0,0.0,0.0,0.0,0.42,0.2388,0.0209,0.0216,ok
KPC3_1297,0.403066,0.068821,0.403066,0.539757,0.536047,0.731,0.1409,0.211,0.3593,ok
KPC3_129_0,0.0,0.0,0.0,0.0,0.0,0.265,0.1476,0.0148,0.0076,ok
KPC3_129_1,0.0,0.0,0.0,0.0,0.0,0.213,0.1836,0.0136,0.0,ok
KPC3_129_2,0.0,0.0,0.0,0.0,0.0,0.229,0.1533,0.0133,0.0,ok
KPC3_129_4,0.0,0.0,0.0,0.0,0.0,0.09,0.0,0.0,0.0,ok
KPC3_129_6,0.0,0.0,0.0,0.0,0.0,0.216,0.0722,0.0121,0.0,ok
KPC3_1300,0.0,0.0,0.0,0.0,0.0,0.228,0.1295,0.0144,0.0,ok
KPC3_1304,0.011513,0.0,0.011513,0.302478,0.011513,0.451,0.1704,0.0177,0.0413,ok
KPC3_1308,0.012907,0.01161,0.012907,0.326482,0.054281,0.511,0.2617,0.0269,0.0837,ok
KPC3_130_1,0.0,0.0,0.0,0.0,0.0,0.299,0.2196,0.0152,0.0,ok
KPC3_130_2,0.0,0.0,0.0,0.0,0.0,0.35,0.039,0.0167,0.005,ok
KPC3_130_3,0.0,0.0,0.0,0.0,0.0,0.3,0.1164,0.0152,0.008,ok
KPC3_130_4,0.0,0.0,0.0,0.0,0.0,0.394,0.2273,0.0211,0.0234,ok
KPC3_130_8,0.242201,0.018846,0.242201,0.38714,0.369536,0.648,0.2343,0.0647,0.1834,ok
KPC3_1313,0.011437,0.0,0.011437,0.294587,0.011437,0.489,0.1002,0.022,0.0507,ok
KPC3_1317,0.433275,0.030431,0.433275,0.52725,0.523324,0.751,0.1293,0.0924,0.3625,ok
KPC3_131_6,0.229812,0.045706,0.229812,0.408609,0.402873,0.651,0.2679,0.0702,0.2159,ok
KPC3_1321,0.358368,0.040537,0.358368,0.579232,0.573786,0.748,0.2343,0.1406,0.3219,ok
KPC3_1324,0.343113,0.035148,0.343113,0.548816,0.544833,0.759,0.1017,0.0826,0.3403,ok
KPC3_1325,0.566199,0.113108,0.566199,0.749526,0.748442,0.783,0.1539,0.3027,0.5061,ok
KPC3_1328,0.012126,0.0,0.012126,0.301089,0.012126,0.437,0.1099,0.0216,0.0382,ok
KPC3_132_0,0.144966,0.016567,0.144966,0.382544,0.362794,0.597,0.1179,0.048,0.1585,ok
KPC3_132_1,0.0,0.0,0.0,0.0,0.0,0.385,0.1322,0.0145,0.0188,ok
KPC3_132_4,0.0,0.0,0.0,0.0,0.0,0.397,0.1619,0.0192,0.03,ok
KPC3_1330,0.013355,0.012613,0.013355,0.320057,0.280518,0.568,0.1097,0.0419,0.122,ok
KPC3_1332,0.013607,0.011362,0.013607,0.32377,0.301187,0.505,0.1753,0.0289,0.1026,ok
KPC3_1333,0.487682,0.110006,0.487682,0.774584,0.772406,0.825,0.235,0.2435,0.4775,ok
KPC3_1338,0.138809,0.027129,0.138809,0.480946,0.477727,0.678,0.1023,0.0751,0.2764,ok
KPC3_1339,0.049353,0.026341,0.049353,0.478028,0.474774,0.683,0.1122,0.0784,0.2749,ok
KPC3_1342,0.52792,0.064534,0.52792,0.569238,0.560671,0.773,0.1187,0.1108,0.3569,ok
KPC3_1343,0.0,0.0,0.0,0.0,0.0,0.293,0.0773,0.0149,0.0,ok
KPC3_1343_2,0.0,0.0,0.0,0.0,0.0,0.293,0.0773,0.0149,0.0,ok
KPC3_1343_3,0.0,0.0,0.0,0.0,0.0,0.163,0.1242,0.0133,0.0,ok
KPC3_1343_4,0.0,0.0,0.0,0.0,0.0,0.244,0.0811,0.0168,0.0,ok
KPC3_1344,0.079324,0.014375,0.079324,0.351133,0.332111,0.622,0.0947,0.0384,0.1557,ok
KPC3_1345,0.010927,0.0,0.010927,0.289693,0.010927,0.504,0.1817,0.0337,0.0497,ok
KPC3_1347,0.334879,0.048767,0.334879,0.529987,0.527713,0.715,0.2256,0.167,0.3414,ok
KPC3_1353,0.0,0.0,0.0,0.0,0.0,0.375,0.1627,0.0196,0.0266,ok
KPC3_1354,0.0,0.0,0.0,0.0,0.0,0.363,0.1228,0.0166,0.0018,ok
KPC3_1355,0.029268,0.012067,0.029268,0.314514,0.080781,0.562,0.1465,0.0342,0.0708,ok
KPC3_1356,0.117133,0.012531,0.117133,0.339099,0.199373,0.665,0.2215,0.0423,0.1253,ok
KPC3_1357,0.011597,0.0,0.011597,0.303529,0.038532,0.426,0.2212,0.0289,0.0513,ok
KPC3_1358,0.011607,0.0,0.011607,0.303706,0.011607,0.571,0.1351,0.0234,0.0476,ok
KPC3_1358_2,0.011607,0.0,0.011607,0.303706,0.011607,0.571,0.1351,0.0234,0.0476,ok
KPC3_1358_3,0.0,0.0,0.0,0.0,0.0,0.189,0.0344,0.0115,0.0,ok
KPC3_1358_4,0.0,0.0,0.0,0.0,0.0,0.262,0.0487,0.0134,0.0,ok
KPC3_135_5,0.012456,0.0,0.012456,0.312926,0.012456,0.4,0.0985,0.0174,0.0531,ok
KPC3_135_9,0.496361,0.041552,0.496361,0.603423,0.600426,0.787,0.1936,0.1574,0.4413,ok
KPC3_1362,0.012882,0.012351,0.012882,0.321702,0.179057,0.493,0.1637,0.0244,0.0962,ok
KPC3_1366,0.012687,0.01149,0.012687,0.317387,0.042026,0.561,0.2562,0.0305,0.0801,ok
KPC3_1367,0.013278,0.011985,0.013278,0.327823,0.272485,0.487,0.1628,0.0253,0.0887,ok
KPC3_1369,0.011487,0.0,0.011487,0.29675,0.011487,0.504,0.2226,0.021,0.0424,ok
KPC3_136_6,0.370672,0.03317,0.370672,0.413995,0.406598,0.694,0.256,0.0741,0.2503,ok
KPC3_1371,0.0,0.0,0.0,0.0,0.0,0.271,0.1507,0.0153,0.0,ok
KPC3_1377,0.560001,0.06854,0.560001,0.721987,0.718793,0.842,0.2285,0.2709,0.4863,ok
KPC3_1378,0.291987,0.024418,0.291987,0.461139,0.452587,0.687,0.2397,0.0602,0.2468,ok
KPC3_137_2,0.660656,0.131231,0.660656,0.829859,0.828058,0.884,0.2039,0.574,0.5839,ok
KPC3_137_4,0.0,0.0,0.0,0.0,0.0,0.386,0.0408,0.0167,0.0,ok
KPC3_137_5,0.583839,0.073216,0.583839,0.730347,0.727794,0.856,0.292,0.5464,0.5285,ok
KPC3_137_9,0.012609,0.01216,0.012609,0.310439,0.225514,0.529,0.0482,0.0432,0.0964,ok
KPC3_1387,0.0,0.0,0.0,0.0,0.0,0.394,0.0864,0.0191,0.0323,ok
KPC3_138_0,0.122452,0.01348,0.122452,0.375278,0.196808,0.588,0.4071,0.044,0.1089,ok
KPC3_138_2,0.051523,0.012619,0.051523,0.366401,0.129931,0.58,0.1379,0.024,0.0977,ok
KPC3_138_4,0.0,0.0,0.0,0.0,0.0,0.316,0.0861,0.016,0.019,ok
KPC3_138_6,0.0,0.0,0.0,0.0,0.0,0.258,0.1622,0.0116,0.0233,ok
KPC3_138_8,0.014793,0.0,0.014793,0.357262,0.072272,0.448,0.1365,0.0188,0.072,ok
KPC3_1393,0.027536,0.013294,0.027536,0.327645,0.253606,0.581,0.3031,0.0374,0.1069,ok
KPC3_1394,0.173096,0.018212,0.173096,0.400116,0.387092,0.691,0.1396,0.0577,0.1959,ok
KPC3_1396,0.314901,0.021913,0.314901,0.444207,0.434863,0.706,0.1421,0.0581,0.2526,ok
KPC3_1397,0.0,0.0,0.0,0.0,0.0,0.351,0.1068,0.0143,0.0,ok
KPC3_139_7,0.0,0.0,0.0,0.0,0.0,0.37,0.0788,0.0208,0.0297,ok
KPC3_13_4,0.196283,0.014684,0.196283,0.362383,0.281428,0.682,0.0812,0.0617,0.1833,ok
KPC3_13_7,0.062983,0.014589,0.062983,0.340534,0.260188,0.624,0.1011,0.0431,0.1385,ok
KPC3_1402,0.0,0.0,0.0,0.0,0.0,0.322,0.1518,0.0154,0.0187,ok
KPC3_1408,0.0,0.0,0.0,0.0,0.0,0.293,0.1072,0.0126,0.0,ok
KPC3_1413,0.0,0.0,0.0,0.0,0.0,0.215,0.1586,0.0123,0.0,ok
KPC3_1415,0.0,0.0,0.0,0.0,0.0,0.39,0.1054,0.0178,0.0128,ok
KPC3_1415_2,0.0,0.0,0.0,0.0,0.0,0.39,0.1054,0.0178,0.0128,ok
KPC3_1415_3,0.012271,0.0,0.012271,0.315743,0.012271,0.453,0.1131,0.0182,0.0543,ok
KPC3_1415_4,0.0,0.0,0.0,0.0,0.0,0.217,0.2314,0.0129,0.0,ok
KPC3_141_0,0.515822,0.063729,0.515822,0.701322,0.697896,0.829,0.1625,0.3854,0.4768,ok
KPC3_141_8,0.357784,0.03165,0.357784,0.529421,0.525356,0.758,0.0943,0.1103,0.3373,ok
KPC3_1420,0.204931,0.042053,0.204931,0.588985,0.586682,0.727,0.0897,0.1174,0.3306,ok
KPC3_1420_2,0.204931,0.042053,0.204931,0.588985,0.586682,0.727,0.0897,0.1174,0.3306,ok
KPC3_1420_3,0.352415,0.038926,0.352415,0.579479,0.575514,0.766,0.2003,0.1483,0.3553,ok
KPC3_1420_4,0.385021,0.053215,0.385021,0.651206,0.64754,0.788,0.1337,0.1376,0.3717,ok
KPC3_1421,0.687133,0.179684,0.687133,0.880801,0.880115,0.909,0.275,0.4546,0.6083,ok
KPC3_1425,0.681314,0.194816,0.681314,0.879385,0.87802,0.908,0.3309,0.5049,0.6096,ok
KPC3_1425_2,0.681314,0.194816,0.681314,0.879385,0.87802,0.908,0.3309,0.5049,0.6096,ok
KPC3_1425_3,0.162834,0.023146,0.162834,0.448727,0.443879,0.642,0.198,0.0702,0.2429,ok
KPC3_1425_4,0.353713,0.043804,0.353713,0.603385,0.600312,0.766,0.1322,0.2093,0.3727,ok
KPC3_1426,0.522787,0.137849,0.522787,0.828584,0.827692,0.88,0.1545,0.2432,0.5412,ok
KPC3_1426_2,0.522787,0.137849,0.522787,0.828584,0.827692,0.88,0.1545,0.2432,0.5412,ok
KPC3_1426_3,0.441671,0.046443,0.441671,0.625095,0.621265,0.799,0.1286,0.1527,0.4209,ok
KPC3_1426_4,0.343608,0.041346,0.343608,0.588893,0.58578,0.77,0.2156,0.1584,0.3727,ok
KPC3_1427,0.037343,0.015405,0.037343,0.352623,0.331705,0.6,0.1093,0.0387,0.1587,ok
KPC3_142_0,0.320662,0.038799,0.320662,0.577768,0.573826,0.753,0.2283,0.1424,0.3447,ok
KPC3_142_5,0.481498,0.055011,0.481498,0.668137,0.665242,0.815,0.1738,0.279,0.4534,ok
KPC3_142_8,0.524107,0.087003,0.524107,0.754565,0.752799,0.84,0.1366,0.2481,0.5146,ok
KPC3_1432,0.040556,0.01216,0.040556,0.319609,0.215101,0.631,0.0719,0.0436,0.1275,ok
KPC3_1433,0.0,0.0,0.0,0.0,0.0,0.311,0.0665,0.0151,0.0,ok
KPC3_1436,0.507893,0.075331,0.507893,0.732608,0.731339,0.826,0.2485,0.2512,0.4671,ok
KPC3_1437,0.017765,0.01758,0.017765,0.385052,0.374865,0.627,0.1619,0.0582,0.1885,ok
KPC3_1438,0.293359,0.051408,0.293359,0.635865,0.633672,0.766,0.1693,0.1902,0.3792,ok
KPC3_1442,0.0,0.0,0.0,0.0,0.0,0.366,0.0624,0.0136,0.0,ok
KPC3_1444,0.0,0.0,0.0,0.0,0.0,0.154,0.0823,0.0107,0.0,ok
KPC3_1445,0.0,0.0,0.0,0.0,0.0,0.35,0.2134,0.0137,0.012,ok
KPC3_1446,0.0,0.0,0.0,0.0,0.0,0.277,0.1248,0.0138,0.0,ok
KPC3_1449,0.016308,0.013222,0.016308,0.33069,0.277391,0.575,0.2171,0.0354,0.105,ok
KPC3_144_4,0.0,0.0,0.0,0.0,0.0,0.194,0.1106,0.0132,0.0,ok
KPC3_144_8,0.013601,0.0,0.013601,0.343685,0.064885,0.482,0.1073,0.0192,0.0547,ok
KPC3_1453,0.0,0.0,0.0,0.0,0.0,0.269,0.1576,0.0185,0.0174,ok
KPC3_1454,0.0,0.0,0.0,0.0,0.0,0.243,0.08,0.013,0.0,ok
KPC3_145_1,0.130404,0.016554,0.130404,0.373966,0.345772,0.628,0.1006,0.0398,0.157,ok
KPC3_145_4,0.690696,0.102034,0.690696,0.797802,0.796268,0.869,0.1665,0.2319,0.605,ok
KPC3_1460,0.0,0.0,0.0,0.0,0.0,0.259,0.1272,0.0145,0.0,ok
KPC3_1462,0.0,0.0,0.0,0.0,0.0,0.258,0.1542,0.0132,0.0,ok
KPC3_1463,0.0,0.0,0.0,0.0,0.0,0.326,0.1146,0.0174,0.0,ok
KPC3_1464,0.0,0.0,0.0,0.0,0.0,0.462,0.1719,0.0238,0.02,ok
KPC3_1466,0.0,0.0,0.0,0.0,0.0,0.31,0.21,0.0195,0.0,ok
KPC3_1467,0.0,0.0,0.0,0.0,0.0,0.412,0.0989,0.0151,0.011,ok
KPC3_146_3,0.220568,0.023901,0.220568,0.458935,0.454204,0.691,0.0516,0.0753,0.2632,ok
KPC3_146_7,0.179606,0.015331,0.179606,0.366052,0.344951,0.642,0.0806,0.0506,0.1931,ok
KPC3_1476,0.0,0.0,0.0,0.0,0.0,0.398,0.1548,0.0182,0.0035,ok
KPC3_1478,0.775381,0.183093,0.775381,0.797085,0.795756,0.833,0.2434,0.3074,0.583,ok
KPC3_1481,0.103351,0.018618,0.103351,0.3972,0.390101,0.668,0.1524,0.0598,0.2148,ok
KPC3_1483,0.480465,0.054402,0.480465,0.65544,0.652537,0.804,0.2175,0.1913,0.4157,ok
KPC3_1486,0.304112,0.041563,0.304112,0.586863,0.582926,0.768,0.0933,0.0926,0.3526,ok
KPC3_1489,0.383554,0.046429,0.383554,0.616113,0.614605,0.769,0.2568,0.3143,0.4005,ok
KPC3_148_0,0.012482,0.0,0.012482,0.316163,0.027914,0.455,0.0811,0.0205,0.0646,ok
KPC3_1490,0.0,0.0,0.0,0.0,0.0,0.36,0.0729,0.0142,0.0,ok
KPC3_1491,0.0,0.0,0.0,0.0,0.0,0.451,0.1716,0.02,0.0157,ok
KPC3_1494,0.04862,0.015582,0.04862,0.364013,0.346593,0.617,0.3196,0.0474,0.1523,ok
KPC3_1495,0.0,0.0,0.0,0.0,0.0,0.18,0.1406,0.0114,0.0,ok
KPC3_1497,0.0,0.0,0.0,0.0,0.0,0.214,0.0627,0.012,0.0,ok
KPC3_1499,0.440144,0.070913,0.440144,0.624706,0.621858,0.785,0.1763,0.1436,0.392,ok
KPC3_149_9,0.012261,0.0,0.012261,0.31753,0.012261,0.352,0.216,0.0206,0.0462,ok
KPC3_1503,0.011641,0.0,0.011641,0.310578,0.011641,0.4,0.144,0.017,0.0353,ok
KPC3_1504,0.0,0.0,0.0,0.0,0.0,0.233,0.2111,0.0137,0.0,ok
KPC3_150_5,0.048962,0.0122,0.048962,0.333358,0.117094,0.586,0.0972,0.0406,0.1141,ok
KPC3_150_6,0.012576,0.0,0.012576,0.308669,0.012576,0.414,0.0614,0.0165,0.0559,ok
KPC3_150_9,0.688308,0.169859,0.688308,0.822115,0.820031,0.859,0.1882,0.4476,0.5697,ok
KPC3_1514,0.496736,0.048534,0.496736,0.643456,0.640534,0.801,0.2658,0.2891,0.4174,ok
KPC3_1516,0.0,0.0,0.0,0.0,0.0,0.324,0.0752,0.0129,0.0,ok
KPC3_1517,0.0,0.0,0.0,0.0,0.0,0.319,0.1377,0.0129,0.0,ok
KPC3_1523,0.0,0.0,0.0,0.0,0.0,0.186,0.1522,0.0122,0.0,ok
KPC3_1523_2,0.0,0.0,0.0,0.0,0.0,0.186,0.1522,0.0122,0.0,ok
KPC3_1523_3,0.0,0.0,0.0,0.0,0.0,0.239,0.1349,0.0136,0.0,ok
KPC3_1523_4,0.0,0.0,0.0,0.0,0.0,0.389,0.127,0.0165,0.0077,ok
KPC3_1526,0.270919,0.039348,0.270919,0.479812,0.472852,0.729,0.1803,0.0978,0.2592,ok
KPC3_1527,0.161568,0.025206,0.161568,0.382801,0.352074,0.672,0.2312,0.0541,0.1852,ok
KPC3_1528,0.013301,0.011224,0.013301,0.330657,0.063531,0.523,0.1512,0.0278,0.095,ok
KPC3_1536,0.475655,0.047785,0.475655,0.631906,0.628979,0.804,0.0812,0.1341,0.4305,ok
KPC3_1537,0.013103,0.011929,0.013103,0.321375,0.189723,0.49,0.1723,0.0247,0.0892,ok
KPC3_153_0,0.013288,0.0,0.013288,0.32735,0.029682,0.486,0.1026,0.0229,0.0627,ok
KPC3_1542,0.0,0.0,0.0,0.0,0.0,0.327,0.181,0.0153,0.0003,ok
KPC3_1547,0.0,0.0,0.0,0.0,0.0,0.324,0.1878,0.0157,0.0,ok
KPC3_1549,0.0,0.0,0.0,0.0,0.0,0.249,0.1027,0.0121,0.0,ok
KPC3_154_1,0.012811,0.0,0.012811,0.321879,0.012811,0.446,0.2202,0.0197,0.0366,ok
KPC3_154_3,0.080317,0.017011,0.080317,0.38329,0.372929,0.628,0.1185,0.0521,0.178,ok
KPC3_1552,0.69942,0.094893,0.69942,0.780818,0.777079,0.879,0.2353,0.2294,0.5364,ok
KPC3_1555,0.0,0.0,0.0,0.0,0.0,0.131,0.0929,0.0112,0.0,ok
KPC3_155_3,0.476867,0.041553,0.476867,0.601336,0.597544,0.784,0.0971,0.1311,0.428,ok
KPC3_155_8,0.019645,0.013691,0.019645,0.331849,0.303569,0.588,0.0644,0.0554,0.1384,ok
KPC3_1560,0.516631,0.064592,0.516631,0.698585,0.695819,0.834,0.2037,0.2525,0.4488,ok
KPC3_1564,0.181007,0.028514,0.181007,0.48495,0.480158,0.659,0.1105,0.119,0.2715,ok
KPC3_1567,0.012823,0.012752,0.012823,0.311737,0.183153,0.496,0.2215,0.0304,0.0907,ok
KPC3_1568,0.486201,0.080378,0.486201,0.744345,0.742473,0.835,0.1998,0.2122,0.471,ok
KPC3_156_8,0.71723,0.131572,0.71723,0.834515,0.832704,0.902,0.1701,0.2599,0.6075,ok
KPC3_156_9,0.236901,0.02158,0.236901,0.432985,0.424061,0.703,0.0954,0.053,0.2486,ok
KPC3_1570,0.407645,0.038256,0.407645,0.571525,0.567602,0.772,0.1476,0.0931,0.3334,ok
KPC3_1573,0.103583,0.020362,0.103583,0.417546,0.408792,0.652,0.0829,0.0602,0.2217,ok
KPC3_1577,0.0,0.0,0.0,0.0,0.0,0.289,0.0711,0.0133,0.0,ok
KPC3_157_7,0.613991,0.117936,0.613991,0.822291,0.820438,0.878,0.1695,0.2036,0.5532,ok
KPC3_1584,0.0,0.0,0.0,0.0,0.0,0.247,0.2174,0.013,0.0,ok
KPC3_158_3,0.0,0.0,0.0,0.0,0.0,0.41,0.0445,0.0188,0.0145,ok
KPC3_1590,0.0,0.0,0.0,0.0,0.0,0.355,0.0754,0.015,0.0,ok
KPC3_1592,0.0,0.0,0.0,0.0,0.0,0.402,0.1027,0.0147,0.0095,ok
KPC3_1593,0.0,0.0,0.0,0.0,0.0,0.382,0.1168,0.0172,0.0101,ok
KPC3_1595,0.048759,0.014153,0.048759,0.341314,0.320898,0.628,0.1128,0.0381,0.144,ok
KPC3_1598,0.0,0.0,0.0,0.0,0.0,0.232,0.0588,0.0121,0.0,ok
KPC3_159_3,0.0,0.0,0.0,0.0,0.0,0.401,0.0555,0.0165,0.019,ok
KPC3_159_4,0.147103,0.012936,0.147103,0.349755,0.251866,0.627,0.1212,0.0526,0.1397,ok
KPC3_159_7,0.723908,0.132627,0.723908,0.826874,0.825094,0.883,0.2761,0.4444,0.6053,ok
KPC3_15_0,0.011662,0.0,0.011662,0.31032,0.013426,0.478,0.2833,0.0225,0.0598,ok
KPC3_15_4,0.012745,0.0,0.012745,0.329547,0.02452,0.427,0.2006,0.0158,0.0527,ok
KPC3_15_8,0.0,0.0,0.0,0.0,0.0,0.364,0.0567,0.0224,0.0227,ok
KPC3_1602,0.010854,0.0,0.010854,0.288933,0.010854,0.401,0.0804,0.0187,0.0258,ok
KPC3_1606,0.0,0.0,0.0,0.0,0.0,0.249,0.1563,0.0121,0.0,ok
KPC3_1607,0.693986,0.282254,0.693986,0.869595,0.868286,0.906,0.2286,0.7112,0.5559,ok
KPC3_1608,0.010783,0.0,0.010783,0.287568,0.010783,0.432,0.1297,0.0153,0.0266,ok
KPC3_160_2,0.0,0.0,0.0,0.0,0.0,0.244,0.0752,0.0134,0.0,ok
KPC3_160_5,0.435589,0.097494,0.435589,0.523237,0.519669,0.757,0.2716,0.1391,0.3379,ok
KPC3_1611,0.619722,0.197262,0.619722,0.769919,0.767827,0.851,0.1823,0.1552,0.5057,ok
KPC3_1616,0.0,0.0,0.0,0.0,0.0,0.207,0.107,0.0132,0.0,ok
KPC3_161_0,0.011545,0.0,0.011545,0.301852,0.011545,0.283,0.0968,0.0138,0.0354,ok
KPC3_161_3,0.0,0.0,0.0,0.0,0.0,0.366,0.0643,0.0134,0.0,ok
KPC3_161_5,0.333821,0.029066,0.333821,0.416734,0.385586,0.699,0.1436,0.0786,0.2069,ok
KPC3_161_8,0.0,0.0,0.0,0.0,0.0,0.38,0.0788,0.0154,0.0203,ok
KPC3_1620,0.0,0.0,0.0,0.0,0.0,0.298,0.1031,0.0161,0.0,ok
KPC3_1622,0.012398,0.0,0.012398,0.325136,0.035419,0.46,0.1559,0.027,0.0555,ok
KPC3_1628,0.0,0.0,0.0,0.0,0.0,0.304,0.1673,0.014,0.0,ok
KPC3_162_4,0.0,0.0,0.0,0.0,0.0,0.389,0.1617,0.0195,0.023,ok
KPC3_1631,0.0,0.0,0.0,0.0,0.0,0.237,0.1265,0.0124,0.0,ok
KPC3_1633,0.0,0.0,0.0,0.0,0.0,0.304,0.1023,0.012,0.0,ok
KPC3_1634,0.474852,0.046586,0.474852,0.614177,0.610542,0.768,0.1585,0.325,0.4169,ok
KPC3_163_4,0.0,0.0,0.0,0.0,0.0,0.292,0.0377,0.0162,0.0043,ok
KPC3_1640,0.112623,0.036625,0.112623,0.560598,0.557391,0.712,0.2936,0.1234,0.317,ok
KPC3_1641,0.638736,0.173878,0.638736,0.862636,0.861875,0.888,0.2785,0.4712,0.6005,ok
KPC3_1643,0.26092,0.063213,0.26092,0.674451,0.672396,0.77,0.3143,0.239,0.3848,ok
KPC3_1644,0.509328,0.126887,0.509328,0.830439,0.829045,0.886,0.144,0.243,0.5278,ok
KPC3_1647,0.18895,0.037753,0.18895,0.548692,0.544775,0.705,0.2194,0.1356,0.3153,ok
KPC3_1648,0.159228,0.036536,0.159228,0.539219,0.536124,0.689,0.1239,0.1167,0.3109,ok
KPC3_1649,0.413206,0.050896,0.413206,0.64511,0.642098,0.803,0.137,0.1565,0.4063,ok
KPC3_164_3,0.011255,0.0,0.011255,0.290034,0.011255,0.441,0.1085,0.0198,0.044,ok
KPC3_164_6,0.012023,0.011861,0.012023,0.304019,0.012023,0.521,0.0656,0.0252,0.067,ok
KPC3_164_8,0.01109,0.0,0.01109,0.287007,0.01109,0.418,0.1594,0.0181,0.0274,ok
KPC3_1652,0.012515,0.0,0.012515,0.326239,0.03958,0.459,0.1378,0.0211,0.0586,ok
KPC3_1654,0.0,0.0,0.0,0.0,0.0,0.206,0.0428,0.0122,0.0,ok
KPC3_1659,0.0,0.0,0.0,0.0,0.0,0.181,0.1581,0.0128,0.0,ok
KPC3_165_0,0.011411,0.0,0.011411,0.293611,0.011411,0.418,0.1234,0.0173,0.0351,ok
KPC3_165_1,0.0,0.0,0.0,0.0,0.0,0.171,0.0533,0.0103,0.0,ok
KPC3_165_3,0.014081,0.010764,0.014081,0.337437,0.060993,0.505,0.1708,0.027,0.0816,ok
KPC3_1660,0.497517,0.057033,0.497517,0.663782,0.66236,0.799,0.2511,0.2394,0.4498,ok
KPC3_166_2,0.010706,0.0,0.010706,0.277852,0.010706,0.379,0.0934,0.0162,0.0332,ok
KPC3_166_5,0.0,0.0,0.0,0.0,0.0,0.35,0.1035,0.016,0.0142,ok
KPC3_1671,0.0,0.0,0.0,0.0,0.0,0.433,0.0629,0.0159,0.0279,ok
KPC3_1674,0.0,0.0,0.0,0.0,0.0,0.209,0.1336,0.0126,0.0,ok
KPC3_1674_2,0.0,0.0,0.0,0.0,0.0,0.209,0.1336,0.0126,0.0,ok
KPC3_1674_3,0.0,0.0,0.0,0.0,0.0,0.306,0.2448,0.015,0.0128,ok
KPC3_1674_4,0.012057,0.0,0.012057,0.311259,0.012057,0.414,0.1062,0.0193,0.0501,ok
KPC3_1675,0.0,0.0,0.0,0.0,0.0,0.416,0.0748,0.0146,0.0153,ok
KPC3_1676,0.012408,0.01226,0.012408,0.316946,0.05592,0.488,0.0814,0.0246,0.0791,ok
KPC3_1678,0.0,0.0,0.0,0.0,0.0,0.293,0.0707,0.0161,0.0,ok
KPC3_167_3,0.018201,0.011938,0.018201,0.338958,0.072386,0.494,0.0563,0.0256,0.1103,ok
KPC3_167_6,0.0,0.0,0.0,0.0,0.0,0.34,0.0889,0.0157,0.0261,ok
KPC3_167_7,0.373802,0.025046,0.373802,0.44517,0.428627,0.735,0.2236,0.1024,0.27,ok
KPC3_1680,0.0,0.0,0.0,0.0,0.0,0.16,0.1139,0.0113,0.0,ok
KPC3_1681,0.0,0.0,0.0,0.0,0.0,0.443,0.1987,0.0239,0.0078,ok
KPC3_1687,0.023923,0.012168,0.023923,0.343222,0.168416,0.511,0.2738,0.0346,0.0967,ok
KPC3_1689,0.012386,0.0,0.012386,0.324925,0.012386,0.437,0.234,0.0315,0.0512,ok
KPC3_168_6,0.022943,0.011742,0.022943,0.344899,0.105119,0.553,0.2492,0.0244,0.0881,ok
KPC3_1691,0.012848,0.012701,0.012848,0.317011,0.125664,0.487,0.1731,0.0244,0.081,ok
KPC3_1692,0.071798,0.018641,0.071798,0.400014,0.388323,0.583,0.0836,0.0728,0.1933,ok
KPC3_1693,0.397112,0.034666,0.397112,0.558752,0.553983,0.75,0.2275,0.1234,0.352,ok
KPC3_1695,0.012132,0.012103,0.012132,0.304604,0.238495,0.542,0.0979,0.0292,0.1007,ok
KPC3_1695_2,0.012132,0.012103,0.012132,0.304604,0.238495,0.542,0.0979,0.0292,0.1007,ok
KPC3_1695_3,0.61815,0.090791,0.61815,0.757202,0.754365,0.842,0.1309,0.3454,0.536,ok
KPC3_1695_4,0.054294,0.015357,0.054294,0.355685,0.339068,0.619,0.122,0.0454,0.1679,ok
KPC3_1696,0.142088,0.016215,0.142088,0.3682,0.348926,0.599,0.1884,0.0408,0.1806,ok
KPC3_1697,0.012008,0.0,0.012008,0.302422,0.012008,0.421,0.0877,0.0163,0.0345,ok
KPC3_1698,0.05295,0.014165,0.05295,0.354634,0.245944,0.557,0.1223,0.0311,0.1238,ok
KPC3_169_1,0.641604,0.165967,0.641604,0.868938,0.867439,0.9,0.2626,0.6431,0.6001,ok
KPC3_169_6,0.212438,0.017964,0.212438,0.3879,0.36343,0.698,0.199,0.1201,0.2287,ok
KPC3_16_3,0.117777,0.013853,0.117777,0.361539,0.24503,0.656,0.1962,0.0391,0.1346,ok
KPC3_1700,0.580803,0.127661,0.580803,0.806292,0.805296,0.855,0.2149,0.323,0.532,ok
KPC3_1701,0.05858,0.03587,0.05858,0.538399,0.536046,0.68,0.1337,0.1222,0.3135,ok
KPC3_1702,0.166836,0.027526,0.166836,0.490417,0.486323,0.704,0.3764,0.1227,0.2838,ok
KPC3_1708,0.0,0.0,0.0,0.0,0.0,0.461,0.0889,0.0221,0.0329,ok
KPC3_1708_2,0.0,0.0,0.0,0.0,0.0,0.461,0.0889,0.0221,0.0329,ok
KPC3_1708_3,0.01346,0.013346,0.01346,0.321651,0.286197,0.586,0.0742,0.0415,0.1223,ok
KPC3_1708_4,0.011238,0.0,0.011238,0.283822,0.011238,0.465,0.0374,0.0197,0.0467,ok
KPC3_170_0,0.011176,0.010718,0.011176,0.284676,0.011176,0.476,0.0321,0.0355,0.0605,ok
KPC3_170_5,0.0,0.0,0.0,0.0,0.0,0.227,0.0282,0.0132,0.0,ok
KPC3_170_7,0.011563,0.0,0.011563,0.291605,0.011563,0.47,0.1076,0.0274,0.0627,ok
KPC3_1712,0.011386,0.0,0.011386,0.294423,0.011386,0.416,0.1295,0.0169,0.0397,ok
KPC3_1716,0.0,0.0,0.0,0.0,0.0,0.438,0.087,0.021,0.0275,ok
KPC3_1717,0.011112,0.0,0.011112,0.28936,0.011112,0.434,0.0941,0.018,0.0457,ok
KPC3_1720,0.010713,0.0,0.010713,0.294192,0.010713,0.316,0.1419,0.0165,0.0313,ok
KPC3_1721,0.0,0.0,0.0,0.0,0.0,0.287,0.1245,0.0149,0.0,ok
KPC3_1724,0.113568,0.042723,0.113568,0.388931,0.374937,0.596,0.2211,0.0585,0.1706,ok
KPC3_1726,0.0,0.0,0.0,0.0,0.0,0.286,0.1406,0.0149,0.0,ok
KPC3_172_0,0.0,0.0,0.0,0.0,0.0,0.314,0.0768,0.0133,0.0216,ok
KPC3_172_5,0.066624,0.013715,0.066624,0.336136,0.289131,0.585,0.083,0.0503,0.1401,ok
KPC3_172_6,0.123351,0.015688,0.123351,0.355228,0.341394,0.625,0.0706,0.0569,0.1772,ok
KPC3_1730,0.150353,0.018134,0.150353,0.394148,0.380804,0.668,0.0819,0.056,0.2039,ok
KPC3_1732,0.515599,0.052312,0.515599,0.656153,0.653262,0.835,0.2165,0.1864,0.4575,ok
KPC3_1733,0.565069,0.055868,0.565069,0.666868,0.664045,0.835,0.1329,0.1602,0.4178,ok
KPC3_1735,0.0,0.0,0.0,0.0,0.0,0.419,0.0626,0.0201,0.0108,ok
KPC3_1737,0.041178,0.01586,0.041178,0.3621,0.344496,0.612,0.2296,0.0381,0.1637,ok
KPC3_1739,0.0,0.0,0.0,0.0,0.0,0.306,0.0935,0.0132,0.0,ok
KPC3_1741,0.0,0.0,0.0,0.0,0.0,0.294,0.2287,0.0168,0.0,ok
KPC3_1748,0.0,0.0,0.0,0.0,0.0,0.196,0.0941,0.0138,0.0,ok
KPC3_174_6,0.271095,0.070188,0.271095,0.422704,0.414134,0.662,0.1537,0.0699,0.2152,ok
KPC3_174_8,0.0,0.0,0.0,0.0,0.0,0.24,0.1659,0.0114,0.0,ok
KPC3_1751,0.164568,0.023022,0.164568,0.399577,0.393044,0.623,0.0998,0.0815,0.2082,ok
KPC3_1753,0.0,0.0,0.0,0.0,0.0,0.277,0.2033,0.0144,0.011,ok
KPC3_1754,0.0,0.0,0.0,0.0,0.0,0.3,0.1151,0.0147,0.0,ok
KPC3_1756,0.0,0.0,0.0,0.0,0.0,0.351,0.1044,0.0198,0.0,ok
KPC3_1759,0.0,0.0,0.0,0.0,0.0,0.215,0.1031,0.014,0.0,ok
KPC3_175_2,0.255266,0.032157,0.255266,0.535702,0.531596,0.738,0.1109,0.1273,0.3215,ok
KPC3_175_4,0.548885,0.089616,0.548885,0.770292,0.767368,0.86,0.1222,0.2641,0.5337,ok
KPC3_1768,0.012086,0.0,0.012086,0.313726,0.012086,0.466,0.0978,0.0222,0.0527,ok
KPC3_1768_2,0.012086,0.0,0.012086,0.313726,0.012086,0.466,0.0978,0.0222,0.0527,ok
KPC3_1768_3,0.0,0.0,0.0,0.0,0.0,0.374,0.0769,0.0181,0.0131,ok
KPC3_1768_4,0.011805,0.010961,0.011805,0.308312,0.011805,0.505,0.0905,0.0251,0.0599,ok
KPC3_1769,0.0,0.0,0.0,0.0,0.0,0.209,0.0808,0.0145,0.0,ok
KPC3_1772,0.012388,0.011132,0.012388,0.310705,0.029632,0.568,0.0727,0.0227,0.0764,ok
KPC3_1773,0.0,0.0,0.0,0.0,0.0,0.408,0.1378,0.0183,0.0244,ok
KPC3_1773_2,0.0,0.0,0.0,0.0,0.0,0.408,0.1378,0.0183,0.0244,ok
KPC3_1773_3,0.417508,0.036337,0.417508,0.567938,0.564077,0.762,0.1626,0.1274,0.3757,ok
KPC3_1773_4,0.052114,0.016956,0.052114,0.379887,0.366206,0.602,0.132,0.0517,0.1765,ok
KPC3_1775,0.092725,0.016799,0.092725,0.379738,0.363606,0.656,0.1118,0.0651,0.1889,ok
KPC3_1778,0.0,0.0,0.0,0.0,0.0,0.326,0.0819,0.0132,0.0007,ok
KPC3_1779,0.014466,0.011172,0.014466,0.313437,0.051068,0.523,0.2523,0.0262,0.0774,ok
KPC3_177_8,0.226421,0.027451,0.226421,0.498299,0.494386,0.698,0.2806,0.0859,0.2886,ok
KPC3_1781,0.011433,0.0,0.011433,0.296559,0.011433,0.476,0.1003,0.0223,0.0558,ok
KPC3_1783,0.0,0.0,0.0,0.0,0.0,0.366,0.1562,0.016,0.0125,ok
KPC3_1785,0.015335,0.013003,0.015335,0.328349,0.083808,0.575,0.1579,0.0274,0.0868,ok
KPC3_1789,0.011596,0.0,0.011596,0.299629,0.011596,0.348,0.084,0.0245,0.0366,ok
KPC3_178_2,0.011067,0.0,0.011067,0.288453,0.011067,0.384,0.15,0.0154,0.0447,ok
KPC3_178_4,0.351816,0.033513,0.351816,0.537707,0.533909,0.739,0.1082,0.1387,0.3215,ok
KPC3_178_5,0.010838,0.0,0.010838,0.28421,0.010838,0.416,0.0468,0.0229,0.0426,ok
KPC3_178_6,0.0,0.0,0.0,0.0,0.0,0.454,0.1597,0.0174,0.0256,ok
KPC3_1792,0.0,0.0,0.0,0.0,0.0,0.331,0.057,0.0195,0.0,ok
KPC3_1794,0.011331,0.0,0.011331,0.299108,0.011331,0.497,0.1375,0.0222,0.0512,ok
KPC3_1795,0.0,0.0,0.0,0.0,0.0,0.356,0.1146,0.0165,0.0,ok
KPC3_1798,0.0,0.0,0.0,0.0,0.0,0.375,0.3248,0.0172,0.0138,ok
KPC3_179_2,0.846311,0.542946,0.846311,0.91418,0.913745,0.926,0.1858,0.3503,0.6288,ok
KPC3_17_8,0.346769,0.020115,0.346769,0.419316,0.410239,0.698,0.1722,0.1154,0.2399,ok
KPC3_17_9,0.0,0.0,0.0,0.0,0.0,0.298,0.0905,0.0146,0.0075,ok
KPC3_1802,0.0,0.0,0.0,0.0,0.0,0.235,0.072,0.0134,0.0,ok
KPC3_180_2,0.0,0.0,0.0,0.0,0.0,0.278,0.0875,0.014,0.0145,ok
KPC3_180_3,0.012219,0.0,0.012219,0.308928,0.023518,0.5,0.0673,0.0193,0.0729,ok
KPC3_1811,0.0,0.0,0.0,0.0,0.0,0.379,0.069,0.0146,0.0142,ok
KPC3_1811_2,0.0,0.0,0.0,0.0,0.0,0.379,0.069,0.0146,0.0142,ok
KPC3_1811_3,0.0,0.0,0.0,0.0,0.0,0.157,0.0931,0.0111,0.0,ok
KPC3_1811_4,0.0,0.0,0.0,0.0,0.0,0.374,0.0528,0.0141,0.0,ok
KPC3_1814,0.086159,0.013625,0.086159,0.345677,0.313109,0.587,0.2737,0.0472,0.1354,ok
KPC3_1816,0.0,0.0,0.0,0.0,0.0,0.164,0.2089,0.0114,0.0,ok
KPC3_1819,0.0,0.0,0.0,0.0,0.0,0.376,0.1405,0.0131,0.0266,ok
KPC3_181_4,0.01413,0.0,0.01413,0.34335,0.033703,0.448,0.104,0.0195,0.0771,ok
KPC3_181_8,0.032499,0.011868,0.032499,0.387637,0.113374,0.558,0.1058,0.0303,0.1126,ok
KPC3_181_9,0.010789,0.0,0.010789,0.286432,0.010789,0.345,0.1329,0.0155,0.0309,ok
KPC3_1821,0.013533,0.013239,0.013533,0.334137,0.251095,0.521,0.0723,0.0277,0.0892,ok
KPC3_1824,0.261201,0.019425,0.261201,0.387777,0.372646,0.683,0.1315,0.0474,0.2075,ok
KPC3_1825,0.0,0.0,0.0,0.0,0.0,0.38,0.175,0.0179,0.0144,ok
KPC3_1826,0.0,0.0,0.0,0.0,0.0,0.296,0.14,0.016,0.0,ok
KPC3_1828,0.0,0.0,0.0,0.0,0.0,0.377,0.1263,0.0152,0.0176,ok
KPC3_182_2,0.205951,0.016871,0.205951,0.377356,0.356816,0.681,0.064,0.0541,0.1937,ok
KPC3_182_8,0.01302,0.0,0.01302,0.318016,0.023016,0.483,0.0979,0.0203,0.062,ok
KPC3_1836,0.0,0.0,0.0,0.0,0.0,0.234,0.1473,0.0145,0.0,ok
KPC3_183_2,0.0124,0.0,0.0124,0.309513,0.035418,0.483,0.1264,0.0229,0.0573,ok
KPC3_1847,0.0,0.0,0.0,0.0,0.0,0.287,0.2473,0.0149,0.0,ok
KPC3_1850,0.0,0.0,0.0,0.0,0.0,0.24,0.1554,0.0128,0.0,ok
KPC3_1851,0.0,0.0,0.0,0.0,0.0,0.306,0.1472,0.0152,0.0095,ok
KPC3_1858,0.011718,0.0,0.011718,0.310167,0.038921,0.509,0.1136,0.0191,0.0603,ok
KPC3_1861,0.0,0.0,0.0,0.0,0.0,0.304,0.1826,0.0138,0.0,ok
KPC3_1866,0.0,0.0,0.0,0.0,0.0,0.284,0.1997,0.0157,0.0,ok
KPC3_186_2,0.011475,0.0,0.011475,0.308196,0.011475,0.32,0.1643,0.0155,0.0399,ok
KPC3_186_6,0.011794,0.0,0.011794,0.314133,0.030073,0.458,0.285,0.0219,0.0566,ok
KPC3_1870,0.011141,0.0,0.011141,0.287967,0.011141,0.515,0.1803,0.0223,0.046,ok
KPC3_1875,0.060002,0.01482,0.060002,0.348036,0.330235,0.614,0.208,0.0526,0.1547,ok
KPC3_1878,0.300144,0.021905,0.300144,0.439383,0.432345,0.705,0.213,0.0944,0.261,ok
KPC3_187_2,0.0,0.0,0.0,0.0,0.0,0.317,0.0606,0.0145,0.0217,ok
KPC3_187_4,0.465046,0.061813,0.465046,0.685717,0.682967,0.825,0.2872,0.213,0.456,ok
KPC3_187_9,0.018486,0.011138,0.018486,0.335391,0.057306,0.534,0.083,0.0277,0.0906,ok
KPC3_188_6,0.0,0.0,0.0,0.0,0.0,0.31,0.1524,0.0149,0.0152,ok
KPC3_188_8,0.0,0.0,0.0,0.0,0.0,0.336,0.121,0.0155,0.0231,ok
KPC3_1894,0.02408,0.020883,0.02408,0.419509,0.411694,0.568,0.1683,0.047,0.2014,ok
KPC3_189_2,0.0,0.0,0.0,0.0,0.0,0.134,0.214,0.01,0.0,ok
KPC3_189_5,0.0,0.0,0.0,0.0,0.0,0.162,0.106,0.0126,0.0,ok
KPC3_189_7,0.0,0.0,0.0,0.0,0.0,0.221,0.0694,0.0123,0.0,ok
KPC3_189_8,0.0,0.0,0.0,0.0,0.0,0.44,0.1075,0.0195,0.0064,ok
KPC3_18_4,0.0,0.0,0.0,0.0,0.0,0.357,0.0687,0.0168,0.0,ok
KPC3_18_6,0.048218,0.015982,0.048218,0.362651,0.344869,0.586,0.097,0.039,0.1616,ok
KPC3_18_7,0.013488,0.0,0.013488,0.324525,0.030118,0.494,0.0811,0.024,0.0713,ok
KPC3_1900,0.0,0.0,0.0,0.0,0.0,0.299,0.0805,0.0116,0.0,ok
KPC3_1902,0.128976,0.017744,0.128976,0.394567,0.385642,0.661,0.1689,0.0577,0.2018,ok
KPC3_1903,0.010715,0.0,0.010715,0.284378,0.010715,0.482,0.1284,0.0231,0.0362,ok
KPC3_1907,0.013145,0.011921,0.013145,0.328288,0.233885,0.566,0.1824,0.0357,0.0898,ok
KPC3_1907_2,0.013145,0.011921,0.013145,0.328288,0.233885,0.566,0.1824,0.0357,0.0898,ok
KPC3_1907_3,0.0,0.0,0.0,0.0,0.0,0.35,0.1364,0.0209,0.0,ok
KPC3_1907_4,0.643814,0.123072,0.643814,0.792819,0.790783,0.859,0.2456,0.3131,0.5644,ok
KPC3_190_5,0.012617,0.0,0.012617,0.311857,0.012617,0.4,0.1044,0.0153,0.0555,ok
KPC3_190_6,0.0,0.0,0.0,0.0,0.0,0.24,0.0862,0.0146,0.0092,ok
KPC3_190_7,0.012421,0.0,0.012421,0.308192,0.012421,0.456,0.122,0.0193,0.048,ok
KPC3_1910,0.127454,0.012418,0.127454,0.341625,0.16012,0.604,0.0993,0.0317,0.1119,ok
KPC3_1914,0.0,0.0,0.0,0.0,0.0,0.457,0.133,0.0195,0.038,ok
KPC3_1915,0.313825,0.030412,0.313825,0.507626,0.50301,0.703,0.2634,0.0871,0.2819,ok
KPC3_1916,0.011472,0.010704,0.011472,0.293965,0.011472,0.494,0.2684,0.0271,0.0507,ok
KPC3_1917,0.0,0.0,0.0,0.0,0.0,0.351,0.1688,0.0167,0.0,ok
KPC3_1919,0.092025,0.012996,0.092025,0.35652,0.228476,0.625,0.2255,0.0406,0.128,ok
KPC3_1922,0.0,0.0,0.0,0.0,0.0,0.259,0.1565,0.0148,0.0,ok
KPC3_1923,0.0,0.0,0.0,0.0,0.0,0.182,0.079,0.0134,0.0,ok
KPC3_1930,0.549155,0.072076,0.549155,0.711296,0.710042,0.828,0.4025,0.1987,0.4779,ok
KPC3_1932,0.012312,0.011984,0.012312,0.309674,0.221169,0.549,0.1443,0.0297,0.1005,ok
KPC3_1933,0.0,0.0,0.0,0.0,0.0,0.328,0.1274,0.0134,0.0,ok
KPC3_1934,0.015152,0.014092,0.015152,0.354021,0.335358,0.607,0.1212,0.0361,0.1578,ok
KPC3_1936,0.013252,0.0,0.013252,0.325831,0.039826,0.515,0.0874,0.0166,0.065,ok
KPC3_1937,0.010809,0.0,0.010809,0.282378,0.010809,0.497,0.0929,0.0198,0.0457,ok
KPC3_193_4,0.347444,0.02476,0.347444,0.442174,0.436036,0.714,0.1488,0.0669,0.2887,ok
KPC3_193_7,0.011922,0.0,0.011922,0.306202,0.011922,0.421,0.1124,0.0226,0.048,ok
KPC3_1941,0.0,0.0,0.0,0.0,0.0,0.35,0.1231,0.0179,0.0206,ok
KPC3_1947,0.0,0.0,0.0,0.0,0.0,0.332,0.1632,0.0146,0.0,ok
KPC3_1949,0.0,0.0,0.0,0.0,0.0,0.248,0.1071,0.0141,0.0,ok
KPC3_194_0,0.0,0.0,0.0,0.0,0.0,0.266,0.1694,0.0116,0.0065,ok
KPC3_194_3,0.0,0.0,0.0,0.0,0.0,0.351,0.1624,0.0151,0.0237,ok
KPC3_194_6,0.0,0.0,0.0,0.0,0.0,0.33,0.1553,0.014,0.0122,ok
KPC3_194_9,0.011303,0.0,0.011303,0.300595,0.011303,0.391,0.0965,0.0143,0.0273,ok
KPC3_1950,0.050317,0.019682,0.050317,0.406329,0.40005,0.628,0.0772,0.0611,0.2113,ok
KPC3_1954,0.019373,0.014116,0.019373,0.333362,0.310607,0.573,0.086,0.0334,0.1429,ok
KPC3_1958,0.437182,0.044804,0.437182,0.614858,0.611,0.8,0.1367,0.135,0.3965,ok
KPC3_1959,0.181191,0.02657,0.181191,0.484134,0.473385,0.704,0.0865,0.0686,0.2675,ok
KPC3_195_6,0.01181,0.0,0.01181,0.308721,0.01181,0.391,0.1259,0.017,0.0453,ok
KPC3_1961,0.371218,0.025166,0.371218,0.474593,0.471515,0.718,0.1387,0.0723,0.2756,ok
KPC3_1964,0.0144,0.014065,0.0144,0.344597,0.329409,0.583,0.1314,0.0381,0.1381,ok
KPC3_1965,0.011537,0.010686,0.011537,0.297675,0.027631,0.543,0.0972,0.0233,0.0662,ok
KPC3_1968,0.0,0.0,0.0,0.0,0.0,0.245,0.0962,0.0124,0.0,ok
KPC3_196_9,0.144116,0.013422,0.144116,0.348677,0.229954,0.653,0.1117,0.0492,0.1524,ok
KPC3_1971,0.013904,0.012869,0.013904,0.337188,0.307469,0.47,0.1338,0.0332,0.1254,ok
KPC3_1972,0.73473,0.141285,0.73473,0.833099,0.832259,0.881,0.368,0.304,0.559,ok
KPC3_197_7,0.010982,0.0,0.010982,0.286928,0.010982,0.442,0.1266,0.0215,0.0314,ok
KPC3_1984,0.010988,0.0,0.010988,0.293984,0.010988,0.377,0.1942,0.0172,0.0298,ok
KPC3_1985,0.075538,0.026902,0.075538,0.351184,0.337171,0.615,0.1707,0.0557,0.1468,ok
KPC3_1987,0.012957,0.01203,0.012957,0.328998,0.291869,0.532,0.1308,0.0324,0.1034,ok
KPC3_1988,0.0,0.0,0.0,0.0,0.0,0.374,0.1081,0.019,0.0141,ok
KPC3_1989,0.0,0.0,0.0,0.0,0.0,0.326,0.152,0.0151,0.0,ok
KPC3_198_0,0.0,0.0,0.0,0.0,0.0,0.375,0.2542,0.0143,0.0078,ok
KPC3_198_7,0.0,0.0,0.0,0.0,0.0,0.268,0.1412,0.0123,0.0,ok
KPC3_198_9,0.0,0.0,0.0,0.0,0.0,0.324,0.3037,0.0124,0.0,ok
KPC3_1991,0.0,0.0,0.0,0.0,0.0,0.281,0.0941,0.014,0.0,ok
KPC3_1995,0.0,0.0,0.0,0.0,0.0,0.338,0.1599,0.0148,0.0,ok
KPC3_1997,0.025152,0.012457,0.025152,0.325534,0.182238,0.576,0.2136,0.0301,0.0917,ok
KPC3_19_0,0.0,0.0,0.0,0.0,0.0,0.274,0.124,0.0133,0.0146,ok
KPC3_19_3,0.014497,0.0,0.014497,0.347522,0.054263,0.491,0.0859,0.0189,0.0583,ok
KPC3_19_6,0.0,0.0,0.0,0.0,0.0,0.336,0.0973,0.0141,0.0221,ok
KPC3_19_8,0.565498,0.084326,0.565498,0.725591,0.723195,0.829,0.247,0.2162,0.4591,ok
KPC3_1_7,0.0,0.0,0.0,0.0,0.0,0.244,0.196,0.0142,0.0248,ok
KPC3_2001,0.011691,0.011046,0.011691,0.296606,0.011691,0.518,0.1038,0.0262,0.0719,ok
KPC3_2002,0.711027,0.129239,0.711027,0.834052,0.832283,0.89,0.2623,0.3355,0.5977,ok
KPC3_2005,0.149315,0.013925,0.149315,0.3559,0.303732,0.647,0.1237,0.0473,0.1527,ok
KPC3_2006,0.0,0.0,0.0,0.0,0.0,0.49,0.1157,0.0253,0.0232,ok
KPC3_2006_2,0.0,0.0,0.0,0.0,0.0,0.49,0.1157,0.0253,0.0232,ok
KPC3_2006_3,0.034089,0.013162,0.034089,0.321311,0.241328,0.621,0.1292,0.0411,0.1198,ok
KPC3_2006_4,0.0,0.0,0.0,0.0,0.0,0.285,0.0912,0.0137,0.0,ok
KPC3_2007,0.248113,0.023813,0.248113,0.459466,0.45311,0.715,0.0865,0.0555,0.2525,ok
KPC3_2010,0.0,0.0,0.0,0.0,0.0,0.226,0.0967,0.0134,0.0,ok
KPC3_2011,0.013914,0.011469,0.013914,0.345926,0.020274,0.466,0.2716,0.0242,0.0694,ok
KPC3_2012,0.229338,0.030407,0.229338,0.457437,0.435154,0.639,0.2479,0.0576,0.1937,ok
KPC3_2013,0.031792,0.027436,0.031792,0.355134,0.336665,0.62,0.2145,0.0605,0.1371,ok
KPC3_2014,0.0,0.0,0.0,0.0,0.0,0.45,0.154,0.0217,0.0337,ok
KPC3_2015,0.01338,0.012452,0.01338,0.337001,0.271018,0.521,0.1269,0.0254,0.0753,ok
KPC3_2019,0.0,0.0,0.0,0.0,0.0,0.299,0.1201,0.0138,0.0,ok
KPC3_2026,0.011295,0.0,0.011295,0.304617,0.011295,0.423,0.0938,0.0173,0.0324,ok
KPC3_2026_2,0.011295,0.0,0.011295,0.304617,0.011295,0.423,0.0938,0.0173,0.0324,ok
KPC3_2026_3,0.0,0.0,0.0,0.0,0.0,0.261,0.1652,0.0136,0.0103,ok
KPC3_2026_4,0.011548,0.0,0.011548,0.309401,0.043628,0.473,0.0994,0.0202,0.0588,ok
KPC3_2027,0.012538,0.011859,0.012538,0.327642,0.167897,0.557,0.1824,0.0424,0.0714,ok
KPC3_2034,0.012422,0.0,0.012422,0.322345,0.061383,0.419,0.1953,0.0194,0.0586,ok
KPC3_2036,0.0,0.0,0.0,0.0,0.0,0.336,0.1251,0.0138,0.0027,ok
KPC3_2036_2,0.0,0.0,0.0,0.0,0.0,0.336,0.1251,0.0138,0.0027,ok
KPC3_2036_3,0.013086,0.012007,0.013086,0.333455,0.22675,0.515,0.2638,0.0353,0.0865,ok
KPC3_2036_4,0.011257,0.0,0.011257,0.300967,0.011257,0.47,0.3426,0.03,0.0433,ok
KPC3_203_4,0.0,0.0,0.0,0.0,0.0,0.241,0.1048,0.0119,0.0,ok
KPC3_203_5,0.012967,0.011614,0.012967,0.334026,0.062036,0.436,0.0858,0.0255,0.0884,ok
KPC3_2042,0.318422,0.030033,0.318422,0.522935,0.517352,0.739,0.0836,0.059,0.3054,ok
KPC3_2044,0.010776,0.0,0.010776,0.281113,0.010776,0.464,0.1547,0.0178,0.0331,ok
KPC3_2045,0.039785,0.012018,0.039785,0.34819,0.191961,0.575,0.1483,0.0245,0.0995,ok
KPC3_2049,0.653749,0.095144,0.653749,0.754449,0.75223,0.855,0.2124,0.2449,0.5148,ok
KPC3_204_0,0.598363,0.084814,0.598363,0.752856,0.749909,0.856,0.1829,0.3781,0.5252,ok
KPC3_204_1,0.015502,0.011767,0.015502,0.329597,0.073149,0.562,0.04,0.0316,0.1057,ok
KPC3_204_3,0.01122,0.0,0.01122,0.287444,0.01122,0.393,0.0625,0.017,0.0324,ok
KPC3_204_8,0.661087,0.107724,0.661087,0.794513,0.791932,0.867,0.1995,0.569,0.5814,ok
KPC3_2050,0.0,0.0,0.0,0.0,0.0,0.221,0.0494,0.0142,0.0,ok
KPC3_2051,0.039037,0.012547,0.039037,0.319891,0.241096,0.574,0.1121,0.0298,0.1025,ok
KPC3_2051_2,0.039037,0.012547,0.039037,0.319891,0.241096,0.574,0.1121,0.0298,0.1025,ok
KPC3_2051_3,0.102726,0.013881,0.102726,0.352272,0.26689,0.62,0.0763,0.0291,0.125,ok
KPC3_2051_4,0.011531,0.011413,0.011531,0.302311,0.011531,0.519,0.0684,0.0231,0.0537,ok
KPC3_2055,0.012402,0.012287,0.012402,0.317431,0.037329,0.491,0.2479,0.0316,0.068,ok
KPC3_2058,0.0,0.0,0.0,0.0,0.0,0.297,0.1181,0.0171,0.0117,ok
KPC3_205_5,0.561474,0.064962,0.561474,0.695482,0.692225,0.818,0.1757,0.3525,0.4875,ok
KPC3_2061,0.0,0.0,0.0,0.0,0.0,0.196,0.1152,0.0137,0.0,ok
KPC3_2061_2,0.0,0.0,0.0,0.0,0.0,0.196,0.1152,0.0137,0.0,ok
KPC3_2061_3,0.012549,0.011603,0.012549,0.318159,0.056527,0.512,0.1575,0.0302,0.0848,ok
KPC3_2061_4,0.01213,0.0,0.01213,0.31125,0.01213,0.426,0.1594,0.0212,0.0432,ok
KPC3_2062,0.080088,0.012,0.080088,0.345865,0.145066,0.605,0.1983,0.0384,0.0986,ok
KPC3_2063,0.0,0.0,0.0,0.0,0.0,0.289,0.0635,0.0131,0.0,ok
KPC3_2066,0.390311,0.034889,0.390311,0.468625,0.460187,0.727,0.0999,0.0719,0.2885,ok
KPC3_2069,0.0,0.0,0.0,0.0,0.0,0.467,0.0492,0.0208,0.0289,ok
KPC3_206_1,0.011692,0.0,0.011692,0.294558,0.011692,0.462,0.097,0.0197,0.039,ok
KPC3_2073,0.0,0.0,0.0,0.0,0.0,0.349,0.1898,0.0146,0.0176,ok
KPC3_2074,0.013345,0.0,0.013345,0.335312,0.033936,0.448,0.2346,0.0244,0.0719,ok
KPC3_2079,0.244452,0.039574,0.244452,0.3865,0.368058,0.693,0.1129,0.0367,0.2005,ok
KPC3_207_9,0.068744,0.012638,0.068744,0.328248,0.232401,0.61,0.0706,0.0362,0.1263,ok
KPC3_2087,0.0,0.0,0.0,0.0,0.0,0.397,0.2229,0.0186,0.0268,ok
KPC3_2089,0.0,0.0,0.0,0.0,0.0,0.302,0.2796,0.0151,0.0179,ok
KPC3_208_8,0.01505,0.0,0.01505,0.348718,0.019606,0.484,0.0834,0.0229,0.0769,ok
KPC3_2092,0.0,0.0,0.0,0.0,0.0,0.42,0.144,0.0169,0.0159,ok
KPC3_2093,0.0,0.0,0.0,0.0,0.0,0.432,0.1633,0.0216,0.0,ok
KPC3_2096,0.0,0.0,0.0,0.0,0.0,0.446,0.1142,0.0228,0.0142,ok
KPC3_2098,0.298552,0.030089,0.298552,0.434523,0.404015,0.733,0.1019,0.0623,0.2305,ok
KPC3_209_1,0.0,0.0,0.0,0.0,0.0,0.456,0.2855,0.0209,0.0358,ok
KPC3_209_5,0.0,0.0,0.0,0.0,0.0,0.421,0.2153,0.0232,0.0205,ok
KPC3_209_6,0.0,0.0,0.0,0.0,0.0,0.194,0.1525,0.0131,0.0,ok
KPC3_20_7,0.0,0.0,0.0,0.0,0.0,0.153,0.1672,0.0113,0.0,ok
KPC3_2101,0.470292,0.042331,0.470292,0.607865,0.602389,0.813,0.1935,0.1808,0.4179,ok
KPC3_2102,0.012927,0.012518,0.012927,0.316299,0.151637,0.567,0.1884,0.0487,0.097,ok
KPC3_2109,0.191943,0.012968,0.191943,0.350994,0.250255,0.654,0.2257,0.046,0.1483,ok
KPC3_2109_2,0.191943,0.012968,0.191943,0.350994,0.250255,0.654,0.2257,0.046,0.1483,ok
KPC3_2109_3,0.013159,0.012955,0.013159,0.319537,0.285649,0.569,0.0647,0.0354,0.1291,ok
KPC3_2109_4,0.10659,0.021069,0.10659,0.424675,0.419168,0.624,0.1083,0.0674,0.2234,ok
KPC3_210_0,0.0,0.0,0.0,0.0,0.0,0.321,0.2615,0.0135,0.0084,ok
KPC3_2110,0.31362,0.060156,0.31362,0.449239,0.441834,0.704,0.3367,0.1264,0.243,ok
KPC3_2111,0.0,0.0,0.0,0.0,0.0,0.228,0.1088,0.0151,0.0,ok
KPC3_2112,0.0,0.0,0.0,0.0,0.0,0.396,0.2209,0.0216,0.0319,ok
KPC3_2115,0.043802,0.028386,0.043802,0.342428,0.3266,0.595,0.179,0.0379,0.1443,ok
KPC3_211_6,0.013733,0.012061,0.013733,0.324398,0.303317,0.492,0.1135,0.0433,0.1426,ok
KPC3_2124,0.01314,0.013067,0.01314,0.335051,0.199947,0.503,0.3232,0.0304,0.0938,ok
KPC3_2125,0.012867,0.0,0.012867,0.330987,0.056013,0.478,0.2013,0.0207,0.0605,ok
KPC3_2129,0.0,0.0,0.0,0.0,0.0,0.181,0.0857,0.0114,0.0,ok
KPC3_2133,0.618828,0.11116,0.618828,0.78762,0.786052,0.849,0.214,0.2429,0.5189,ok
KPC3_2137,0.0,0.0,0.0,0.0,0.0,0.364,0.1559,0.0182,0.0147,ok
KPC3_213_2,0.0,0.0,0.0,0.0,0.0,0.219,0.0824,0.0119,0.0,ok
KPC3_213_3,0.0,0.0,0.0,0.0,0.0,0.163,0.0676,0.0107,0.0,ok
KPC3_213_5,0.0,0.0,0.0,0.0,0.0,0.288,0.0349,0.0192,0.008,ok
KPC3_213_6,0.175087,0.032495,0.175087,0.37615,0.363334,0.625,0.0627,0.0632,0.1845,ok
KPC3_213_7,0.0,0.0,0.0,0.0,0.0,0.292,0.1704,0.0153,0.0,ok
KPC3_2141,0.0,0.0,0.0,0.0,0.0,0.333,0.1541,0.0161,0.0074,ok
KPC3_2147,0.0,0.0,0.0,0.0,0.0,0.186,0.1038,0.0111,0.0,ok
KPC3_2148,0.086402,0.014674,0.086402,0.354356,0.336509,0.617,0.1965,0.0468,0.1432,ok
KPC3_2149,0.011627,0.0,0.011627,0.304501,0.011627,0.304,0.1721,0.0168,0.029,ok
KPC3_214_9,0.362873,0.036034,0.362873,0.562891,0.556332,0.775,0.1617,0.1845,0.336,ok
KPC3_2150,0.491593,0.179801,0.491593,0.685503,0.682406,0.825,0.2186,0.129,0.436,ok
KPC3_2151,0.0,0.0,0.0,0.0,0.0,0.229,0.1028,0.0134,0.0,ok
KPC3_2157,0.360232,0.098464,0.360232,0.531153,0.526077,0.737,0.1407,0.1117,0.3145,ok
KPC3_215_7,0.429577,0.046847,0.429577,0.629338,0.625489,0.813,0.1217,0.1894,0.4298,ok
KPC3_2160,0.0,0.0,0.0,0.0,0.0,0.278,0.0993,0.0128,0.0,ok
KPC3_2164,0.0,0.0,0.0,0.0,0.0,0.272,0.2178,0.0181,0.0172,ok
KPC3_2170,0.461458,0.111549,0.461458,0.803326,0.80125,0.852,0.3613,0.3904,0.4946,ok
KPC3_2175,0.564979,0.129827,0.564979,0.821195,0.81977,0.861,0.2342,0.4203,0.5655,ok
KPC3_217_2,0.498992,0.068703,0.498992,0.715468,0.712761,0.839,0.1701,0.3816,0.4823,ok
KPC3_2180,0.012155,0.0,0.012155,0.309541,0.012155,0.385,0.0818,0.0194,0.0364,ok
KPC3_2183,0.0,0.0,0.0,0.0,0.0,0.274,0.1217,0.0121,0.0,ok
KPC3_2183_2,0.0,0.0,0.0,0.0,0.0,0.274,0.1217,0.0121,0.0,ok
KPC3_2183_3,0.163228,0.014831,0.163228,0.356902,0.275501,0.59,0.1502,0.0295,0.1404,ok
KPC3_2183_4,0.049302,0.012731,0.049302,0.336545,0.127477,0.592,0.113,0.0288,0.1063,ok
KPC3_218_3,0.0,0.0,0.0,0.0,0.0,0.264,0.0977,0.0153,0.014,ok
KPC3_2194,0.0,0.0,0.0,0.0,0.0,0.232,0.1425,0.0141,0.0,ok
KPC3_219_6,0.014466,0.012722,0.014466,0.343789,0.332847,0.552,0.133,0.0488,0.1385,ok
KPC3_21_1,0.012601,0.012234,0.012601,0.317756,0.03984,0.527,0.1755,0.0251,0.0811,ok
KPC3_21_4,0.31363,0.019076,0.31363,0.409383,0.400361,0.674,0.1182,0.0583,0.2363,ok
KPC3_21_5,0.030926,0.011721,0.030926,0.323112,0.149113,0.582,0.123,0.0357,0.1072,ok
KPC3_21_9,0.547224,0.058229,0.547224,0.650976,0.648194,0.811,0.1676,0.23,0.4761,ok
KPC3_2202,0.01141,0.0,0.01141,0.296815,0.01141,0.406,0.0688,0.0194,0.0459,ok
KPC3_2203,0.011786,0.011623,0.011786,0.303737,0.022697,0.509,0.137,0.0315,0.0652,ok
KPC3_2203_2,0.011786,0.011623,0.011786,0.303737,0.022697,0.509,0.137,0.0315,0.0652,ok
KPC3_2203_3,0.0,0.0,0.0,0.0,0.0,0.3,0.0685,0.0135,0.0,ok
KPC3_2203_4,0.0,0.0,0.0,0.0,0.0,0.24,0.0566,0.0149,0.0,ok
KPC3_2206,0.551588,0.054352,0.551588,0.643147,0.639062,0.773,0.1564,0.1304,0.4354,ok
KPC3_2207,0.012012,0.011701,0.012012,0.30782,0.088952,0.525,0.1893,0.0265,0.0738,ok
KPC3_2209,0.406567,0.025305,0.406567,0.472942,0.458251,0.693,0.2734,0.0564,0.268,ok
KPC3_220_0,0.187101,0.016825,0.187101,0.381809,0.369838,0.641,0.0901,0.0644,0.1953,ok
KPC3_2210,0.0,0.0,0.0,0.0,0.0,0.34,0.0735,0.0151,0.0109,ok
KPC3_2217,0.170745,0.019012,0.170745,0.369807,0.359596,0.65,0.293,0.0527,0.1871,ok
KPC3_2218,0.0,0.0,0.0,0.0,0.0,0.214,0.0877,0.0131,0.0,ok
KPC3_221_4,0.368408,0.090907,0.368408,0.516317,0.511261,0.713,0.2349,0.2226,0.3084,ok
KPC3_221_8,0.071139,0.01327,0.071139,0.362954,0.296577,0.577,0.4363,0.0514,0.1241,ok
KPC3_2225,0.0,0.0,0.0,0.0,0.0,0.357,0.0647,0.017,0.0017,ok
KPC3_2226,0.012429,0.011381,0.012429,0.307077,0.090191,0.554,0.0755,0.0256,0.0734,ok
KPC3_2228,0.19805,0.026158,0.19805,0.479284,0.474434,0.684,0.2359,0.1247,0.2781,ok
KPC3_222_2,0.011031,0.0,0.011031,0.299136,0.011031,0.399,0.1193,0.0162,0.0274,ok
KPC3_222_5,0.0,0.0,0.0,0.0,0.0,0.369,0.1543,0.0174,0.0347,ok
KPC3_2230,0.376988,0.044651,0.376988,0.4337,0.419197,0.754,0.1005,0.0456,0.2716,ok
KPC3_2231,0.0,0.0,0.0,0.0,0.0,0.262,0.086,0.0169,0.0183,ok
KPC3_2232,0.743296,0.343647,0.743296,0.89189,0.890723,0.915,0.0819,0.181,0.631,ok
KPC3_2233,0.0,0.0,0.0,0.0,0.0,0.381,0.1367,0.019,0.026,ok
KPC3_2235,0.026886,0.013604,0.026886,0.339184,0.309054,0.567,0.1619,0.0253,0.1227,ok
KPC3_2235_2,0.026886,0.013604,0.026886,0.339184,0.309054,0.567,0.1619,0.0253,0.1227,ok
KPC3_2235_3,0.050314,0.026635,0.050314,0.364844,0.35129,0.61,0.1922,0.0505,0.1627,ok
KPC3_2235_4,0.011701,0.0,0.011701,0.306544,0.011701,0.432,0.3148,0.016,0.0565,ok
KPC3_223_0,0.200143,0.021836,0.200143,0.380141,0.23909,0.642,0.3493,0.052,0.1394,ok
KPC3_223_1,0.0,0.0,0.0,0.0,0.0,0.378,0.1663,0.0172,0.0119,ok
KPC3_223_5,0.0,0.0,0.0,0.0,0.0,0.327,0.0617,0.0149,0.0142,ok
KPC3_2240,0.011917,0.011775,0.011917,0.302712,0.094404,0.51,0.2213,0.0275,0.0841,ok
KPC3_2241,0.012502,0.0,0.012502,0.312955,0.012502,0.512,0.1613,0.0267,0.0594,ok
KPC3_2244,0.0,0.0,0.0,0.0,0.0,0.226,0.1432,0.0123,0.0,ok
KPC3_2245,0.0,0.0,0.0,0.0,0.0,0.371,0.1908,0.0173,0.0096,ok
KPC3_2257,0.0,0.0,0.0,0.0,0.0,0.25,0.0829,0.0134,0.0,ok
KPC3_2259,0.0,0.0,0.0,0.0,0.0,0.203,0.0829,0.0126,0.0,ok
KPC3_225_1,0.011891,0.011768,0.011891,0.301555,0.011891,0.5,0.0686,0.0248,0.0744,ok
KPC3_225_2,0.012846,0.01251,0.012846,0.3176,0.259763,0.569,0.07,0.027,0.1063,ok
KPC3_225_3,0.202648,0.015871,0.202648,0.363854,0.346431,0.658,0.1197,0.0488,0.1898,ok
KPC3_225_5,0.01129,0.0,0.01129,0.290726,0.01129,0.448,0.0949,0.0226,0.0487,ok
KPC3_225_6,0.0,0.0,0.0,0.0,0.0,0.284,0.0399,0.0129,0.0,ok
KPC3_225_8,0.0,0.0,0.0,0.0,0.0,0.339,0.1593,0.0163,0.0,ok
KPC3_2261,0.0,0.0,0.0,0.0,0.0,0.303,0.1432,0.0113,0.0098,ok
KPC3_2263,0.057348,0.015335,0.057348,0.359166,0.343003,0.577,0.0926,0.0456,0.1585,ok
KPC3_2267,0.014893,0.012137,0.014893,0.352058,0.102066,0.594,0.1301,0.0267,0.0937,ok
KPC3_2268,0.0,0.0,0.0,0.0,0.0,0.437,0.0698,0.0228,0.0375,ok
KPC3_2269,0.199088,0.014409,0.199088,0.372726,0.307646,0.672,0.181,0.051,0.1732,ok
KPC3_2272,0.0,0.0,0.0,0.0,0.0,0.398,0.0859,0.0164,0.0194,ok
KPC3_2273,0.366124,0.046416,0.366124,0.624598,0.620812,0.799,0.1519,0.1163,0.3588,ok
KPC3_2275,0.013129,0.012067,0.013129,0.319711,0.155024,0.521,0.0544,0.026,0.0764,ok
KPC3_2277,0.66391,0.12335,0.66391,0.819254,0.817838,0.881,0.2683,0.2648,0.5611,ok
KPC3_2278,0.755043,0.277182,0.755043,0.919294,0.918342,0.93,0.3018,0.3827,0.653,ok
KPC3_2279,0.0,0.0,0.0,0.0,0.0,0.372,0.0758,0.0158,0.0,ok
KPC3_227_4,0.621651,0.232739,0.621651,0.733777,0.731568,0.836,0.1298,0.1482,0.5089,ok
KPC3_227_6,0.325037,0.08316,0.325037,0.483632,0.473502,0.712,0.1596,0.0931,0.2445,ok
KPC3_227_8,0.0,0.0,0.0,0.0,0.0,0.137,0.1006,0.0106,0.0,ok
KPC3_2280,0.011798,0.011624,0.011798,0.297311,0.078139,0.536,0.1237,0.0315,0.0723,ok
KPC3_2285,0.426585,0.039828,0.426585,0.586324,0.581603,0.783,0.1684,0.1593,0.3622,ok
KPC3_2292,0.0,0.0,0.0,0.0,0.0,0.162,0.1031,0.0132,0.003,ok
KPC3_2292_2,0.0,0.0,0.0,0.0,0.0,0.162,0.1031,0.0132,0.003,ok
KPC3_2292_3,0.0,0.0,0.0,0.0,0.0,0.249,0.1371,0.0119,0.0,ok
KPC3_2292_4,0.0,0.0,0.0,0.0,0.0,0.255,0.1653,0.0125,0.0,ok
KPC3_2293,0.0116,0.01121,0.0116,0.305491,0.0116,0.497,0.2907,0.0203,0.0548,ok
KPC3_2295,0.0,0.0,0.0,0.0,0.0,0.345,0.1227,0.0126,0.0,ok
KPC3_229_5,0.0,0.0,0.0,0.0,0.0,0.278,0.0611,0.0147,0.0,ok
KPC3_22_4,0.021839,0.013405,0.021839,0.323482,0.131728,0.583,0.0837,0.041,0.1054,ok
KPC3_2301,0.0,0.0,0.0,0.0,0.0,0.215,0.1517,0.0127,0.0,ok
KPC3_2302,0.0,0.0,0.0,0.0,0.0,0.34,0.0749,0.0171,0.0,ok
KPC3_2305,0.0,0.0,0.0,0.0,0.0,0.332,0.1327,0.0153,0.0239,ok
KPC3_2308,0.011234,0.0,0.011234,0.297391,0.011234,0.433,0.2742,0.0191,0.0466,ok
KPC3_230_1,0.01191,0.0,0.01191,0.312471,0.01191,0.361,0.1566,0.015,0.0304,ok
KPC3_230_8,0.011643,0.0,0.011643,0.307541,0.011643,0.345,0.1325,0.0151,0.0313,ok
KPC3_2310,0.44964,0.062727,0.44964,0.68437,0.681569,0.806,0.3173,0.2626,0.4295,ok
KPC3_2311,0.247115,0.041786,0.247115,0.582753,0.579665,0.729,0.1322,0.1772,0.3414,ok
KPC3_2312,0.233551,0.023999,0.233551,0.451699,0.445235,0.706,0.1476,0.0881,0.2652,ok
KPC3_2312_2,0.233551,0.023999,0.233551,0.451699,0.445235,0.706,0.1476,0.0881,0.2652,ok
KPC3_2312_3,0.391709,0.054756,0.391709,0.663544,0.659847,0.818,0.1316,0.1887,0.3953,ok
KPC3_2312_4,0.575135,0.108648,0.575135,0.806647,0.804577,0.879,0.1453,0.3026,0.5283,ok
KPC3_2313,0.683547,0.352988,0.683547,0.929633,0.929018,0.927,0.2412,0.442,0.6498,ok
KPC3_2314,0.501632,0.104659,0.501632,0.794974,0.79337,0.856,0.2151,0.3032,0.4965,ok
KPC3_231_0,0.251943,0.021169,0.251943,0.4299,0.418119,0.71,0.1575,0.0723,0.2358,ok
KPC3_231_6,0.0,0.0,0.0,0.0,0.0,0.183,0.0818,0.0117,0.0004,ok
KPC3_231_7,0.012707,0.0,0.012707,0.315686,0.012707,0.411,0.0829,0.0196,0.0415,ok
KPC3_2327,0.011191,0.0,0.011191,0.300345,0.011191,0.377,0.2208,0.0198,0.0335,ok
KPC3_2329,0.088418,0.037834,0.088418,0.341823,0.289346,0.656,0.1638,0.042,0.142,ok
KPC3_232_3,0.347181,0.03161,0.347181,0.404684,0.395778,0.7,0.13,0.0631,0.2369,ok
KPC3_232_4,0.012277,0.0,0.012277,0.314712,0.012277,0.412,0.1621,0.0158,0.0428,ok
KPC3_232_5,0.16175,0.014373,0.16175,0.38396,0.242113,0.638,0.175,0.0413,0.1557,ok
KPC3_232_6,0.687673,0.138803,0.687673,0.748213,0.745987,0.846,0.1733,0.2397,0.5319,ok
KPC3_232_8,0.0,0.0,0.0,0.0,0.0,0.29,0.224,0.014,0.0147,ok
KPC3_2330,0.0,0.0,0.0,0.0,0.0,0.24,0.0667,0.0112,0.0,ok
KPC3_2333,0.464022,0.030244,0.464022,0.525025,0.512937,0.788,0.0836,0.0925,0.3891,ok
KPC3_2334,0.0,0.0,0.0,0.0,0.0,0.394,0.1641,0.0168,0.0116,ok
KPC3_2336,0.0,0.0,0.0,0.0,0.0,0.152,0.1536,0.0123,0.0,ok
KPC3_233_1,0.093129,0.014564,0.093129,0.357159,0.263336,0.558,0.2663,0.0378,0.1048,ok
KPC3_233_6,0.0,0.0,0.0,0.0,0.0,0.263,0.1515,0.0127,0.0,ok
KPC3_233_7,0.013134,0.012254,0.013134,0.331944,0.101355,0.541,0.1843,0.0302,0.0979,ok
KPC3_2342,0.272889,0.038892,0.272889,0.575041,0.571097,0.761,0.0837,0.0783,0.3346,ok
KPC3_2344,0.492713,0.08149,0.492713,0.744509,0.743289,0.84,0.3253,0.3121,0.4958,ok
KPC3_2345,0.356034,0.030174,0.356034,0.509352,0.507763,0.715,0.1805,0.1033,0.3109,ok
KPC3_2348,0.012754,0.0,0.012754,0.31145,0.185617,0.506,0.1047,0.0242,0.0647,ok
KPC3_234_2,0.0,0.0,0.0,0.0,0.0,0.228,0.0881,0.0122,0.0054,ok
KPC3_234_5,0.0,0.0,0.0,0.0,0.0,0.224,0.0925,0.0119,0.0,ok
KPC3_234_6,0.012358,0.0,0.012358,0.322496,0.012358,0.431,0.1406,0.0152,0.0339,ok
KPC3_234_8,0.0,0.0,0.0,0.0,0.0,0.244,0.1287,0.0127,0.0073,ok
KPC3_2351,0.376678,0.033393,0.376678,0.53752,0.533621,0.759,0.2637,0.1293,0.3359,ok
KPC3_2352,0.059532,0.016544,0.059532,0.371757,0.3596,0.612,0.2651,0.0422,0.1675,ok
KPC3_2355,0.012317,0.012202,0.012317,0.307742,0.224126,0.532,0.0775,0.0282,0.0906,ok
KPC3_2358,0.431281,0.032512,0.431281,0.53971,0.535743,0.759,0.0753,0.101,0.3632,ok
KPC3_2359,0.016853,0.014123,0.016853,0.37592,0.364494,0.561,0.2395,0.0407,0.1679,ok
KPC3_235_2,0.192124,0.017144,0.192124,0.379984,0.368368,0.665,0.1218,0.0782,0.2109,ok
KPC3_235_3,0.011267,0.0,0.011267,0.287595,0.011267,0.423,0.0801,0.0185,0.0336,ok
KPC3_235_7,0.331824,0.024552,0.331824,0.468456,0.458658,0.734,0.0872,0.0857,0.2794,ok
KPC3_2360,0.591217,0.091326,0.591217,0.767481,0.767481,0.851,0.3957,0.2579,0.5172,ok
KPC3_2363,0.0,0.0,0.0,0.0,0.0,0.38,0.0717,0.0165,0.0,ok
KPC3_2365,0.30505,0.02513,0.30505,0.476594,0.471859,0.723,0.1317,0.0621,0.2795,ok
KPC3_2368,0.147332,0.025099,0.147332,0.470944,0.459887,0.6,0.1778,0.071,0.2463,ok
KPC3_2369,0.0,0.0,0.0,0.0,0.0,0.42,0.2196,0.0206,0.0256,ok
KPC3_236_1,0.709741,0.110467,0.709741,0.806593,0.805122,0.878,0.1516,0.307,0.6235,ok
KPC3_236_3,0.59498,0.056193,0.59498,0.670069,0.667298,0.817,0.2494,0.2781,0.5115,ok
KPC3_236_4,0.0,0.0,0.0,0.0,0.0,0.474,0.0622,0.0272,0.0461,ok
KPC3_236_7,0.450228,0.049079,0.450228,0.639412,0.635784,0.788,0.1427,0.1916,0.4308,ok
KPC3_2373,0.386383,0.025993,0.386383,0.488157,0.480217,0.746,0.1383,0.0742,0.3118,ok
KPC3_2378,0.290162,0.020625,0.290162,0.428869,0.424259,0.68,0.2578,0.0609,0.2477,ok
KPC3_2383,0.581736,0.116101,0.581736,0.806829,0.804374,0.869,0.1105,0.1891,0.5055,ok
KPC3_2384,0.164356,0.017839,0.164356,0.389757,0.376564,0.653,0.2424,0.0676,0.2071,ok
KPC3_2386,0.425322,0.042825,0.425322,0.611122,0.606531,0.798,0.1035,0.1058,0.3738,ok
KPC3_2389,0.0,0.0,0.0,0.0,0.0,0.422,0.2058,0.0172,0.0102,ok
KPC3_2394,0.0,0.0,0.0,0.0,0.0,0.217,0.2306,0.014,0.0,ok
KPC3_2398,0.228088,0.04227,0.228088,0.40236,0.38676,0.716,0.2059,0.0667,0.1953,ok
KPC3_239_4,0.0,0.0,0.0,0.0,0.0,0.346,0.0651,0.0172,0.0097,ok
KPC3_23_0,0.0,0.0,0.0,0.0,0.0,0.371,0.0876,0.0212,0.032,ok
KPC3_2401,0.0,0.0,0.0,0.0,0.0,0.27,0.0881,0.0145,0.0,ok
KPC3_2403,0.0,0.0,0.0,0.0,0.0,0.303,0.1499,0.0171,0.0149,ok
KPC3_240_5,0.02462,0.011862,0.02462,0.33108,0.060417,0.54,0.0918,0.0269,0.0921,ok
KPC3_240_8,0.281168,0.022561,0.281168,0.441209,0.429116,0.7,0.0821,0.0619,0.2466,ok
KPC3_2412,0.0,0.0,0.0,0.0,0.0,0.333,0.1042,0.0185,0.0257,ok
KPC3_2413,0.0,0.0,0.0,0.0,0.0,0.326,0.2211,0.014,0.0077,ok
KPC3_2414,0.320079,0.036525,0.320079,0.406199,0.377556,0.665,0.1463,0.0568,0.2144,ok
KPC3_2415,0.0,0.0,0.0,0.0,0.0,0.252,0.1137,0.0124,0.0,ok
KPC3_2416,0.012664,0.0,0.012664,0.324975,0.016511,0.5,0.2262,0.0203,0.0563,ok
KPC3_2417,0.178519,0.038158,0.178519,0.365771,0.356641,0.652,0.2401,0.0608,0.1882,ok
KPC3_241_4,0.0,0.0,0.0,0.0,0.0,0.243,0.085,0.0159,0.0044,ok
KPC3_241_7,0.0,0.0,0.0,0.0,0.0,0.256,0.0832,0.0145,0.0,ok
KPC3_241_8,0.012032,0.011705,0.012032,0.31915,0.020714,0.496,0.1691,0.0489,0.0683,ok
KPC3_2420,0.079994,0.012992,0.079994,0.342484,0.234238,0.62,0.1418,0.0426,0.1244,ok
KPC3_2429,0.0,0.0,0.0,0.0,0.0,0.222,0.1119,0.012,0.0,ok
KPC3_242_0,0.556272,0.079522,0.556272,0.671666,0.668457,0.787,0.2509,0.4032,0.4603,ok
KPC3_2430,0.0,0.0,0.0,0.0,0.0,0.174,0.1143,0.0126,0.0,ok
KPC3_2431,0.01489,0.011415,0.01489,0.363411,0.312557,0.479,0.2771,0.031,0.0955,ok
KPC3_2432,0.0,0.0,0.0,0.0,0.0,0.187,0.1002,0.0131,0.0,ok
KPC3_2436,0.01286,0.012403,0.01286,0.329983,0.249373,0.53,0.1421,0.0309,0.0949,ok
KPC3_2438,0.0,0.0,0.0,0.0,0.0,0.369,0.1369,0.0181,0.0,ok
KPC3_243_6,0.013458,0.0125,0.013458,0.325516,0.236905,0.547,0.078,0.0329,0.1125,ok
KPC3_243_7,0.19516,0.014486,0.19516,0.361568,0.294332,0.672,0.3635,0.0819,0.1719,ok
KPC3_2446,0.367535,0.025302,0.367535,0.478359,0.471987,0.738,0.1722,0.0949,0.3017,ok
KPC3_2447,0.488951,0.052938,0.488951,0.655984,0.653152,0.798,0.2353,0.1927,0.4311,ok
KPC3_2448,0.353931,0.02874,0.353931,0.511725,0.507747,0.758,0.197,0.0976,0.3296,ok
KPC3_2450,0.403229,0.04509,0.403229,0.617962,0.614124,0.775,0.1153,0.167,0.3878,ok
KPC3_2451,0.136534,0.021319,0.136534,0.429833,0.424248,0.656,0.2226,0.0724,0.233,ok
KPC3_2453,0.013456,0.012417,0.013456,0.323415,0.139876,0.516,0.0964,0.0245,0.0899,ok
KPC3_2454,0.013688,0.011826,0.013688,0.327958,0.275372,0.536,0.1011,0.0275,0.1173,ok
KPC3_2455,0.492723,0.047146,0.492723,0.626145,0.622351,0.802,0.197,0.1966,0.4015,ok
KPC3_2463,0.0,0.0,0.0,0.0,0.0,0.375,0.1744,0.0165,0.0,ok
KPC3_2465,0.0,0.0,0.0,0.0,0.0,0.236,0.1287,0.0142,0.0,ok
KPC3_2466,0.0,0.0,0.0,0.0,0.0,0.277,0.182,0.0144,0.0,ok
KPC3_246_3,0.092877,0.012601,0.092877,0.364882,0.185981,0.591,0.2421,0.0361,0.1063,ok
KPC3_2470,0.011142,0.0,0.011142,0.302491,0.011142,0.417,0.1479,0.0182,0.032,ok
KPC3_2471,0.0,0.0,0.0,0.0,0.0,0.293,0.0929,0.0161,0.0046,ok
KPC3_2472,0.0,0.0,0.0,0.0,0.0,0.379,0.1509,0.0169,0.0,ok
KPC3_2475,0.011261,0.0,0.011261,0.304767,0.011261,0.377,0.1268,0.0221,0.0448,ok
KPC3_2476,0.0,0.0,0.0,0.0,0.0,0.407,0.1937,0.0195,0.0083,ok
KPC3_247_9,0.0,0.0,0.0,0.0,0.0,0.199,0.0635,0.012,0.0,ok
KPC3_2486,0.044421,0.017562,0.044421,0.391641,0.374279,0.585,0.2799,0.0391,0.1425,ok
KPC3_2491,0.3033,0.037335,0.3033,0.570386,0.566346,0.765,0.1545,0.1648,0.3392,ok
KPC3_2494,0.391548,0.08626,0.391548,0.736343,0.734512,0.807,0.2708,0.2686,0.4475,ok
KPC3_2496,0.246005,0.039087,0.246005,0.570915,0.566972,0.746,0.258,0.1677,0.3424,ok
KPC3_2499,0.183158,0.026912,0.183158,0.478161,0.471682,0.612,0.1362,0.077,0.2682,ok
KPC3_249_0,0.055799,0.013858,0.055799,0.332099,0.301864,0.573,0.184,0.0544,0.1389,ok
KPC3_249_5,0.012116,0.011519,0.012116,0.303263,0.071714,0.516,0.0578,0.0272,0.0859,ok
KPC3_249_7,0.0,0.0,0.0,0.0,0.0,0.453,0.0678,0.0225,0.0356,ok
KPC3_24_5,0.058858,0.011453,0.058858,0.372096,0.117963,0.578,0.153,0.0365,0.1072,ok
KPC3_24_6,0.0,0.0,0.0,0.0,0.0,0.265,0.1353,0.0123,0.0098,ok
KPC3_2507,0.0,0.0,0.0,0.0,0.0,0.256,0.1394,0.015,0.0,ok
KPC3_2509,0.375112,0.054818,0.375112,0.482043,0.472923,0.733,0.1003,0.0546,0.2778,ok
KPC3_251_2,0.308867,0.026784,0.308867,0.487213,0.481473,0.724,0.0836,0.0987,0.3022,ok
KPC3_2523,0.012068,0.011929,0.012068,0.308737,0.022967,0.512,0.1117,0.0319,0.069,ok
KPC3_2526,0.0,0.0,0.0,0.0,0.0,0.192,0.0298,0.0136,0.0,ok
KPC3_2529,0.0,0.0,0.0,0.0,0.0,0.396,0.1048,0.0161,0.0227,ok
KPC3_252_1,0.011596,0.0,0.011596,0.303379,0.011596,0.405,0.212,0.0174,0.0439,ok
KPC3_252_3,0.013829,0.0,0.013829,0.342007,0.035148,0.417,0.0922,0.0181,0.0636,ok
KPC3_252_9,0.0,0.0,0.0,0.0,0.0,0.255,0.0814,0.0143,0.0,ok
KPC3_2538,0.026224,0.015292,0.026224,0.366764,0.322994,0.516,0.2789,0.0283,0.1186,ok
KPC3_2542,0.767803,0.313489,0.767803,0.857292,0.856231,0.905,0.3695,0.282,0.5746,ok
KPC3_2545,0.352902,0.068639,0.352902,0.580422,0.575962,0.76,0.2429,0.116,0.3331,ok
KPC3_2546,0.108776,0.03178,0.108776,0.381869,0.371697,0.662,0.2384,0.0681,0.1809,ok
KPC3_254_1,0.086448,0.013173,0.086448,0.344709,0.279855,0.611,0.0819,0.0477,0.154,ok
KPC3_254_6,0.319711,0.027692,0.319711,0.493915,0.481591,0.734,0.084,0.0716,0.2776,ok
KPC3_2550,0.0,0.0,0.0,0.0,0.0,0.17,0.0953,0.0111,0.0,ok
KPC3_255_3,0.01383,0.012257,0.01383,0.346556,0.291603,0.505,0.1154,0.0408,0.0984,ok
KPC3_2560,0.427413,0.094855,0.427413,0.564833,0.561229,0.767,0.3221,0.1303,0.3497,ok
KPC3_2562,0.0,0.0,0.0,0.0,0.0,0.315,0.1995,0.0139,0.0119,ok
KPC3_2564,0.376714,0.061754,0.376714,0.475084,0.466499,0.713,0.2993,0.0816,0.2651,ok
KPC3_2569,0.0,0.0,0.0,0.0,0.0,0.283,0.1201,0.0132,0.0,ok
KPC3_256_2,0.484203,0.0466,0.484203,0.620138,0.616436,0.793,0.0864,0.2715,0.4231,ok
KPC3_256_3,0.012564,0.0,0.012564,0.311536,0.020264,0.46,0.1089,0.0196,0.0722,ok
KPC3_256_8,0.307581,0.021147,0.307581,0.432157,0.424224,0.705,0.0737,0.0769,0.2638,ok
KPC3_2572,0.264469,0.038867,0.264469,0.578173,0.57335,0.743,0.1941,0.1343,0.3138,ok
KPC3_257_4,0.0,0.0,0.0,0.0,0.0,0.444,0.1062,0.0194,0.0218,ok
KPC3_257_7,0.0,0.0,0.0,0.0,0.0,0.346,0.0974,0.0138,0.0253,ok
KPC3_2580,0.011902,0.0,0.011902,0.312961,0.011902,0.427,0.1465,0.015,0.0521,ok
KPC3_2583,0.0,0.0,0.0,0.0,0.0,0.42,0.0852,0.016,0.0171,ok
KPC3_2585,0.093806,0.013731,0.093806,0.35259,0.295983,0.582,0.0984,0.0344,0.1354,ok
KPC3_2586,0.0,0.0,0.0,0.0,0.0,0.29,0.1659,0.0138,0.0,ok
KPC3_2603,0.020865,0.016629,0.020865,0.418141,0.410945,0.609,0.3037,0.0647,0.205,ok
KPC3_2607,0.607214,0.113394,0.607214,0.79194,0.790363,0.857,0.3749,0.4638,0.5182,ok
KPC3_2608,0.350676,0.073686,0.350676,0.714837,0.713526,0.806,0.2253,0.2128,0.4221,ok
KPC3_2617,0.591373,0.104536,0.591373,0.789614,0.787065,0.854,0.3291,0.3252,0.5375,ok
KPC3_2618,0.010874,0.0,0.010874,0.283604,0.010874,0.416,0.1371,0.0191,0.0423,ok
KPC3_261_6,0.277059,0.026312,0.277059,0.48024,0.476185,0.715,0.2608,0.1566,0.2881,ok
KPC3_2627,0.0,0.0,0.0,0.0,0.0,0.26,0.1563,0.0151,0.0,ok
KPC3_262_8,0.018115,0.012133,0.018115,0.334525,0.068346,0.525,0.1429,0.0267,0.0974,ok
KPC3_2635,0.431269,0.079023,0.431269,0.725471,0.72358,0.824,0.3528,0.3283,0.4385,ok
KPC3_2638,0.012011,0.011083,0.012011,0.298301,0.012011,0.499,0.0783,0.0223,0.0649,ok
KPC3_263_6,0.202074,0.020827,0.202074,0.423267,0.412708,0.7,0.1156,0.0975,0.2439,ok
KPC3_2640,0.177336,0.019787,0.177336,0.414707,0.408394,0.669,0.0787,0.0561,0.2373,ok
KPC3_2641,0.370189,0.035775,0.370189,0.55302,0.549127,0.751,0.2338,0.1441,0.3528,ok
KPC3_2643,0.252794,0.03024,0.252794,0.520224,0.516197,0.724,0.0751,0.0762,0.3086,ok
KPC3_2645,0.682118,0.1198,0.682118,0.807254,0.806281,0.869,0.4476,0.5361,0.5833,ok
KPC3_2646,0.448539,0.04295,0.448539,0.600459,0.59666,0.773,0.117,0.1659,0.3968,ok
KPC3_264_0,0.421982,0.050727,0.421982,0.505479,0.501801,0.718,0.1361,0.1334,0.3163,ok
KPC3_264_4,0.303447,0.021359,0.303447,0.421038,0.409753,0.671,0.0961,0.0832,0.2181,ok
KPC3_264_8,0.0,0.0,0.0,0.0,0.0,0.3,0.074,0.0163,0.0104,ok
KPC3_264_9,0.583295,0.098824,0.583295,0.637586,0.635061,0.764,0.1853,0.2701,0.4254,ok
KPC3_2652,0.0,0.0,0.0,0.0,0.0,0.391,0.0825,0.0163,0.0207,ok
KPC3_2653,0.011755,0.011215,0.011755,0.303516,0.011755,0.469,0.1031,0.0213,0.0746,ok
KPC3_2656,0.295276,0.032567,0.295276,0.49853,0.494036,0.709,0.2684,0.083,0.2883,ok
KPC3_265_4,0.422901,0.039216,0.422901,0.591796,0.586535,0.782,0.1408,0.1551,0.3641,ok
KPC3_2667,0.012593,0.0,0.012593,0.320539,0.016419,0.502,0.1763,0.0181,0.0751,ok
KPC3_2670,0.07254,0.01304,0.07254,0.360531,0.209582,0.568,0.102,0.0448,0.1115,ok
KPC3_2671,0.411151,0.065251,0.411151,0.513233,0.500182,0.768,0.1005,0.0573,0.3141,ok
KPC3_2673,0.607515,0.149437,0.607515,0.713537,0.711135,0.823,0.2323,0.1591,0.4513,ok
KPC3_2679,0.0,0.0,0.0,0.0,0.0,0.227,0.1081,0.0117,0.0,ok
KPC3_267_3,0.474675,0.049743,0.474675,0.644146,0.640418,0.816,0.0951,0.1293,0.4537,ok
KPC3_2680,0.264843,0.025766,0.264843,0.478909,0.474053,0.698,0.1293,0.0973,0.2893,ok
KPC3_2681,0.686347,0.232426,0.686347,0.869772,0.868787,0.887,0.2941,0.5133,0.6159,ok
KPC3_2682,0.083383,0.030063,0.083383,0.501623,0.498517,0.655,0.2026,0.0907,0.2655,ok
KPC3_2683,0.602478,0.183532,0.602478,0.874467,0.87342,0.898,0.2562,0.2788,0.6005,ok
KPC3_2685,0.539593,0.091822,0.539593,0.771911,0.769068,0.856,0.1753,0.2597,0.4951,ok
KPC3_2688,0.011883,0.011776,0.011883,0.298073,0.068926,0.549,0.1249,0.0264,0.0857,ok
KPC3_2689,0.680045,0.152046,0.680045,0.85382,0.852218,0.894,0.2697,0.5036,0.6151,ok
KPC3_268_4,0.0,0.0,0.0,0.0,0.0,0.281,0.1082,0.0144,0.0086,ok
KPC3_2691,0.702006,0.134585,0.702006,0.806126,0.804744,0.869,0.2866,0.2977,0.563,ok
KPC3_2693,0.148912,0.026656,0.148912,0.483548,0.479659,0.682,0.2462,0.0695,0.2617,ok
KPC3_2694,0.484328,0.049022,0.484328,0.63777,0.634849,0.793,0.1846,0.1788,0.452,ok
KPC3_2696,0.081567,0.012827,0.081567,0.343328,0.272468,0.609,0.1168,0.041,0.1328,ok
KPC3_2697,0.0,0.0,0.0,0.0,0.0,0.387,0.1296,0.0187,0.024,ok
KPC3_269_4,0.216188,0.020976,0.216188,0.431942,0.421772,0.66,0.2256,0.0604,0.2347,ok
KPC3_269_6,0.011349,0.0,0.011349,0.293002,0.011349,0.496,0.0561,0.0221,0.052,ok
KPC3_26_8,0.013887,0.011709,0.013887,0.335073,0.013887,0.45,0.0618,0.0217,0.07,ok
KPC3_270_1,0.0,0.0,0.0,0.0,0.0,0.454,0.1517,0.0204,0.0369,ok
KPC3_270_4,0.0,0.0,0.0,0.0,0.0,0.326,0.0559,0.0179,0.0215,ok
KPC3_270_6,0.0,0.0,0.0,0.0,0.0,0.332,0.104,0.0156,0.0,ok
KPC3_2713,0.0,0.0,0.0,0.0,0.0,0.388,0.1262,0.0194,0.0101,ok
KPC3_2715,0.698481,0.204774,0.698481,0.889019,0.887785,0.911,0.2507,0.3551,0.6249,ok
KPC3_2717,0.324856,0.04268,0.324856,0.603049,0.600057,0.752,0.1822,0.1361,0.3631,ok
KPC3_2720,0.304168,0.051814,0.304168,0.536811,0.533834,0.73,0.3521,0.1132,0.2999,ok
KPC3_2730,0.0,0.0,0.0,0.0,0.0,0.509,0.129,0.0255,0.0491,ok
KPC3_2734,0.583758,0.077052,0.583758,0.744784,0.742946,0.849,0.1678,0.2268,0.5357,ok
KPC3_2739,0.233633,0.02085,0.233633,0.425012,0.418737,0.664,0.211,0.0689,0.2474,ok
KPC3_273_1,0.0,0.0,0.0,0.0,0.0,0.301,0.0721,0.017,0.0351,ok
KPC3_273_7,0.0,0.0,0.0,0.0,0.0,0.28,0.0809,0.0127,0.0039,ok
KPC3_2740,0.014236,0.013581,0.014236,0.326844,0.283283,0.55,0.1117,0.0325,0.1182,ok
KPC3_2743,0.252145,0.029904,0.252145,0.50588,0.502732,0.689,0.3049,0.1202,0.3076,ok
KPC3_2744,0.499219,0.042455,0.499219,0.59769,0.594624,0.784,0.0819,0.1648,0.4231,ok
KPC3_2748,0.01331,0.012286,0.01331,0.322732,0.269962,0.536,0.1154,0.029,0.1101,ok
KPC3_2749,0.386017,0.031215,0.386017,0.527063,0.522194,0.764,0.1688,0.1146,0.334,ok
KPC3_274_8,0.0,0.0,0.0,0.0,0.0,0.336,0.0685,0.0149,0.0239,ok
KPC3_2750,0.499923,0.07726,0.499923,0.698762,0.69689,0.815,0.2479,0.2258,0.445,ok
KPC3_2752,0.013636,0.012324,0.013636,0.330731,0.303308,0.536,0.1641,0.0316,0.1098,ok
KPC3_2754,0.419672,0.045744,0.419672,0.617319,0.613631,0.798,0.2295,0.1594,0.3829,ok
KPC3_2757,0.0,0.0,0.0,0.0,0.0,0.259,0.1807,0.0131,0.0,ok
KPC3_2759,0.466002,0.04288,0.466002,0.612256,0.60924,0.788,0.3365,0.1786,0.4077,ok
KPC3_275_5,0.013088,0.0,0.013088,0.330934,0.023135,0.441,0.1964,0.0207,0.0685,ok
KPC3_2760,0.428334,0.051853,0.428334,0.651257,0.64763,0.799,0.3666,0.2642,0.4184,ok
KPC3_2761,0.079018,0.017083,0.079018,0.380705,0.366707,0.643,0.1736,0.0625,0.1955,ok
KPC3_2762,0.739037,0.142247,0.739037,0.836882,0.835185,0.892,0.1498,0.2966,0.6006,ok
KPC3_2763,0.072837,0.017319,0.072837,0.378544,0.370232,0.603,0.2584,0.0592,0.1843,ok
KPC3_2767,0.013675,0.013086,0.013675,0.329552,0.292895,0.548,0.1776,0.033,0.1214,ok
KPC3_276_1,0.157359,0.018628,0.157359,0.396975,0.387343,0.673,0.0536,0.07,0.2295,ok
KPC3_276_2,0.269562,0.025921,0.269562,0.479099,0.473294,0.729,0.1362,0.1137,0.2941,ok
KPC3_276_6,0.388671,0.040602,0.388671,0.58968,0.585707,0.775,0.0924,0.1643,0.3516,ok
KPC3_2770,0.0,0.0,0.0,0.0,0.0,0.371,0.1105,0.0205,0.0432,ok
KPC3_2778,0.0,0.0,0.0,0.0,0.0,0.394,0.1864,0.0167,0.0508,ok
KPC3_2779,0.0,0.0,0.0,0.0,0.0,0.364,0.1174,0.0196,0.0077,ok
KPC3_2782,0.01521,0.012307,0.01521,0.353331,0.333633,0.532,0.252,0.039,0.136,ok
KPC3_2787,0.802603,0.332728,0.802603,0.941039,0.940686,0.941,0.2937,0.4326,0.6681,ok
KPC3_278_2,0.015192,0.01096,0.015192,0.357256,0.069779,0.537,0.228,0.0305,0.0799,ok
KPC3_278_4,0.0,0.0,0.0,0.0,0.0,0.32,0.0922,0.0153,0.0,ok
KPC3_2790,0.274299,0.029192,0.274299,0.504323,0.499521,0.725,0.2139,0.1058,0.2784,ok
KPC3_2794,0.501501,0.063043,0.501501,0.69056,0.687138,0.822,0.1741,0.2194,0.4522,ok
KPC3_2799,0.497082,0.094581,0.497082,0.75609,0.754403,0.834,0.1881,0.2834,0.4697,ok
KPC3_27_5,0.012028,0.0,0.012028,0.309747,0.012028,0.434,0.0997,0.0213,0.0531,ok
KPC3_2800,0.0,0.0,0.0,0.0,0.0,0.25,0.0839,0.0131,0.0,ok
KPC3_2802,0.012964,0.0126,0.012964,0.326677,0.241315,0.527,0.159,0.0228,0.1073,ok
KPC3_2805,0.035283,0.012815,0.035283,0.33104,0.273267,0.525,0.1826,0.0288,0.1209,ok
KPC3_280_6,0.164103,0.01766,0.164103,0.393183,0.38263,0.686,0.184,0.0582,0.2038,ok
KPC3_2814,0.0,0.0,0.0,0.0,0.0,0.372,0.0915,0.0129,0.0,ok
KPC3_2815,0.016692,0.016264,0.016692,0.372526,0.36078,0.57,0.1454,0.0544,0.1673,ok
KPC3_2819,0.417055,0.084089,0.417055,0.722201,0.720394,0.813,0.2664,0.1997,0.4393,ok
KPC3_2821,0.039025,0.0146,0.039025,0.340818,0.328832,0.624,0.1049,0.0441,0.1667,ok
KPC3_2827,0.147977,0.025767,0.147977,0.474575,0.47053,0.662,0.1955,0.0712,0.2687,ok
KPC3_2828,0.476715,0.062971,0.476715,0.691696,0.688942,0.821,0.1118,0.1894,0.4386,ok
KPC3_283_2,0.0,0.0,0.0,0.0,0.0,0.26,0.0577,0.014,0.0,ok
KPC3_283_4,0.0,0.0,0.0,0.0,0.0,0.201,0.0925,0.0122,0.0,ok
KPC3_283_6,0.0,0.0,0.0,0.0,0.0,0.224,0.078,0.0148,0.0,ok
KPC3_283_7,0.0,0.0,0.0,0.0,0.0,0.224,0.0531,0.0133,0.0,ok
KPC3_2842,0.14198,0.033749,0.14198,0.528395,0.525227,0.704,0.3319,0.141,0.3096,ok
KPC3_2844,0.101602,0.02286,0.101602,0.440997,0.435328,0.649,0.1783,0.0884,0.2455,ok
KPC3_2846,0.222078,0.029413,0.222078,0.504913,0.500004,0.711,0.0954,0.1106,0.2952,ok
KPC3_2848,0.014354,0.012455,0.014354,0.335844,0.307087,0.554,0.0659,0.0321,0.1361,ok
KPC3_2850,0.114723,0.020609,0.114723,0.418307,0.410254,0.662,0.1646,0.0626,0.2348,ok
KPC3_2853,0.365348,0.061373,0.365348,0.665302,0.663194,0.786,0.2611,0.2684,0.4011,ok
KPC3_2855,0.455262,0.070295,0.455262,0.721815,0.719151,0.835,0.102,0.1953,0.4455,ok
KPC3_2867,0.018351,0.012777,0.018351,0.394552,0.386354,0.596,0.2499,0.0471,0.1666,ok
KPC3_2872,0.348559,0.038477,0.348559,0.583659,0.580616,0.742,0.2202,0.1051,0.3588,ok
KPC3_2877,0.0,0.0,0.0,0.0,0.0,0.304,0.0424,0.0127,0.0,ok
KPC3_2879,0.011564,0.0,0.011564,0.297072,0.011564,0.478,0.1889,0.0197,0.0427,ok
KPC3_287_2,0.0,0.0,0.0,0.0,0.0,0.189,0.1047,0.0114,0.0,ok
KPC3_287_5,0.0,0.0,0.0,0.0,0.0,0.229,0.1608,0.0126,0.0,ok
KPC3_287_9,0.0,0.0,0.0,0.0,0.0,0.28,0.1383,0.0138,0.0,ok
KPC3_2889,0.0,0.0,0.0,0.0,0.0,0.412,0.0669,0.0205,0.0227,ok
KPC3_2890,0.353704,0.045153,0.353704,0.605652,0.602652,0.758,0.2572,0.1791,0.3724,ok
KPC3_2892,0.634776,0.123991,0.634776,0.815312,0.813425,0.871,0.1947,0.3258,0.554,ok
KPC3_2894,0.162547,0.038624,0.162547,0.566851,0.563764,0.727,0.2921,0.1573,0.3213,ok
KPC3_2897,0.295285,0.04369,0.295285,0.574157,0.571223,0.714,0.3918,0.2091,0.3416,ok
KPC3_289_7,0.379221,0.040045,0.379221,0.455674,0.443463,0.725,0.1579,0.0995,0.2721,ok
KPC3_2909,0.01297,0.012458,0.01297,0.324108,0.161868,0.544,0.2531,0.0284,0.0974,ok
KPC3_290_1,0.011793,0.0,0.011793,0.309932,0.011793,0.429,0.1559,0.021,0.0531,ok
KPC3_290_5,0.013323,0.0,0.013323,0.33611,0.07848,0.506,0.1526,0.0205,0.0725,ok
KPC3_290_6,0.010697,0.0,0.010697,0.289628,0.010697,0.219,0.1952,0.0119,0.0299,ok
KPC3_2912,0.0,0.0,0.0,0.0,0.0,0.262,0.1909,0.0116,0.0,ok
KPC3_2915,0.0,0.0,0.0,0.0,0.0,0.326,0.1814,0.0159,0.0044,ok
KPC3_291_2,0.0,0.0,0.0,0.0,0.0,0.285,0.1072,0.0124,0.0,ok
KPC3_291_7,0.0,0.0,0.0,0.0,0.0,0.28,0.1506,0.013,0.0083,ok
KPC3_2923,0.012516,0.0,0.012516,0.315194,0.012516,0.478,0.2,0.0211,0.0597,ok
KPC3_2925,0.298245,0.029845,0.298245,0.516752,0.510579,0.744,0.1109,0.068,0.2808,ok
KPC3_2926,0.086231,0.017964,0.086231,0.393157,0.387219,0.619,0.2674,0.0539,0.2033,ok
KPC3_2927,0.0,0.0,0.0,0.0,0.0,0.332,0.1066,0.0152,0.0,ok
KPC3_292_8,0.0,0.0,0.0,0.0,0.0,0.372,0.114,0.0163,0.0236,ok
KPC3_2930,0.143419,0.021813,0.143419,0.448592,0.428704,0.532,0.1688,0.032,0.2265,ok
KPC3_2932,0.0,0.0,0.0,0.0,0.0,0.18,0.0579,0.0114,0.0,ok
KPC3_293_4,0.0,0.0,0.0,0.0,0.0,0.247,0.0979,0.0122,0.0056,ok
KPC3_293_6,0.0,0.0,0.0,0.0,0.0,0.346,0.1435,0.0163,0.0214,ok
KPC3_293_7,0.0,0.0,0.0,0.0,0.0,0.282,0.1279,0.0124,0.0,ok
KPC3_2940,0.537629,0.086549,0.537629,0.759532,0.758345,0.841,0.1568,0.2052,0.4921,ok
KPC3_2946,0.110074,0.041706,0.110074,0.578625,0.575476,0.725,0.1321,0.1331,0.3357,ok
KPC3_2948,0.46876,0.051965,0.46876,0.642705,0.638993,0.795,0.1271,0.1822,0.4347,ok
KPC3_2949,0.525657,0.100231,0.525657,0.784787,0.783139,0.854,0.2172,0.2705,0.4953,ok
KPC3_294_1,0.893421,0.601918,0.893421,0.978344,0.978142,0.973,0.2561,0.8452,0.7247,ok
KPC3_2957,0.0,0.0,0.0,0.0,0.0,0.262,0.0733,0.0134,0.0,ok
KPC3_2958,0.32631,0.025096,0.32631,0.477852,0.45351,0.631,0.2667,0.0377,0.2332,ok
KPC3_2960,0.191374,0.017293,0.191374,0.381317,0.375197,0.681,0.249,0.0572,0.2024,ok
KPC3_2961,0.034634,0.019346,0.034634,0.407495,0.395622,0.63,0.1025,0.0396,0.1942,ok
KPC3_2963,0.44085,0.043089,0.44085,0.611121,0.608047,0.786,0.2714,0.2036,0.3896,ok
KPC3_2965,0.480386,0.077777,0.480386,0.691384,0.690135,0.775,0.217,0.222,0.4255,ok
KPC3_2966,0.264029,0.039398,0.264029,0.587927,0.585589,0.763,0.3116,0.151,0.3467,ok
KPC3_2975,0.0,0.0,0.0,0.0,0.0,0.451,0.1875,0.0217,0.0242,ok
KPC3_2978,0.013348,0.010946,0.013348,0.338383,0.264249,0.428,0.213,0.0205,0.0804,ok
KPC3_2979,0.012476,0.0,0.012476,0.322959,0.216477,0.424,0.148,0.0215,0.0656,ok
KPC3_297_1,0.0,0.0,0.0,0.0,0.0,0.279,0.1146,0.0148,0.0,ok
KPC3_297_3,0.0,0.0,0.0,0.0,0.0,0.367,0.1052,0.0187,0.0163,ok
KPC3_2981,0.0,0.0,0.0,0.0,0.0,0.255,0.3323,0.0134,0.0,ok
KPC3_2983,0.16638,0.039795,0.16638,0.41713,0.412917,0.65,0.2491,0.0467,0.19,ok
KPC3_2989,0.197154,0.027712,0.197154,0.416331,0.404795,0.65,0.2368,0.0473,0.1844,ok
KPC3_2989_2,0.197154,0.027712,0.197154,0.416331,0.404795,0.65,0.2368,0.0473,0.1844,ok
KPC3_2989_3,0.0,0.0,0.0,0.0,0.0,0.331,0.2677,0.0138,0.0,ok
KPC3_2989_4,0.066448,0.013348,0.066448,0.361147,0.220813,0.544,0.3658,0.0262,0.1141,ok
KPC3_298_0,0.0,0.0,0.0,0.0,0.0,0.269,0.1427,0.0148,0.0,ok
KPC3_298_5,0.011936,0.0,0.011936,0.309605,0.011936,0.409,0.2559,0.0178,0.0412,ok
KPC3_2994,0.119128,0.033158,0.119128,0.531976,0.528734,0.696,0.1406,0.0848,0.2943,ok
KPC3_2996,0.322227,0.037753,0.322227,0.569281,0.565242,0.769,0.1241,0.1239,0.3519,ok
KPC3_2998,0.414783,0.078352,0.414783,0.709771,0.707818,0.784,0.3652,0.3394,0.4395,ok
KPC3_299_2,0.0,0.0,0.0,0.0,0.0,0.421,0.1327,0.0219,0.0222,ok
KPC3_29_6,0.0,0.0,0.0,0.0,0.0,0.276,0.0787,0.0137,0.0,ok
KPC3_2_3,0.056018,0.012385,0.056018,0.331244,0.102111,0.562,0.1242,0.0278,0.0904,ok
KPC3_3011,0.04454,0.012506,0.04454,0.360312,0.108086,0.611,0.2137,0.0304,0.0978,ok
KPC3_3013,0.014661,0.012089,0.014661,0.350801,0.323275,0.427,0.1828,0.0372,0.1172,ok
KPC3_3016,0.012759,0.011775,0.012759,0.320987,0.026537,0.512,0.0991,0.0268,0.0677,ok
KPC3_3022,0.013321,0.0,0.013321,0.330133,0.237654,0.374,0.2127,0.0192,0.077,ok
KPC3_3027,0.29486,0.02943,0.29486,0.453178,0.449378,0.69,0.3101,0.0673,0.2715,ok
KPC3_302_5,0.0,0.0,0.0,0.0,0.0,0.211,0.1872,0.0125,0.0,ok
KPC3_302_8,0.0,0.0,0.0,0.0,0.0,0.22,0.0627,0.0136,0.0,ok
KPC3_3036,0.183029,0.033035,0.183029,0.391011,0.382251,0.672,0.2068,0.0484,0.1937,ok
KPC3_3039,0.0,0.0,0.0,0.0,0.0,0.406,0.0918,0.0166,0.029,ok
KPC3_3040,0.0,0.0,0.0,0.0,0.0,0.374,0.0857,0.0154,0.0,ok
KPC3_3041,0.182657,0.025465,0.182657,0.466084,0.461552,0.661,0.1807,0.0901,0.2488,ok
KPC3_3042,0.504371,0.041981,0.504371,0.591169,0.587533,0.739,0.1672,0.0812,0.4184,ok
KPC3_3044,0.0,0.0,0.0,0.0,0.0,0.456,0.1293,0.0163,0.0207,ok
KPC3_3047,0.013073,0.01114,0.013073,0.324391,0.299212,0.468,0.2428,0.0305,0.1056,ok
KPC3_304_0,0.0,0.0,0.0,0.0,0.0,0.297,0.098,0.0128,0.0078,ok
KPC3_304_3,0.245316,0.015517,0.245316,0.389043,0.324774,0.614,0.2293,0.0365,0.1647,ok
KPC3_304_7,0.0,0.0,0.0,0.0,0.0,0.238,0.1385,0.0136,0.0,ok
KPC3_3050,0.048398,0.015168,0.048398,0.361863,0.350204,0.61,0.2327,0.0404,0.1509,ok
KPC3_3054,0.023173,0.012715,0.023173,0.329776,0.229307,0.51,0.307,0.022,0.1047,ok
KPC3_3065,0.011592,0.011435,0.011592,0.308317,0.011592,0.463,0.1685,0.0179,0.0616,ok
KPC3_306_3,0.013219,0.011667,0.013219,0.317208,0.052736,0.562,0.036,0.0263,0.0862,ok
KPC3_306_8,0.24349,0.025442,0.24349,0.471885,0.464445,0.723,0.0891,0.0764,0.271,ok
KPC3_3076,0.0,0.0,0.0,0.0,0.0,0.35,0.1058,0.0168,0.0,ok
KPC3_307_2,0.0,0.0,0.0,0.0,0.0,0.367,0.0672,0.0177,0.0174,ok
KPC3_307_8,0.011905,0.011464,0.011905,0.311091,0.011905,0.423,0.1077,0.0245,0.0582,ok
KPC3_3083,0.012306,0.01221,0.012306,0.305673,0.021765,0.546,0.0926,0.0232,0.0794,ok
KPC3_3086,0.606685,0.11598,0.606685,0.800135,0.798142,0.856,0.1286,0.367,0.5471,ok
KPC3_3087,0.309614,0.04517,0.309614,0.604495,0.601503,0.749,0.3615,0.1787,0.3569,ok
KPC3_308_0,0.0,0.0,0.0,0.0,0.0,0.199,0.124,0.0118,0.0,ok
KPC3_308_9,0.160203,0.01418,0.160203,0.371008,0.312533,0.624,0.094,0.0318,0.1502,ok
KPC3_3092,0.015598,0.013231,0.015598,0.357034,0.341071,0.582,0.1334,0.0387,0.1633,ok
KPC3_3095,0.100345,0.015162,0.100345,0.350681,0.332487,0.603,0.075,0.0414,0.1723,ok
KPC3_3098,0.0,0.0,0.0,0.0,0.0,0.326,0.0545,0.0139,0.0,ok
KPC3_3099,0.098801,0.022735,0.098801,0.442114,0.435806,0.626,0.1987,0.0627,0.2239,ok
KPC3_309_3,0.106418,0.014041,0.106418,0.346804,0.310478,0.628,0.1642,0.0492,0.1579,ok
KPC3_30_1,0.014549,0.0,0.014549,0.336823,0.014549,0.494,0.0697,0.0203,0.0631,ok
KPC3_30_6,0.122797,0.01667,0.122797,0.368571,0.351925,0.665,0.0632,0.0449,0.1912,ok
KPC3_30_7,0.013235,0.0,0.013235,0.317694,0.013235,0.431,0.0862,0.0183,0.0605,ok
KPC3_3100,0.21425,0.025381,0.21425,0.475565,0.469131,0.693,0.1765,0.0844,0.2656,ok
KPC3_3105,0.092966,0.016228,0.092966,0.368236,0.352061,0.653,0.0979,0.0482,0.1779,ok
KPC3_3106,0.046065,0.019549,0.046065,0.411239,0.400997,0.599,0.195,0.0482,0.2073,ok
KPC3_3108,0.561751,0.076189,0.561751,0.734075,0.731595,0.847,0.3186,0.2396,0.515,ok
KPC3_3109,0.29706,0.032957,0.29706,0.535821,0.53269,0.751,0.1747,0.132,0.3231,ok
KPC3_310_0,0.012345,0.0,0.012345,0.306386,0.012345,0.472,0.1176,0.0254,0.0611,ok
KPC3_310_2,0.645658,0.095749,0.645658,0.780045,0.778952,0.858,0.2539,0.358,0.5886,ok
KPC3_310_3,0.481881,0.052213,0.481881,0.645634,0.642726,0.809,0.099,0.1569,0.4472,ok
KPC3_310_4,0.111048,0.013094,0.111048,0.344272,0.191983,0.618,0.1088,0.0433,0.1331,ok
KPC3_3115,0.513238,0.089281,0.513238,0.543418,0.541268,0.742,0.3937,0.18,0.3273,ok
KPC3_311_4,0.236107,0.024732,0.236107,0.468227,0.463529,0.685,0.1235,0.0872,0.2458,ok
KPC3_311_7,0.483022,0.056696,0.483022,0.666705,0.663251,0.8,0.2562,0.2754,0.4492,ok
KPC3_3121,0.0,0.0,0.0,0.0,0.0,0.322,0.1478,0.0165,0.0,ok
KPC3_312_8,0.056568,0.01156,0.056568,0.338378,0.126284,0.578,0.0766,0.0335,0.0934,ok
KPC3_312_9,0.0,0.0,0.0,0.0,0.0,0.285,0.0447,0.0163,0.0,ok
KPC3_3134,0.011395,0.011009,0.011395,0.299783,0.011395,0.481,0.0919,0.0212,0.0603,ok
KPC3_3138,0.395005,0.046274,0.395005,0.588897,0.583059,0.709,0.3001,0.0794,0.3456,ok
KPC3_313_0,0.0,0.0,0.0,0.0,0.0,0.161,0.1758,0.0109,0.0,ok
KPC3_313_7,0.055378,0.013006,0.055378,0.369181,0.132884,0.553,0.083,0.0324,0.1181,ok
KPC3_313_8,0.011833,0.0,0.011833,0.304349,0.011833,0.414,0.0894,0.0191,0.041,ok
KPC3_313_9,0.011864,0.0,0.011864,0.305146,0.011864,0.516,0.0996,0.0218,0.0596,ok
KPC3_3145,0.0,0.0,0.0,0.0,0.0,0.352,0.1434,0.0162,0.018,ok
KPC3_3146,0.3318,0.083942,0.3318,0.595282,0.590184,0.767,0.208,0.098,0.3326,ok
KPC3_3148,0.013526,0.01256,0.013526,0.338785,0.240626,0.502,0.1184,0.0209,0.0997,ok
KPC3_314_7,0.108509,0.013749,0.108509,0.342,0.237517,0.645,0.1104,0.0442,0.1413,ok
KPC3_314_9,0.0,0.0,0.0,0.0,0.0,0.33,0.0776,0.013,0.0065,ok
KPC3_3154,0.298264,0.042118,0.298264,0.444014,0.4343,0.675,0.2663,0.0578,0.2465,ok
KPC3_315_9,0.243404,0.046971,0.243404,0.365695,0.34235,0.645,0.2763,0.0648,0.1711,ok
KPC3_3168,0.16454,0.02276,0.16454,0.448326,0.431648,0.555,0.236,0.0401,0.2147,ok
KPC3_3169,0.081288,0.026639,0.081288,0.438309,0.432329,0.641,0.298,0.0604,0.2166,ok
KPC3_3170,0.554477,0.074841,0.554477,0.726094,0.723051,0.826,0.3157,0.2372,0.4736,ok
KPC3_3171,0.011176,0.0,0.011176,0.289922,0.011176,0.415,0.1006,0.0184,0.0455,ok
KPC3_3175,0.500279,0.052581,0.500279,0.659763,0.656948,0.808,0.1165,0.122,0.4449,ok
KPC3_3176,0.147057,0.018498,0.147057,0.401365,0.395295,0.662,0.2103,0.0508,0.2059,ok
KPC3_3177,0.0,0.0,0.0,0.0,0.0,0.437,0.1236,0.0195,0.0226,ok
KPC3_317_0,0.601029,0.108184,0.601029,0.805489,0.802897,0.883,0.2402,0.5476,0.5564,ok
KPC3_3181,0.017534,0.014191,0.017534,0.378961,0.366304,0.595,0.11,0.0398,0.1851,ok
KPC3_3182,0.037802,0.02121,0.037802,0.424734,0.419896,0.638,0.2656,0.0758,0.2315,ok
KPC3_3184,0.017193,0.013982,0.017193,0.3755,0.366876,0.562,0.2651,0.052,0.1788,ok
KPC3_3185,0.671722,0.237347,0.671722,0.900636,0.900063,0.912,0.3127,0.5268,0.6308,ok
KPC3_3187,0.449015,0.082741,0.449015,0.733878,0.731372,0.823,0.187,0.2974,0.4569,ok
KPC3_3189,0.019018,0.01161,0.019018,0.396022,0.389716,0.523,0.2332,0.0556,0.1667,ok
KPC3_3191,0.0,0.0,0.0,0.0,0.0,0.374,0.0871,0.0164,0.0077,ok
KPC3_319_2,0.0,0.0,0.0,0.0,0.0,0.304,0.0492,0.0186,0.0071,ok
KPC3_319_4,0.0,0.0,0.0,0.0,0.0,0.336,0.0339,0.0188,0.008,ok
KPC3_31_1,0.0,0.0,0.0,0.0,0.0,0.266,0.0539,0.0117,0.0,ok
KPC3_31_6,0.016687,0.0,0.016687,0.366587,0.019193,0.489,0.1192,0.0241,0.0722,ok
KPC3_31_9,0.181766,0.018992,0.181766,0.400039,0.389612,0.665,0.095,0.0674,0.23,ok
KPC3_3202,0.173763,0.028395,0.173763,0.378717,0.364227,0.63,0.1569,0.043,0.1893,ok
KPC3_320_9,0.055395,0.010735,0.055395,0.372523,0.143438,0.548,0.2158,0.0293,0.0853,ok
KPC3_3213,0.0,0.0,0.0,0.0,0.0,0.345,0.0863,0.0143,0.0169,ok
KPC3_3213_2,0.0,0.0,0.0,0.0,0.0,0.345,0.0863,0.0143,0.0169,ok
KPC3_3213_3,0.385905,0.027357,0.385905,0.493653,0.489808,0.728,0.2736,0.1048,0.2911,ok
KPC3_3213_4,0.014716,0.0147,0.014716,0.34913,0.329296,0.586,0.2259,0.0396,0.1404,ok
KPC3_3215,0.0,0.0,0.0,0.0,0.0,0.375,0.0798,0.016,0.0099,ok
KPC3_3216,0.0,0.0,0.0,0.0,0.0,0.413,0.1901,0.0176,0.0125,ok
KPC3_3216_2,0.0,0.0,0.0,0.0,0.0,0.413,0.1901,0.0176,0.0125,ok
KPC3_3216_3,0.013459,0.013196,0.013459,0.330006,0.311432,0.572,0.2213,0.0359,0.131,ok
KPC3_3216_4,0.128983,0.016923,0.128983,0.382759,0.370715,0.629,0.1576,0.0464,0.2028,ok
KPC3_321_4,0.168451,0.015314,0.168451,0.360949,0.332463,0.658,0.131,0.0689,0.1804,ok
KPC3_3220,0.013387,0.011721,0.013387,0.331001,0.305913,0.538,0.2205,0.0334,0.105,ok
KPC3_3223,0.0,0.0,0.0,0.0,0.0,0.396,0.2896,0.0159,0.0059,ok
KPC3_3226,0.0,0.0,0.0,0.0,0.0,0.234,0.0621,0.0117,0.0,ok
KPC3_3230,0.0,0.0,0.0,0.0,0.0,0.249,0.2637,0.0121,0.0,ok
KPC3_3233,0.0,0.0,0.0,0.0,0.0,0.39,0.1422,0.0168,0.0222,ok
KPC3_3235,0.012156,0.011278,0.012156,0.319727,0.038473,0.479,0.2472,0.0227,0.0773,ok
KPC3_3237,0.129911,0.024001,0.129911,0.466748,0.444625,0.549,0.3217,0.0395,0.2123,ok
KPC3_323_8,0.01116,0.0,0.01116,0.292192,0.01116,0.42,0.2128,0.0169,0.0327,ok
KPC3_3241,0.196177,0.039529,0.196177,0.455987,0.452227,0.71,0.3346,0.0689,0.2234,ok
KPC3_3244,0.31838,0.049629,0.31838,0.513493,0.505055,0.731,0.2522,0.0848,0.2706,ok
KPC3_3251,0.314679,0.054706,0.314679,0.643867,0.640905,0.786,0.3156,0.2061,0.3877,ok
KPC3_3253,0.047759,0.026279,0.047759,0.471075,0.467874,0.634,0.1973,0.0833,0.2609,ok
KPC3_3255,0.142428,0.042105,0.142428,0.571221,0.568929,0.709,0.226,0.1457,0.3296,ok
KPC3_3256,0.139,0.030291,0.139,0.511962,0.507889,0.709,0.1088,0.0928,0.2923,ok
KPC3_325_2,0.428881,0.066603,0.428881,0.704408,0.701663,0.815,0.0758,0.1868,0.4294,ok
KPC3_325_8,0.167271,0.020604,0.167271,0.420474,0.409797,0.676,0.1436,0.1065,0.236,ok
KPC3_3263,0.552845,0.063177,0.552845,0.689091,0.686424,0.803,0.319,0.1891,0.4941,ok
KPC3_3264,0.595752,0.097064,0.595752,0.771386,0.769737,0.844,0.261,0.2268,0.4983,ok
KPC3_3265,0.0,0.0,0.0,0.0,0.0,0.282,0.1844,0.0128,0.0,ok
KPC3_3266,0.421937,0.059324,0.421937,0.679399,0.675971,0.821,0.2147,0.1578,0.3976,ok
KPC3_326_1,0.516376,0.125481,0.516376,0.606773,0.60349,0.775,0.1781,0.1351,0.3829,ok
KPC3_3273,0.108133,0.01466,0.108133,0.350886,0.326487,0.575,0.2937,0.0328,0.1606,ok
KPC3_3277,0.016368,0.012796,0.016368,0.374526,0.338856,0.481,0.2566,0.0247,0.1323,ok
KPC3_327_4,0.653195,0.158912,0.653195,0.864799,0.863239,0.906,0.2702,0.5021,0.5983,ok
KPC3_3282,0.134272,0.032085,0.134272,0.384201,0.372505,0.662,0.2203,0.0454,0.1677,ok
KPC3_3290,0.0,0.0,0.0,0.0,0.0,0.303,0.096,0.0142,0.0,ok
KPC3_3292,0.012679,0.011649,0.012679,0.32467,0.080332,0.462,0.3058,0.023,0.0807,ok
KPC3_3295,0.0,0.0,0.0,0.0,0.0,0.234,0.0832,0.0123,0.0,ok
KPC3_3303,0.265464,0.020296,0.265464,0.425611,0.415498,0.678,0.1464,0.0463,0.2292,ok
KPC3_3305,0.454118,0.073874,0.454118,0.717939,0.714868,0.82,0.1481,0.1965,0.4632,ok
KPC3_3306,0.230955,0.023114,0.230955,0.456573,0.449543,0.712,0.1784,0.0571,0.2523,ok
KPC3_3308,0.607721,0.096062,0.607721,0.743238,0.740495,0.811,0.3918,0.2224,0.5064,ok
KPC3_3309,0.0,0.0,0.0,0.0,0.0,0.413,0.1175,0.0177,0.0,ok
KPC3_3309_2,0.0,0.0,0.0,0.0,0.0,0.413,0.1175,0.0177,0.0,ok
KPC3_3309_3,0.0,0.0,0.0,0.0,0.0,0.357,0.1086,0.0161,0.0,ok
KPC3_3309_4,0.0,0.0,0.0,0.0,0.0,0.394,0.1152,0.0183,0.0132,ok
KPC3_330_8,0.012322,0.0,0.012322,0.322025,0.012322,0.424,0.1787,0.0252,0.0541,ok
KPC3_3315,0.023921,0.012944,0.023921,0.335477,0.201628,0.57,0.2519,0.0301,0.1009,ok
KPC3_331_4,0.0,0.0,0.0,0.0,0.0,0.228,0.2678,0.0124,0.0,ok
KPC3_3320,0.480147,0.078345,0.480147,0.539136,0.520437,0.73,0.1544,0.061,0.3231,ok
KPC3_3330,0.659783,0.096506,0.659783,0.687433,0.687433,0.805,0.3436,0.1014,0.2726,ok
KPC3_3336,0.440843,0.080251,0.440843,0.501005,0.49243,0.721,0.2377,0.0966,0.3126,ok
KPC3_333_0,0.0,0.0,0.0,0.0,0.0,0.258,0.15,0.0126,0.0,ok
KPC3_333_1,0.0,0.0,0.0,0.0,0.0,0.308,0.2814,0.0139,0.0206,ok
KPC3_333_3,0.119671,0.017402,0.119671,0.389028,0.374316,0.594,0.1058,0.0518,0.1682,ok
KPC3_333_6,0.012019,0.0,0.012019,0.31038,0.012019,0.379,0.1697,0.0142,0.0442,ok
KPC3_3345,0.011183,0.01076,0.011183,0.300194,0.011183,0.407,0.1035,0.0158,0.068,ok
KPC3_3349,0.0,0.0,0.0,0.0,0.0,0.195,0.1073,0.0121,0.0,ok
KPC3_334_6,0.224141,0.018784,0.224141,0.409717,0.394834,0.665,0.1307,0.0487,0.1785,ok
KPC3_3350,0.127909,0.024357,0.127909,0.461714,0.457747,0.675,0.1578,0.0677,0.2409,ok
KPC3_3352,0.14103,0.020661,0.14103,0.421197,0.412463,0.588,0.2403,0.0626,0.2082,ok
KPC3_3355,0.383454,0.0483,0.383454,0.625317,0.62236,0.747,0.2942,0.1536,0.4054,ok
KPC3_3355_2,0.383454,0.0483,0.383454,0.625317,0.62236,0.747,0.2942,0.1536,0.4054,ok
KPC3_3355_3,0.590144,0.122637,0.590144,0.810773,0.809352,0.862,0.3813,0.3403,0.5379,ok
KPC3_3355_4,0.330085,0.039527,0.330085,0.580949,0.577074,0.744,0.1687,0.1093,0.3555,ok
KPC3_3357,0.310103,0.029226,0.310103,0.502232,0.496687,0.685,0.1494,0.1011,0.2902,ok
KPC3_3358,0.13717,0.029356,0.13717,0.499732,0.495825,0.662,0.1056,0.0868,0.2839,ok
KPC3_3364,0.281148,0.051725,0.281148,0.621579,0.619432,0.749,0.2947,0.2315,0.3603,ok
KPC3_336_4,0.0,0.0,0.0,0.0,0.0,0.23,0.1052,0.0128,0.0203,ok
KPC3_336_9,0.011238,0.0,0.011238,0.293012,0.011238,0.441,0.065,0.0208,0.0466,ok
KPC3_3371,0.611099,0.113489,0.611099,0.806666,0.805196,0.867,0.2244,0.2887,0.5589,ok
KPC3_3375,0.150332,0.021991,0.150332,0.439407,0.433103,0.643,0.2261,0.0594,0.237,ok
KPC3_3376,0.033328,0.016095,0.033328,0.368043,0.350295,0.592,0.2466,0.0411,0.1359,ok
KPC3_3379,0.358613,0.030633,0.358613,0.525428,0.521438,0.738,0.3401,0.1196,0.3232,ok
KPC3_337_0,0.0,0.0,0.0,0.0,0.0,0.159,0.0712,0.0118,0.0,ok
KPC3_337_2,0.01099,0.0,0.01099,0.295888,0.01099,0.321,0.1049,0.017,0.0348,ok
KPC3_337_3,0.0,0.0,0.0,0.0,0.0,0.276,0.1225,0.0144,0.0,ok
KPC3_337_4,0.0,0.0,0.0,0.0,0.0,0.318,0.0649,0.0165,0.0,ok
KPC3_337_6,0.0,0.0,0.0,0.0,0.0,0.204,0.1044,0.0126,0.0133,ok
KPC3_337_7,0.0,0.0,0.0,0.0,0.0,0.298,0.1651,0.0157,0.0083,ok
KPC3_337_9,0.0,0.0,0.0,0.0,0.0,0.352,0.1475,0.0196,0.0199,ok
KPC3_3389,0.139729,0.018485,0.139729,0.366521,0.32876,0.604,0.1609,0.0345,0.1614,ok
KPC3_339_0,0.123698,0.013111,0.123698,0.368242,0.243189,0.606,0.0926,0.0333,0.1288,ok
KPC3_339_1,0.112804,0.012768,0.112804,0.36924,0.270091,0.618,0.0647,0.0429,0.1444,ok
KPC3_339_2,0.0,0.0,0.0,0.0,0.0,0.328,0.0386,0.0187,0.0144,ok
KPC3_339_3,0.0,0.0,0.0,0.0,0.0,0.305,0.0462,0.014,0.0039,ok
KPC3_339_4,0.0,0.0,0.0,0.0,0.0,0.215,0.0926,0.0112,0.0,ok
KPC3_339_6,0.012471,0.0,0.012471,0.317964,0.012471,0.408,0.0765,0.0156,0.0407,ok
KPC3_339_7,0.273614,0.023121,0.273614,0.374799,0.363857,0.663,0.0953,0.0499,0.1886,ok
KPC3_33_0,0.044183,0.013161,0.044183,0.325222,0.280499,0.545,0.0638,0.0299,0.1224,ok
KPC3_33_4,0.0,0.0,0.0,0.0,0.0,0.203,0.0906,0.0124,0.0,ok
KPC3_33_5,0.022417,0.011832,0.022417,0.333967,0.066297,0.575,0.1089,0.0365,0.0953,ok
KPC3_33_9,0.124248,0.016662,0.124248,0.374887,0.353952,0.645,0.0796,0.0509,0.1766,ok
KPC3_3400,0.307587,0.070258,0.307587,0.476145,0.467327,0.706,0.2467,0.0673,0.2302,ok
KPC3_340_0,0.0,0.0,0.0,0.0,0.0,0.302,0.2179,0.0138,0.023,ok
KPC3_340_1,0.0,0.0,0.0,0.0,0.0,0.2,0.0494,0.0123,0.0,ok
KPC3_340_2,0.0,0.0,0.0,0.0,0.0,0.221,0.0719,0.012,0.0,ok
KPC3_340_6,0.0,0.0,0.0,0.0,0.0,0.26,0.1077,0.0136,0.0231,ok
KPC3_340_8,0.0,0.0,0.0,0.0,0.0,0.193,0.0737,0.0112,0.0,ok
KPC3_340_9,0.0,0.0,0.0,0.0,0.0,0.242,0.1377,0.0114,0.0,ok
KPC3_3410,0.036905,0.034899,0.036905,0.541425,0.53749,0.675,0.304,0.1363,0.2982,ok
KPC3_341_1,0.0,0.0,0.0,0.0,0.0,0.337,0.1464,0.0151,0.0,ok
KPC3_341_3,0.0,0.0,0.0,0.0,0.0,0.343,0.171,0.0166,0.0107,ok
KPC3_341_5,0.0,0.0,0.0,0.0,0.0,0.405,0.1067,0.0178,0.0218,ok
KPC3_3422,0.013828,0.012478,0.013828,0.331048,0.259915,0.481,0.4065,0.0316,0.0984,ok
KPC3_3424,0.095835,0.017481,0.095835,0.381191,0.366569,0.62,0.1242,0.0448,0.1747,ok
KPC3_3426,0.43178,0.04399,0.43178,0.609661,0.605863,0.79,0.1569,0.1276,0.4006,ok
KPC3_3427,0.01281,0.012585,0.01281,0.3147,0.136074,0.56,0.1894,0.0319,0.1001,ok
KPC3_3429,0.324303,0.037279,0.324303,0.573832,0.569903,0.774,0.1187,0.1097,0.3385,ok
KPC3_342_3,0.0,0.0,0.0,0.0,0.0,0.284,0.0676,0.0138,0.0,ok
KPC3_342_4,0.0,0.0,0.0,0.0,0.0,0.345,0.0968,0.0155,0.0221,ok
KPC3_342_9,0.523655,0.061901,0.523655,0.699869,0.697257,0.832,0.3325,0.1991,0.4516,ok
KPC3_3436,0.0,0.0,0.0,0.0,0.0,0.364,0.2027,0.0139,0.0036,ok
KPC3_3437,0.0802,0.013114,0.0802,0.340239,0.281532,0.574,0.1446,0.0285,0.112,ok
KPC3_3437_2,0.0802,0.013114,0.0802,0.340239,0.281532,0.574,0.1446,0.0285,0.112,ok
KPC3_3437_3,0.013519,0.013047,0.013519,0.338801,0.308778,0.56,0.1018,0.0401,0.1235,ok
KPC3_3437_4,0.0,0.0,0.0,0.0,0.0,0.42,0.1007,0.0151,0.0,ok
KPC3_3439,0.0,0.0,0.0,0.0,0.0,0.239,0.0458,0.014,0.0,ok
KPC3_343_7,0.011611,0.0,0.011611,0.294621,0.011611,0.392,0.1288,0.0153,0.0426,ok
KPC3_3442,0.046274,0.012606,0.046274,0.327964,0.235526,0.604,0.0848,0.0323,0.122,ok
KPC3_3444,0.0,0.0,0.0,0.0,0.0,0.417,0.1409,0.0213,0.0161,ok
KPC3_3445,0.270716,0.03242,0.270716,0.522499,0.518735,0.726,0.3031,0.1048,0.2955,ok
KPC3_3446,0.184261,0.030575,0.184261,0.518139,0.514285,0.703,0.2928,0.0997,0.2815,ok
KPC3_3447,0.0,0.0,0.0,0.0,0.0,0.366,0.0867,0.0157,0.0,ok
KPC3_3449,0.372491,0.024863,0.372491,0.465221,0.459116,0.66,0.1106,0.0646,0.2807,ok
KPC3_3453,0.018193,0.017114,0.018193,0.351018,0.338812,0.604,0.2706,0.0437,0.1635,ok
KPC3_3455,0.403955,0.06109,0.403955,0.626767,0.623954,0.795,0.1445,0.1036,0.3652,ok
KPC3_345_6,0.0,0.0,0.0,0.0,0.0,0.359,0.0707,0.0148,0.0131,ok
KPC3_3460,0.0,0.0,0.0,0.0,0.0,0.357,0.1246,0.0152,0.0234,ok
KPC3_3464,0.562596,0.069489,0.562596,0.70039,0.697911,0.803,0.1445,0.1212,0.4911,ok
KPC3_3465,0.47726,0.045096,0.47726,0.609115,0.606244,0.747,0.2676,0.1362,0.4188,ok
KPC3_3467,0.01124,0.0,0.01124,0.29105,0.01124,0.401,0.0872,0.0166,0.0419,ok
KPC3_346_0,0.0,0.0,0.0,0.0,0.0,0.139,0.2047,0.0099,0.0,ok
KPC3_346_2,0.0,0.0,0.0,0.0,0.0,0.353,0.1177,0.0148,0.0165,ok
KPC3_3472,0.013765,0.012668,0.013765,0.345598,0.258834,0.491,0.3166,0.0273,0.0941,ok
KPC3_3473,0.0,0.0,0.0,0.0,0.0,0.391,0.1597,0.0168,0.0132,ok
KPC3_3474,0.271807,0.054715,0.271807,0.412562,0.406803,0.674,0.2975,0.0669,0.2176,ok
KPC3_3476,0.0,0.0,0.0,0.0,0.0,0.384,0.2224,0.0169,0.0,ok
KPC3_3481,0.247623,0.062401,0.247623,0.657398,0.65461,0.747,0.3045,0.2906,0.3824,ok
KPC3_3484,0.196894,0.03246,0.196894,0.517284,0.514888,0.691,0.0959,0.1029,0.3015,ok
KPC3_3485,0.091969,0.028373,0.091969,0.499397,0.495247,0.695,0.1252,0.1077,0.2845,ok
KPC3_3486,0.259345,0.041447,0.259345,0.582632,0.580295,0.738,0.2444,0.1382,0.3495,ok
KPC3_348_3,0.0,0.0,0.0,0.0,0.0,0.252,0.2279,0.0115,0.0,ok
KPC3_3492,0.041951,0.028182,0.041951,0.481797,0.477003,0.621,0.2768,0.108,0.2638,ok
KPC3_3495,0.392572,0.081293,0.392572,0.724295,0.721755,0.789,0.1866,0.3231,0.4394,ok
KPC3_349_1,0.0,0.0,0.0,0.0,0.0,0.339,0.1228,0.0186,0.0214,ok
KPC3_349_8,0.367772,0.069412,0.367772,0.42124,0.412083,0.716,0.4909,0.1075,0.2288,ok
KPC3_34_9,0.534992,0.127015,0.534992,0.825176,0.824232,0.871,0.1511,0.2737,0.5622,ok
KPC3_3501,0.515668,0.079561,0.515668,0.739011,0.737161,0.838,0.2955,0.2595,0.5059,ok
KPC3_3503,0.164584,0.028739,0.164584,0.502282,0.499064,0.708,0.2646,0.1013,0.2899,ok
KPC3_3504,0.250973,0.037272,0.250973,0.560193,0.556283,0.732,0.2041,0.1348,0.332,ok
KPC3_3508,0.721319,0.144624,0.721319,0.847455,0.845353,0.895,0.0912,0.258,0.5923,ok
KPC3_350_0,0.027615,0.013753,0.027615,0.343251,0.245241,0.522,0.0776,0.0321,0.1076,ok
KPC3_350_2,0.011031,0.0,0.011031,0.29482,0.011031,0.298,0.1137,0.016,0.0265,ok
KPC3_350_3,0.0,0.0,0.0,0.0,0.0,0.225,0.0463,0.0123,0.0,ok
KPC3_350_6,0.013136,0.011113,0.013136,0.331374,0.055194,0.472,0.1304,0.0222,0.0692,ok
KPC3_350_7,0.028226,0.0,0.028226,0.358389,0.074529,0.483,0.2289,0.0204,0.0877,ok
KPC3_3513,0.036263,0.011348,0.036263,0.337199,0.065254,0.496,0.13,0.0323,0.081,ok
KPC3_351_8,0.0,0.0,0.0,0.0,0.0,0.336,0.1841,0.0146,0.0136,ok
KPC3_352_2,0.0,0.0,0.0,0.0,0.0,0.204,0.0378,0.0124,0.0,ok
KPC3_352_4,0.010977,0.0,0.010977,0.298711,0.010977,0.395,0.2165,0.0202,0.0246,ok
KPC3_352_8,0.0,0.0,0.0,0.0,0.0,0.386,0.1117,0.0194,0.027,ok
KPC3_3536,0.522809,0.062103,0.522809,0.691594,0.691594,0.827,0.2538,0.1524,0.4594,ok
KPC3_3536_2,0.522809,0.062103,0.522809,0.691594,0.691594,0.827,0.2538,0.1524,0.4594,ok
KPC3_3536_3,0.013428,0.011319,0.013428,0.330855,0.25804,0.517,0.1904,0.0266,0.0842,ok
KPC3_3536_4,0.0,0.0,0.0,0.0,0.0,0.382,0.128,0.0164,0.0117,ok
KPC3_3541,0.389145,0.039826,0.389145,0.551885,0.550424,0.728,0.271,0.1357,0.3393,ok
KPC3_3543,0.398556,0.041876,0.398556,0.590658,0.589145,0.759,0.1902,0.1209,0.3749,ok
KPC3_3544,0.388558,0.040491,0.388558,0.580107,0.57706,0.749,0.2211,0.1258,0.363,ok
KPC3_3546,0.44995,0.044498,0.44995,0.609372,0.606358,0.784,0.1718,0.1403,0.3946,ok
KPC3_3547,0.301479,0.051,0.301479,0.636075,0.633906,0.765,0.2579,0.1617,0.3705,ok
KPC3_3548,0.018645,0.013138,0.018645,0.32029,0.296112,0.613,0.0675,0.0419,0.1444,ok
KPC3_3549,0.012384,0.012334,0.012384,0.307693,0.050176,0.534,0.1297,0.0275,0.0852,ok
KPC3_354_0,0.0,0.0,0.0,0.0,0.0,0.324,0.158,0.018,0.0201,ok
KPC3_354_5,0.0,0.0,0.0,0.0,0.0,0.195,0.0811,0.0108,0.0,ok
KPC3_354_7,0.011504,0.0,0.011504,0.308575,0.011504,0.391,0.1411,0.0174,0.0344,ok
KPC3_3552,0.085311,0.011438,0.085311,0.353892,0.153902,0.599,0.1079,0.0248,0.0979,ok
KPC3_3555,0.0,0.0,0.0,0.0,0.0,0.365,0.0574,0.0168,0.0072,ok
KPC3_3556,0.01252,0.0,0.01252,0.320903,0.02214,0.399,0.3162,0.0249,0.0659,ok
KPC3_3557,0.071405,0.021829,0.071405,0.389691,0.377315,0.626,0.1942,0.041,0.1719,ok
KPC3_355_1,0.012412,0.012242,0.012412,0.31224,0.060532,0.457,0.154,0.0237,0.09,ok
KPC3_356_4,0.0,0.0,0.0,0.0,0.0,0.223,0.1057,0.0151,0.0,ok
KPC3_356_6,0.012799,0.0,0.012799,0.332611,0.046264,0.387,0.169,0.0186,0.0643,ok
KPC3_356_8,0.0,0.0,0.0,0.0,0.0,0.272,0.072,0.0168,0.0,ok
KPC3_356_9,0.0,0.0,0.0,0.0,0.0,0.183,0.1199,0.0122,0.0,ok
KPC3_3572,0.075646,0.017625,0.075646,0.387678,0.375512,0.636,0.2337,0.0579,0.188,ok
KPC3_3575,0.163715,0.018605,0.163715,0.398258,0.392992,0.649,0.3539,0.0818,0.2106,ok
KPC3_3577,0.04398,0.020791,0.04398,0.42286,0.415217,0.614,0.2618,0.052,0.2099,ok
KPC3_357_0,0.016836,0.0,0.016836,0.372347,0.027075,0.491,0.1318,0.0218,0.0802,ok
KPC3_357_3,0.011943,0.0,0.011943,0.297796,0.011943,0.426,0.1004,0.0162,0.0461,ok
KPC3_357_6,0.364621,0.031904,0.364621,0.532778,0.521127,0.754,0.2557,0.2686,0.3054,ok
KPC3_3584,0.432851,0.043561,0.432851,0.613017,0.61,0.791,0.3025,0.259,0.4073,ok
KPC3_3591,0.0,0.0,0.0,0.0,0.0,0.366,0.289,0.0152,0.02,ok
KPC3_3599,0.011662,0.0,0.011662,0.309062,0.011662,0.506,0.2583,0.0207,0.0546,ok
KPC3_359_7,0.416497,0.041525,0.416497,0.59897,0.596593,0.774,0.1651,0.1554,0.4128,ok
KPC3_35_0,0.0,0.0,0.0,0.0,0.0,0.185,0.12,0.0118,0.0,ok
KPC3_35_1,0.035494,0.0,0.035494,0.350425,0.12217,0.525,0.1628,0.0385,0.0821,ok
KPC3_35_2,0.0,0.0,0.0,0.0,0.0,0.259,0.1154,0.015,0.0067,ok
KPC3_35_3,0.0,0.0,0.0,0.0,0.0,0.264,0.1317,0.0119,0.0,ok
KPC3_35_7,0.0,0.0,0.0,0.0,0.0,0.242,0.1712,0.0139,0.0198,ok
KPC3_35_9,0.024022,0.012021,0.024022,0.349305,0.115649,0.515,0.197,0.0329,0.101,ok
KPC3_3603,0.042101,0.012072,0.042101,0.333844,0.17531,0.555,0.2237,0.0268,0.1023,ok
KPC3_3604,0.441467,0.09222,0.441467,0.618793,0.615961,0.792,0.1222,0.0932,0.4051,ok
KPC3_3607,0.0,0.0,0.0,0.0,0.0,0.248,0.1287,0.0138,0.0,ok
KPC3_3609,0.0,0.0,0.0,0.0,0.0,0.308,0.2187,0.0148,0.01,ok
KPC3_360_1,0.0,0.0,0.0,0.0,0.0,0.212,0.0839,0.0124,0.0,ok
KPC3_360_2,0.013014,0.0,0.013014,0.32688,0.043073,0.466,0.0723,0.0225,0.0768,ok
KPC3_360_9,0.01081,0.0,0.01081,0.288096,0.01081,0.327,0.1375,0.014,0.038,ok
KPC3_3610,0.0,0.0,0.0,0.0,0.0,0.507,0.2877,0.0189,0.0205,ok
KPC3_3617,0.0,0.0,0.0,0.0,0.0,0.246,0.175,0.0129,0.0,ok
KPC3_3622,0.0,0.0,0.0,0.0,0.0,0.387,0.1381,0.0187,0.0349,ok
KPC3_3625,0.39029,0.048085,0.39029,0.500657,0.495366,0.722,0.1645,0.0808,0.3176,ok
KPC3_3627,0.126096,0.021426,0.126096,0.356108,0.29429,0.646,0.1226,0.0377,0.1565,ok
KPC3_363_0,0.653083,0.125413,0.653083,0.678472,0.675979,0.805,0.2498,0.46,0.4961,ok
KPC3_363_2,0.33227,0.041591,0.33227,0.438718,0.43355,0.709,0.192,0.0606,0.2745,ok
KPC3_363_5,0.415302,0.051474,0.415302,0.473848,0.46795,0.717,0.1548,0.1035,0.3202,ok
KPC3_363_6,0.0,0.0,0.0,0.0,0.0,0.162,0.1365,0.0111,0.0,ok
KPC3_363_8,0.115009,0.012983,0.115009,0.351546,0.234296,0.591,0.1154,0.0435,0.1145,ok
KPC3_364_1,0.011931,0.011285,0.011931,0.311956,0.032266,0.486,0.1683,0.026,0.0669,ok
KPC3_364_2,0.0,0.0,0.0,0.0,0.0,0.282,0.0863,0.0142,0.0,ok
KPC3_364_8,0.0,0.0,0.0,0.0,0.0,0.193,0.0673,0.0118,0.0,ok
KPC3_3651,0.698949,0.189997,0.698949,0.875238,0.874547,0.904,0.2549,0.3501,0.6261,ok
KPC3_3655,0.636819,0.124933,0.636819,0.829591,0.827751,0.887,0.1463,0.2858,0.5688,ok
KPC3_3656,0.015338,0.012784,0.015338,0.353396,0.335802,0.583,0.1504,0.0418,0.1469,ok
KPC3_3657,0.145418,0.020467,0.145418,0.418437,0.404836,0.641,0.1582,0.0505,0.2106,ok
KPC3_3658,0.480357,0.050947,0.480357,0.641592,0.637903,0.786,0.1658,0.146,0.415,ok
KPC3_3658_2,0.480357,0.050947,0.480357,0.641592,0.637903,0.786,0.1658,0.146,0.415,ok
KPC3_3658_3,0.102757,0.020083,0.102757,0.4158,0.410287,0.641,0.1464,0.0682,0.2282,ok
KPC3_3658_4,0.391674,0.037885,0.391674,0.563626,0.560534,0.737,0.16,0.1212,0.3541,ok
KPC3_3659,0.211709,0.027411,0.211709,0.491401,0.485757,0.697,0.1102,0.0626,0.2768,ok
KPC3_365_1,0.353019,0.02345,0.353019,0.464014,0.455337,0.74,0.1525,0.0808,0.288,ok
KPC3_365_2,0.0,0.0,0.0,0.0,0.0,0.174,0.0585,0.0116,0.0,ok
KPC3_365_4,0.013473,0.011103,0.013473,0.329749,0.030078,0.541,0.2168,0.0232,0.0698,ok
KPC3_365_7,0.014886,0.012663,0.014886,0.353843,0.314392,0.541,0.2398,0.0346,0.1136,ok
KPC3_3666,0.261372,0.024481,0.261372,0.438807,0.43191,0.698,0.2798,0.0637,0.2454,ok
KPC3_3667,0.0,0.0,0.0,0.0,0.0,0.475,0.0785,0.0255,0.0416,ok
KPC3_3668,0.236787,0.029212,0.236787,0.494852,0.487448,0.657,0.2712,0.0838,0.2346,ok
KPC3_366_2,0.0,0.0,0.0,0.0,0.0,0.387,0.0586,0.0159,0.0172,ok
KPC3_366_3,0.0116,0.0,0.0116,0.310451,0.0116,0.285,0.2463,0.0148,0.0468,ok
KPC3_3687,0.0,0.0,0.0,0.0,0.0,0.427,0.1272,0.0228,0.0429,ok
KPC3_3688,0.0,0.0,0.0,0.0,0.0,0.292,0.1678,0.014,0.0,ok
KPC3_369_0,0.0,0.0,0.0,0.0,0.0,0.354,0.077,0.0179,0.0079,ok
KPC3_369_4,0.013234,0.012186,0.013234,0.322939,0.045951,0.546,0.0781,0.0276,0.0888,ok
KPC3_369_5,0.0,0.0,0.0,0.0,0.0,0.324,0.0574,0.0145,0.0,ok
KPC3_369_9,0.025959,0.012762,0.025959,0.31529,0.250001,0.558,0.1387,0.0309,0.1121,ok
KPC3_3701,0.0,0.0,0.0,0.0,0.0,0.246,0.0205,0.0125,0.0,ok
KPC3_3703,0.039526,0.017473,0.039526,0.387839,0.380357,0.624,0.1934,0.0614,0.1834,ok
KPC3_3705,0.0,0.0,0.0,0.0,0.0,0.274,0.1185,0.0145,0.0112,ok
KPC3_3706,0.0,0.0,0.0,0.0,0.0,0.392,0.1769,0.017,0.033,ok
KPC3_3707,0.0,0.0,0.0,0.0,0.0,0.441,0.1991,0.0203,0.0478,ok
KPC3_3717,0.0,0.0,0.0,0.0,0.0,0.225,0.198,0.0147,0.0,ok
KPC3_3718,0.016548,0.012562,0.016548,0.380392,0.356249,0.504,0.1919,0.0254,0.1299,ok
KPC3_3719,0.0,0.0,0.0,0.0,0.0,0.358,0.0852,0.0147,0.0108,ok
KPC3_371_1,0.579128,0.096162,0.579128,0.779739,0.777046,0.857,0.2664,0.3657,0.5233,ok
KPC3_371_5,0.278016,0.019434,0.278016,0.411264,0.40128,0.69,0.1825,0.1048,0.2187,ok
KPC3_3726,0.631301,0.091194,0.631301,0.755797,0.751861,0.847,0.1799,0.2072,0.5029,ok
KPC3_3727,0.011817,0.011273,0.011817,0.300747,0.011817,0.523,0.1738,0.0249,0.0642,ok
KPC3_372_3,0.748928,0.150344,0.748928,0.847481,0.845809,0.905,0.2703,0.5043,0.6292,ok
KPC3_3730,0.011957,0.011717,0.011957,0.313052,0.153785,0.523,0.1804,0.0253,0.078,ok
KPC3_3739,0.538108,0.131791,0.538108,0.669926,0.667291,0.832,0.1855,0.1128,0.4642,ok
KPC3_3739_2,0.538108,0.131791,0.538108,0.669926,0.667291,0.832,0.1855,0.1128,0.4642,ok
KPC3_3739_3,0.0,0.0,0.0,0.0,0.0,0.33,0.1982,0.0175,0.0187,ok
KPC3_3739_4,0.0,0.0,0.0,0.0,0.0,0.312,0.1368,0.0154,0.0,ok
KPC3_373_4,0.0,0.0,0.0,0.0,0.0,0.203,0.105,0.0112,0.0,ok
KPC3_3740,0.407902,0.042895,0.407902,0.601489,0.598439,0.768,0.3633,0.2288,0.3835,ok
KPC3_3743,0.013335,0.012298,0.013335,0.3227,0.050036,0.534,0.1002,0.0266,0.0941,ok
KPC3_3746,0.471245,0.056672,0.471245,0.669704,0.666879,0.801,0.4209,0.2846,0.4408,ok
KPC3_3749,0.517514,0.086304,0.517514,0.724044,0.722256,0.821,0.2334,0.2056,0.4572,ok
KPC3_374_1,0.0,0.0,0.0,0.0,0.0,0.34,0.0934,0.0152,0.0342,ok
KPC3_374_2,0.0,0.0,0.0,0.0,0.0,0.406,0.1205,0.0145,0.0146,ok
KPC3_374_4,0.0,0.0,0.0,0.0,0.0,0.292,0.0623,0.0142,0.0,ok
KPC3_374_7,0.058319,0.012484,0.058319,0.367303,0.116816,0.594,0.1386,0.0403,0.1243,ok
KPC3_375_1,0.0,0.0,0.0,0.0,0.0,0.3,0.1266,0.0139,0.0,ok
KPC3_375_2,0.0,0.0,0.0,0.0,0.0,0.381,0.1657,0.0167,0.0013,ok
KPC3_3761,0.028098,0.016177,0.028098,0.489455,0.484598,0.622,0.1888,0.0799,0.2582,ok
KPC3_3766,0.12308,0.033156,0.12308,0.534297,0.53024,0.676,0.2085,0.1076,0.2903,ok
KPC3_3767,0.374882,0.06403,0.374882,0.694607,0.692526,0.8,0.1691,0.222,0.4154,ok
KPC3_3771,0.530072,0.071976,0.530072,0.712052,0.709478,0.813,0.3392,0.264,0.4656,ok
KPC3_3776,0.478635,0.056495,0.478635,0.665546,0.664144,0.794,0.4044,0.2277,0.4135,ok
KPC3_3778,0.607086,0.097714,0.607086,0.787978,0.786374,0.867,0.2246,0.2728,0.5459,ok
KPC3_3781,0.699693,0.1915,0.699693,0.870151,0.869117,0.898,0.2777,0.2992,0.624,ok
KPC3_3783,0.51616,0.057225,0.51616,0.674447,0.673039,0.812,0.2558,0.2269,0.4594,ok
KPC3_3786,0.473646,0.047276,0.473646,0.627421,0.623682,0.797,0.1915,0.1584,0.4215,ok
KPC3_3789,0.288876,0.04457,0.288876,0.601323,0.599084,0.746,0.3104,0.1534,0.3512,ok
KPC3_378_0,0.221152,0.018305,0.221152,0.393581,0.380094,0.685,0.0977,0.0705,0.2214,ok
KPC3_378_1,0.616183,0.120516,0.616183,0.82537,0.82348,0.887,0.2799,0.5885,0.59,ok
KPC3_378_2,0.413458,0.044156,0.413458,0.605614,0.602564,0.771,0.1548,0.1128,0.3845,ok
KPC3_3792,0.0,0.0,0.0,0.0,0.0,0.2,0.0814,0.0119,0.0,ok
KPC3_3799,0.044441,0.024307,0.044441,0.362211,0.348105,0.589,0.3531,0.0428,0.1595,ok
KPC3_379_1,0.012529,0.0,0.012529,0.314998,0.012529,0.47,0.137,0.0214,0.0587,ok
KPC3_37_0,0.49284,0.052721,0.49284,0.65803,0.655094,0.806,0.0972,0.2084,0.4612,ok
KPC3_37_5,0.274052,0.019811,0.274052,0.413339,0.404553,0.707,0.0882,0.0649,0.2448,ok
KPC3_3803,0.0,0.0,0.0,0.0,0.0,0.291,0.0843,0.0151,0.0,ok
KPC3_3805,0.176866,0.022531,0.176866,0.447347,0.438605,0.675,0.2431,0.0614,0.2362,ok
KPC3_3806,0.446367,0.041808,0.446367,0.604999,0.601952,0.769,0.2771,0.1381,0.4178,ok
KPC3_3807,0.0,0.0,0.0,0.0,0.0,0.231,0.0914,0.0123,0.0,ok
KPC3_3809,0.0,0.0,0.0,0.0,0.0,0.313,0.0824,0.0143,0.0,ok
KPC3_380_5,0.0,0.0,0.0,0.0,0.0,0.319,0.0947,0.0123,0.0146,ok
KPC3_380_8,0.0,0.0,0.0,0.0,0.0,0.307,0.0861,0.0136,0.0051,ok
KPC3_3812,0.086156,0.020027,0.086156,0.41905,0.405981,0.601,0.2571,0.0486,0.1943,ok
KPC3_3818,0.365319,0.043638,0.365319,0.606448,0.603548,0.768,0.165,0.0916,0.3501,ok
KPC3_381_0,0.0,0.0,0.0,0.0,0.0,0.213,0.047,0.0121,0.0,ok
KPC3_381_4,0.01325,0.0,0.01325,0.336672,0.078067,0.462,0.0894,0.0198,0.0696,ok
KPC3_381_5,0.0,0.0,0.0,0.0,0.0,0.289,0.1175,0.0118,0.0117,ok
KPC3_381_8,0.0,0.0,0.0,0.0,0.0,0.201,0.0934,0.0107,0.0,ok
KPC3_3823,0.20682,0.032702,0.20682,0.524215,0.520311,0.704,0.2935,0.1428,0.3047,ok
KPC3_3827,0.501634,0.059461,0.501634,0.67664,0.673857,0.794,0.3078,0.24,0.4402,ok
KPC3_382_9,0.104103,0.013039,0.104103,0.365539,0.195016,0.578,0.1541,0.0435,0.115,ok
KPC3_3833,0.0,0.0,0.0,0.0,0.0,0.273,0.1655,0.0132,0.0,ok
KPC3_383_1,0.011817,0.0,0.011817,0.294629,0.011817,0.49,0.1032,0.0246,0.0563,ok
KPC3_383_3,0.260561,0.032455,0.260561,0.532756,0.528693,0.725,0.0761,0.1563,0.3184,ok
KPC3_383_7,0.086969,0.013075,0.086969,0.329411,0.270212,0.622,0.0863,0.0387,0.1424,ok
KPC3_384_4,0.378499,0.041868,0.378499,0.598243,0.594283,0.776,0.126,0.1981,0.3613,ok
KPC3_384_5,0.262195,0.030812,0.262195,0.513139,0.50746,0.738,0.1569,0.1591,0.2872,ok
KPC3_384_6,0.343658,0.037243,0.343658,0.570085,0.566033,0.773,0.1067,0.1849,0.3477,ok
KPC3_384_9,0.358821,0.046235,0.358821,0.624925,0.621042,0.788,0.2746,0.3673,0.3989,ok
KPC3_3850,0.015262,0.0,0.015262,0.340871,0.080856,0.524,0.1807,0.022,0.0682,ok
KPC3_3856,0.0,0.0,0.0,0.0,0.0,0.379,0.2151,0.0189,0.0377,ok
KPC3_3859,0.151418,0.046917,0.151418,0.407128,0.39863,0.645,0.2444,0.0406,0.1895,ok
KPC3_385_2,0.072963,0.011874,0.072963,0.336564,0.135546,0.619,0.1585,0.0288,0.0861,ok
KPC3_385_4,0.0,0.0,0.0,0.0,0.0,0.159,0.1063,0.0117,0.0,ok
KPC3_385_8,0.011001,0.0,0.011001,0.291096,0.011001,0.319,0.1557,0.0141,0.0315,ok
KPC3_3869,0.012448,0.0,0.012448,0.322263,0.012448,0.414,0.1684,0.0179,0.0534,ok
KPC3_386_0,0.0,0.0,0.0,0.0,0.0,0.33,0.1554,0.0151,0.0023,ok
KPC3_386_4,0.011598,0.0,0.011598,0.311124,0.011598,0.487,0.0928,0.0289,0.0487,ok
KPC3_386_6,0.0,0.0,0.0,0.0,0.0,0.366,0.0815,0.018,0.0226,ok
KPC3_386_9,0.011854,0.0,0.011854,0.315825,0.011854,0.382,0.1217,0.0172,0.0383,ok
KPC3_3871,0.349867,0.059684,0.349867,0.457548,0.450907,0.727,0.2694,0.0595,0.2517,ok
KPC3_3886,0.0,0.0,0.0,0.0,0.0,0.372,0.0943,0.0179,0.0,ok
KPC3_388_0,0.0,0.0,0.0,0.0,0.0,0.311,0.1279,0.0127,0.0108,ok
KPC3_388_1,0.011951,0.0,0.011951,0.303382,0.017429,0.489,0.0576,0.0242,0.0545,ok
KPC3_388_2,0.172421,0.017127,0.172421,0.380441,0.367599,0.645,0.0728,0.0509,0.1823,ok
KPC3_388_3,0.737936,0.183337,0.737936,0.86305,0.86127,0.893,0.1539,0.5279,0.6138,ok
KPC3_388_5,0.310249,0.023831,0.310249,0.459662,0.455775,0.701,0.1453,0.1,0.2866,ok
KPC3_3890,0.428228,0.063969,0.428228,0.497586,0.485621,0.746,0.1466,0.0588,0.304,ok
KPC3_3891,0.208685,0.028352,0.208685,0.44539,0.303696,0.659,0.2432,0.0409,0.1663,ok
KPC3_3894,0.0,0.0,0.0,0.0,0.0,0.206,0.0939,0.0112,0.0,ok
KPC3_3897,0.366703,0.069649,0.366703,0.527799,0.521818,0.74,0.2467,0.0731,0.3034,ok
KPC3_3899,0.0,0.0,0.0,0.0,0.0,0.232,0.0861,0.0123,0.0,ok
KPC3_3902,0.598045,0.104588,0.598045,0.773302,0.771295,0.836,0.3566,0.2863,0.5283,ok
KPC3_3904,0.09453,0.015828,0.09453,0.365423,0.348319,0.628,0.1868,0.0365,0.1602,ok
KPC3_3906,0.011605,0.0,0.011605,0.299129,0.011605,0.433,0.1676,0.0192,0.0465,ok
KPC3_3907,0.145052,0.014935,0.145052,0.353307,0.316526,0.606,0.1469,0.0354,0.1451,ok
KPC3_3907_2,0.145052,0.014935,0.145052,0.353307,0.316526,0.606,0.1469,0.0354,0.1451,ok
KPC3_3907_3,0.266498,0.018961,0.266498,0.406747,0.396888,0.682,0.0758,0.0424,0.2224,ok
KPC3_3907_4,0.04268,0.016269,0.04268,0.373301,0.35122,0.585,0.0782,0.0477,0.1616,ok
KPC3_3908,0.131126,0.021095,0.131126,0.426101,0.420855,0.637,0.2118,0.0573,0.2251,ok
KPC3_390_4,0.327733,0.024696,0.327733,0.400868,0.363125,0.702,0.1794,0.0664,0.2121,ok
KPC3_390_5,0.0,0.0,0.0,0.0,0.0,0.417,0.0647,0.0228,0.028,ok
KPC3_3910,0.529365,0.108335,0.529365,0.790473,0.789415,0.846,0.3144,0.3409,0.5172,ok
KPC3_3910_2,0.529365,0.108335,0.529365,0.790473,0.789415,0.846,0.3144,0.3409,0.5172,ok
KPC3_3910_3,0.636775,0.134279,0.636775,0.817974,0.817028,0.867,0.2985,0.3554,0.5403,ok
KPC3_3910_4,0.051307,0.025041,0.051307,0.469171,0.465892,0.651,0.2762,0.0872,0.2689,ok
KPC3_3911,0.052801,0.023636,0.052801,0.450537,0.445681,0.64,0.2906,0.0865,0.2367,ok
KPC3_3915,0.283662,0.040621,0.283662,0.569002,0.565917,0.729,0.1251,0.1288,0.3332,ok
KPC3_3917,0.464381,0.071533,0.464381,0.725563,0.722924,0.823,0.1808,0.2341,0.4704,ok
KPC3_3918,0.46766,0.110962,0.46766,0.789279,0.78823,0.856,0.3434,0.3535,0.5023,ok
KPC3_391_1,0.010976,0.0,0.010976,0.285523,0.010976,0.346,0.0839,0.0164,0.0381,ok
KPC3_391_6,0.064266,0.013003,0.064266,0.372451,0.146964,0.562,0.1037,0.045,0.1181,ok
KPC3_391_7,0.011262,0.0,0.011262,0.290871,0.011262,0.355,0.0618,0.0162,0.0346,ok
KPC3_391_8,0.170473,0.01327,0.170473,0.377918,0.21875,0.64,0.1034,0.0454,0.1442,ok
KPC3_391_9,0.339984,0.031936,0.339984,0.523822,0.520777,0.712,0.1623,0.1688,0.3346,ok
KPC3_3920,0.013525,0.013422,0.013525,0.331766,0.291236,0.588,0.1356,0.0345,0.1137,ok
KPC3_3923,0.516204,0.060916,0.516204,0.693283,0.690649,0.804,0.27,0.16,0.4485,ok
KPC3_3924,0.070474,0.020161,0.070474,0.419378,0.412578,0.647,0.1774,0.0593,0.2128,ok
KPC3_3928,0.32426,0.024484,0.32426,0.46955,0.460958,0.669,0.2558,0.0586,0.2711,ok
KPC3_3929,0.015182,0.012057,0.015182,0.356789,0.330455,0.5,0.1388,0.0284,0.1236,ok
KPC3_3934,0.0,0.0,0.0,0.0,0.0,0.368,0.3543,0.0144,0.0,ok
KPC3_3937,0.0,0.0,0.0,0.0,0.0,0.321,0.1352,0.0149,0.0012,ok
KPC3_3943,0.0,0.0,0.0,0.0,0.0,0.278,0.0821,0.013,0.0,ok
KPC3_3944,0.316055,0.029661,0.316055,0.517169,0.513145,0.745,0.1803,0.0859,0.3179,ok
KPC3_3945,0.010834,0.0,0.010834,0.280272,0.010834,0.425,0.1102,0.0208,0.0445,ok
KPC3_3949,0.302158,0.024406,0.302158,0.464757,0.456725,0.705,0.1375,0.1,0.2761,ok
KPC3_394_1,0.0,0.0,0.0,0.0,0.0,0.427,0.1225,0.0185,0.0166,ok
KPC3_394_2,0.35333,0.032957,0.35333,0.538129,0.534034,0.769,0.0905,0.1,0.3378,ok
KPC3_395_0,0.697625,0.153376,0.697625,0.850751,0.849151,0.895,0.1821,0.5354,0.6124,ok
KPC3_395_4,0.0,0.0,0.0,0.0,0.0,0.391,0.0679,0.0147,0.0197,ok
KPC3_395_8,0.020477,0.011643,0.020477,0.32151,0.060941,0.577,0.1275,0.03,0.0869,ok
KPC3_3962,0.196833,0.021521,0.196833,0.437463,0.424871,0.706,0.1193,0.0483,0.2148,ok
KPC3_3964,0.019318,0.011411,0.019318,0.355528,0.058977,0.52,0.2912,0.0272,0.0958,ok
KPC3_3966,0.014327,0.012041,0.014327,0.343311,0.321849,0.537,0.1592,0.0462,0.119,ok
KPC3_3969,0.0,0.0,0.0,0.0,0.0,0.416,0.0648,0.0169,0.0351,ok
KPC3_396_0,0.292888,0.030679,0.292888,0.518821,0.512376,0.72,0.1022,0.1261,0.2962,ok
KPC3_396_5,0.367437,0.047529,0.367437,0.627543,0.623791,0.769,0.1935,0.2402,0.3736,ok
KPC3_396_7,0.62294,0.098172,0.62294,0.786495,0.784321,0.864,0.1961,0.3644,0.553,ok
KPC3_396_9,0.314131,0.028194,0.314131,0.499386,0.492081,0.727,0.1082,0.1265,0.293,ok
KPC3_3979,0.0,0.0,0.0,0.0,0.0,0.451,0.2545,0.0174,0.028,ok
KPC3_3987,0.0,0.0,0.0,0.0,0.0,0.381,0.1887,0.014,0.0123,ok
KPC3_3989,0.011466,0.011077,0.011466,0.303643,0.011466,0.478,0.1765,0.0199,0.0557,ok
KPC3_398_5,0.0,0.0,0.0,0.0,0.0,0.211,0.0383,0.0127,0.0,ok
KPC3_398_8,0.0,0.0,0.0,0.0,0.0,0.388,0.0928,0.0166,0.011,ok
KPC3_3990,0.016944,0.012807,0.016944,0.374665,0.36233,0.518,0.2239,0.0387,0.1645,ok
KPC3_3998,0.531005,0.091366,0.531005,0.751794,0.749464,0.826,0.3304,0.2894,0.489,ok
KPC3_3999,0.443778,0.045248,0.443778,0.609328,0.60555,0.796,0.1474,0.122,0.3804,ok
KPC3_399_0,0.0,0.0,0.0,0.0,0.0,0.266,0.3337,0.014,0.0164,ok
KPC3_399_1,0.135609,0.01481,0.135609,0.362796,0.321535,0.594,0.1875,0.0433,0.1381,ok
KPC3_399_4,0.0,0.0,0.0,0.0,0.0,0.206,0.1101,0.0134,0.0102,ok
KPC3_399_9,0.0,0.0,0.0,0.0,0.0,0.306,0.2054,0.0147,0.0236,ok
KPC3_39_0,0.101283,0.012957,0.101283,0.345532,0.186942,0.614,0.1343,0.0369,0.1236,ok
KPC3_39_3,0.0,0.0,0.0,0.0,0.0,0.344,0.0559,0.0176,0.008,ok
KPC3_4002,0.236626,0.04778,0.236626,0.621027,0.619504,0.734,0.1617,0.191,0.3641,ok
KPC3_4003,0.027968,0.014432,0.027968,0.486528,0.48411,0.667,0.3409,0.1189,0.2725,ok
KPC3_4005,0.381498,0.054538,0.381498,0.634446,0.632262,0.764,0.2536,0.2145,0.3869,ok
KPC3_400_1,0.476555,0.050097,0.476555,0.581492,0.577809,0.78,0.2705,0.1747,0.3947,ok
KPC3_400_2,0.194456,0.016895,0.194456,0.38086,0.372841,0.674,0.2601,0.0478,0.1861,ok
KPC3_400_4,0.0,0.0,0.0,0.0,0.0,0.264,0.117,0.0123,0.0,ok
KPC3_400_5,0.0,0.0,0.0,0.0,0.0,0.307,0.1016,0.0163,0.0207,ok
KPC3_400_6,0.0,0.0,0.0,0.0,0.0,0.471,0.2254,0.0191,0.0188,ok
KPC3_400_7,0.027776,0.012317,0.027776,0.33185,0.156762,0.561,0.0759,0.0299,0.1062,ok
KPC3_400_9,0.0,0.0,0.0,0.0,0.0,0.331,0.133,0.0142,0.0157,ok
KPC3_4021,0.271543,0.033935,0.271543,0.545316,0.541212,0.76,0.164,0.1406,0.3207,ok
KPC3_4029,0.297712,0.045655,0.297712,0.610833,0.606944,0.756,0.1271,0.1343,0.3681,ok
KPC3_402_6,0.0759,0.01194,0.0759,0.367882,0.15561,0.607,0.207,0.0472,0.1081,ok
KPC3_4030,0.439909,0.036256,0.439909,0.571348,0.568249,0.759,0.3969,0.1565,0.3833,ok
KPC3_4031,0.062781,0.022082,0.062781,0.440731,0.430548,0.662,0.1215,0.0449,0.2228,ok
KPC3_4040,0.0,0.0,0.0,0.0,0.0,0.339,0.2057,0.0155,0.0226,ok
KPC3_4047,0.0,0.0,0.0,0.0,0.0,0.376,0.1773,0.0194,0.0,ok
KPC3_4048,0.0,0.0,0.0,0.0,0.0,0.322,0.0389,0.0163,0.0,ok
KPC3_404_4,0.012097,0.01103,0.012097,0.307358,0.012097,0.458,0.1224,0.0307,0.0618,ok
KPC3_404_8,0.36472,0.024534,0.36472,0.46872,0.463283,0.742,0.1725,0.1213,0.2815,ok
KPC3_4051,0.029338,0.01843,0.029338,0.403879,0.380798,0.563,0.3029,0.0362,0.1623,ok
KPC3_4053,0.01756,0.013263,0.01756,0.394864,0.371818,0.521,0.255,0.0311,0.1731,ok
KPC3_4054,0.0,0.0,0.0,0.0,0.0,0.302,0.0773,0.0119,0.0,ok
KPC3_4056,0.024431,0.012443,0.024431,0.338142,0.091854,0.516,0.1591,0.024,0.1025,ok
KPC3_4057,0.012874,0.0,0.012874,0.323697,0.188183,0.355,0.246,0.0216,0.0589,ok
KPC3_4059,0.095619,0.036685,0.095619,0.477444,0.474426,0.691,0.2304,0.0628,0.2531,ok
KPC3_405_1,0.0,0.0,0.0,0.0,0.0,0.263,0.0959,0.0127,0.0,ok
KPC3_405_6,0.0,0.0,0.0,0.0,0.0,0.277,0.1488,0.0131,0.0042,ok
KPC3_405_7,0.044786,0.012601,0.044786,0.342188,0.098143,0.554,0.1204,0.0314,0.1012,ok
KPC3_4060,0.538814,0.106849,0.538814,0.765943,0.763145,0.838,0.1497,0.3881,0.4952,ok
KPC3_4061,0.0,0.0,0.0,0.0,0.0,0.367,0.0441,0.0214,0.0207,ok
KPC3_4070,0.283514,0.026196,0.283514,0.472027,0.469662,0.665,0.2252,0.0971,0.2824,ok
KPC3_4072,0.66464,0.148377,0.66464,0.849036,0.847798,0.891,0.2786,0.3206,0.5875,ok
KPC3_4073,0.133232,0.019418,0.133232,0.407543,0.396366,0.662,0.0846,0.0619,0.2144,ok
KPC3_4074,0.050788,0.013938,0.050788,0.330847,0.305942,0.607,0.0964,0.0393,0.1469,ok
KPC3_4076,0.448682,0.051413,0.448682,0.647774,0.643308,0.808,0.29,0.2301,0.417,ok
KPC3_407_7,0.474342,0.03932,0.474342,0.586557,0.582825,0.786,0.1124,0.169,0.408,ok
KPC3_4080,0.017425,0.013293,0.017425,0.380604,0.370464,0.551,0.1918,0.0388,0.1807,ok
KPC3_4081,0.087427,0.030959,0.087427,0.521932,0.517052,0.7,0.1911,0.1116,0.2857,ok
KPC3_4088,0.325857,0.038185,0.325857,0.574477,0.570503,0.781,0.4328,0.2214,0.3389,ok
KPC3_408_6,0.057255,0.015648,0.057255,0.366151,0.343758,0.58,0.1394,0.0356,0.1485,ok
KPC3_408_7,0.013402,0.0,0.013402,0.331008,0.021602,0.418,0.0855,0.0185,0.0575,ok
KPC3_4093,0.685172,0.240595,0.685172,0.911916,0.91142,0.925,0.5003,0.524,0.6414,ok
KPC3_4096,0.446641,0.045732,0.446641,0.593272,0.586972,0.684,0.0814,0.095,0.3671,ok
KPC3_4097,0.152729,0.023789,0.152729,0.454013,0.451764,0.678,0.2763,0.0809,0.2395,ok
KPC3_409_8,0.281597,0.018315,0.281597,0.400579,0.392295,0.691,0.235,0.0702,0.2303,ok
KPC3_4102,0.522493,0.08759,0.522493,0.617296,0.614481,0.777,0.3091,0.1234,0.4193,ok
KPC3_4112,0.451525,0.074355,0.451525,0.727522,0.72561,0.828,0.2056,0.192,0.4574,ok
KPC3_4116,0.286814,0.047836,0.286814,0.6268,0.623798,0.768,0.2306,0.1521,0.3524,ok
KPC3_411_7,0.011716,0.0,0.011716,0.301079,0.011716,0.419,0.0958,0.0272,0.0441,ok
KPC3_4120,0.017395,0.013164,0.017395,0.328764,0.274837,0.565,0.1337,0.0294,0.1175,ok
KPC3_4123,0.573737,0.055282,0.573737,0.606658,0.6032,0.783,0.2362,0.1201,0.4211,ok
KPC3_4124,0.010991,0.0,0.010991,0.289011,0.010991,0.359,0.1547,0.0218,0.0399,ok
KPC3_4127,0.249421,0.024772,0.249421,0.47368,0.467526,0.695,0.23,0.0727,0.268,ok
KPC3_4128,0.012998,0.012751,0.012998,0.323687,0.241488,0.431,0.219,0.022,0.1046,ok
KPC3_412_0,0.177951,0.016304,0.177951,0.374366,0.360275,0.642,0.1946,0.0631,0.1836,ok
KPC3_412_1,0.014922,0.0,0.014922,0.353699,0.053571,0.505,0.1754,0.0237,0.0798,ok
KPC3_412_2,0.0,0.0,0.0,0.0,0.0,0.344,0.0884,0.0145,0.0234,ok
KPC3_412_8,0.239891,0.024133,0.239891,0.465728,0.461158,0.663,0.1139,0.1129,0.255,ok
KPC3_4132,0.0,0.0,0.0,0.0,0.0,0.275,0.1285,0.0123,0.0,ok
KPC3_4135,0.110048,0.016757,0.110048,0.391147,0.329766,0.581,0.412,0.0267,0.1577,ok
KPC3_413_4,0.049161,0.0,0.049161,0.334366,0.077691,0.551,0.0653,0.024,0.0659,ok
KPC3_413_8,0.011862,0.0,0.011862,0.296591,0.011862,0.456,0.0784,0.0141,0.0398,ok
KPC3_4146,0.504526,0.051569,0.504526,0.632865,0.630026,0.8,0.2071,0.1509,0.3941,ok
KPC3_4149,0.01498,0.012129,0.01498,0.352609,0.326646,0.52,0.1656,0.0298,0.1089,ok
KPC3_414_0,0.011947,0.011699,0.011947,0.3116,0.026733,0.531,0.2586,0.0262,0.0693,ok
KPC3_414_1,0.0,0.0,0.0,0.0,0.0,0.41,0.1135,0.0163,0.015,ok
KPC3_414_4,0.0,0.0,0.0,0.0,0.0,0.36,0.1807,0.0154,0.0114,ok
KPC3_414_5,0.0,0.0,0.0,0.0,0.0,0.272,0.1577,0.0138,0.0,ok
KPC3_414_6,0.0,0.0,0.0,0.0,0.0,0.299,0.1232,0.0166,0.0,ok
KPC3_414_7,0.0,0.0,0.0,0.0,0.0,0.426,0.1285,0.02,0.014,ok
KPC3_414_8,0.013499,0.011034,0.013499,0.338999,0.013499,0.522,0.2931,0.0277,0.0555,ok
KPC3_4154,0.059982,0.017908,0.059982,0.390057,0.381465,0.633,0.2434,0.0527,0.1984,ok
KPC3_4155,0.613348,0.136938,0.613348,0.834379,0.833506,0.878,0.1894,0.2322,0.5466,ok
KPC3_4156,0.046447,0.016788,0.046447,0.371114,0.361218,0.582,0.2195,0.0459,0.1913,ok
KPC3_4158,0.613594,0.131045,0.613594,0.808161,0.806767,0.859,0.2274,0.3228,0.5422,ok
KPC3_415_0,0.0,0.0,0.0,0.0,0.0,0.413,0.053,0.0218,0.0254,ok
KPC3_415_2,0.222573,0.017416,0.222573,0.379266,0.364983,0.672,0.1178,0.0771,0.2181,ok
KPC3_415_3,0.045568,0.0,0.045568,0.325808,0.07539,0.58,0.0566,0.033,0.0823,ok
KPC3_4168,0.082491,0.033036,0.082491,0.353158,0.33515,0.644,0.2231,0.031,0.1382,ok
KPC3_416_0,0.0,0.0,0.0,0.0,0.0,0.402,0.1144,0.0209,0.0177,ok
KPC3_416_4,0.0,0.0,0.0,0.0,0.0,0.152,0.0399,0.0118,0.0,ok
KPC3_4171,0.070038,0.01293,0.070038,0.352738,0.281218,0.576,0.1014,0.0242,0.1229,ok
KPC3_4175,0.457215,0.119495,0.457215,0.607013,0.602796,0.785,0.4901,0.2497,0.3929,ok
KPC3_417_9,0.449626,0.065916,0.449626,0.709404,0.706681,0.812,0.1164,0.2307,0.4695,ok
KPC3_4183,0.0,0.0,0.0,0.0,0.0,0.398,0.1239,0.0185,0.0373,ok
KPC3_4185,0.01162,0.0,0.01162,0.302645,0.01162,0.319,0.2375,0.0167,0.0455,ok
KPC3_4188,0.0,0.0,0.0,0.0,0.0,0.245,0.209,0.0125,0.0,ok
KPC3_418_5,0.205835,0.016068,0.205835,0.374266,0.358303,0.606,0.1378,0.045,0.171,ok
KPC3_4196,0.013318,0.012574,0.013318,0.336602,0.215324,0.483,0.1339,0.0224,0.0891,ok
KPC3_419_0,0.013872,0.0,0.013872,0.328392,0.022352,0.533,0.0801,0.0197,0.0521,ok
KPC3_419_4,0.393889,0.024976,0.393889,0.470396,0.455322,0.759,0.0783,0.0892,0.3124,ok
KPC3_419_5,0.494062,0.041927,0.494062,0.603545,0.599609,0.811,0.1257,0.1634,0.4339,ok
KPC3_419_9,0.0,0.0,0.0,0.0,0.0,0.333,0.1096,0.0148,0.0181,ok
KPC3_41_9,0.225103,0.021013,0.225103,0.431422,0.426023,0.678,0.1037,0.0563,0.2344,ok
KPC3_4204,0.408809,0.035801,0.408809,0.569622,0.565703,0.787,0.2705,0.1367,0.3522,ok
KPC3_420_0,0.0,0.0,0.0,0.0,0.0,0.322,0.1441,0.0132,0.0,ok
KPC3_420_4,0.257928,0.018235,0.257928,0.402568,0.388897,0.658,0.1358,0.0694,0.2123,ok
KPC3_420_7,0.013491,0.0,0.013491,0.332756,0.05266,0.491,0.1121,0.0214,0.0805,ok
KPC3_4210,0.195624,0.017744,0.195624,0.39828,0.371965,0.604,0.1995,0.0432,0.1639,ok
KPC3_4212,0.296307,0.026682,0.296307,0.432838,0.42095,0.65,0.3323,0.0515,0.204,ok
KPC3_421_1,0.05275,0.014548,0.05275,0.353247,0.331891,0.567,0.1768,0.0336,0.1409,ok
KPC3_421_4,0.0,0.0,0.0,0.0,0.0,0.277,0.0882,0.0133,0.0111,ok
KPC3_423_0,0.113739,0.014201,0.113739,0.349109,0.301692,0.642,0.099,0.0574,0.17,ok
KPC3_423_1,0.356307,0.034807,0.356307,0.553183,0.549076,0.768,0.1173,0.1432,0.3418,ok
KPC3_423_2,0.094227,0.021894,0.094227,0.436123,0.429543,0.672,0.0794,0.0664,0.2451,ok
KPC3_4246,0.383527,0.036028,0.383527,0.560985,0.555851,0.706,0.2586,0.0619,0.3393,ok
KPC3_4253,0.012201,0.0,0.012201,0.315157,0.015911,0.462,0.1591,0.0198,0.0446,ok
KPC3_425_8,0.0,0.0,0.0,0.0,0.0,0.34,0.1289,0.014,0.0139,ok
KPC3_4260,0.083991,0.02239,0.083991,0.443255,0.434703,0.625,0.119,0.0475,0.2175,ok
KPC3_4263,0.26215,0.023585,0.26215,0.46103,0.455517,0.689,0.2286,0.0628,0.2772,ok
KPC3_4265,0.179076,0.017698,0.179076,0.390325,0.383505,0.661,0.1466,0.0533,0.2163,ok
KPC3_4266,0.0,0.0,0.0,0.0,0.0,0.343,0.1342,0.0148,0.0,ok
KPC3_426_5,0.041243,0.01355,0.041243,0.323812,0.208183,0.57,0.0974,0.0406,0.1106,ok
KPC3_426_8,0.597728,0.092313,0.597728,0.775119,0.772229,0.863,0.2033,0.433,0.5281,ok
KPC3_4272,0.490846,0.069141,0.490846,0.715456,0.712117,0.829,0.1962,0.2243,0.471,ok
KPC3_4273,0.135469,0.025485,0.135469,0.460944,0.456198,0.633,0.2768,0.0909,0.2547,ok
KPC3_4277,0.077006,0.018928,0.077006,0.397466,0.388789,0.628,0.1211,0.064,0.2065,ok
KPC3_4278,0.018871,0.013061,0.018871,0.397785,0.388271,0.585,0.2092,0.0559,0.1925,ok
KPC3_427_5,0.025653,0.012081,0.025653,0.315104,0.2101,0.571,0.257,0.0406,0.1125,ok
KPC3_428_3,0.0,0.0,0.0,0.0,0.0,0.473,0.0894,0.0206,0.0257,ok
KPC3_428_6,0.498537,0.053366,0.498537,0.657171,0.654293,0.808,0.2045,0.245,0.474,ok
KPC3_428_9,0.02609,0.01234,0.02609,0.321041,0.081465,0.603,0.0994,0.0387,0.0978,ok
KPC3_4291,0.436136,0.050147,0.436136,0.570891,0.566581,0.73,0.3217,0.1335,0.3633,ok
KPC3_4297,0.0,0.0,0.0,0.0,0.0,0.167,0.126,0.0118,0.0,ok
KPC3_429_9,0.01172,0.011223,0.01172,0.302377,0.080778,0.407,0.1318,0.0232,0.0696,ok
KPC3_4304,0.0,0.0,0.0,0.0,0.0,0.337,0.2843,0.0167,0.0082,ok
KPC3_4306,0.012067,0.011395,0.012067,0.31059,0.171777,0.491,0.1764,0.0214,0.0747,ok
KPC3_430_0,0.304899,0.033249,0.304899,0.544175,0.539367,0.738,0.212,0.1506,0.3388,ok
KPC3_430_1,0.431978,0.043548,0.431978,0.606044,0.603007,0.767,0.2616,0.186,0.4165,ok
KPC3_430_3,0.0,0.0,0.0,0.0,0.0,0.357,0.038,0.0183,0.0,ok
KPC3_430_4,0.0,0.0,0.0,0.0,0.0,0.476,0.0806,0.0224,0.0344,ok
KPC3_430_7,0.096616,0.018667,0.096616,0.399147,0.386542,0.627,0.1413,0.0578,0.2003,ok
KPC3_4311,0.015023,0.012722,0.015023,0.366121,0.328332,0.548,0.3039,0.0244,0.1065,ok
KPC3_4312,0.073126,0.01808,0.073126,0.407521,0.383431,0.583,0.2856,0.0356,0.1646,ok
KPC3_4316,0.634677,0.247852,0.634677,0.766647,0.76613,0.87,0.2114,0.1465,0.5254,ok
KPC3_4328,0.01109,0.011073,0.01109,0.29961,0.01109,0.424,0.1743,0.0184,0.0549,ok
KPC3_432_1,0.012902,0.012245,0.012902,0.312061,0.190867,0.571,0.0824,0.0299,0.0955,ok
KPC3_432_4,0.367318,0.043338,0.367318,0.606036,0.602081,0.786,0.1281,0.1858,0.3861,ok
KPC3_432_5,0.225856,0.02603,0.225856,0.476497,0.472381,0.715,0.1112,0.1033,0.2851,ok
KPC3_432_8,0.012158,0.0,0.012158,0.299445,0.012158,0.503,0.0993,0.0239,0.0602,ok
KPC3_4331,0.0,0.0,0.0,0.0,0.0,0.301,0.1363,0.0129,0.0,ok
KPC3_4335,0.032376,0.014001,0.032376,0.336164,0.105111,0.631,0.1892,0.0288,0.0984,ok
KPC3_433_0,0.013251,0.012716,0.013251,0.320629,0.044047,0.57,0.1104,0.0312,0.0905,ok
KPC3_433_4,0.0,0.0,0.0,0.0,0.0,0.383,0.084,0.0172,0.0102,ok
KPC3_433_9,0.070601,0.014075,0.070601,0.333888,0.310549,0.616,0.0804,0.0497,0.1556,ok
KPC3_434_2,0.011095,0.010707,0.011095,0.295387,0.011095,0.51,0.1802,0.0231,0.0436,ok
KPC3_435_3,0.0,0.0,0.0,0.0,0.0,0.14,0.0757,0.0112,0.0,ok
KPC3_435_6,0.012124,0.0,0.012124,0.318868,0.01581,0.375,0.104,0.013,0.0512,ok
KPC3_435_7,0.0,0.0,0.0,0.0,0.0,0.174,0.0723,0.012,0.0,ok
KPC3_4361,0.072433,0.025696,0.072433,0.477883,0.472971,0.682,0.2049,0.0774,0.2619,ok
KPC3_4366,0.234742,0.035991,0.234742,0.537422,0.533564,0.671,0.1949,0.1574,0.3082,ok
KPC3_436_0,0.111237,0.015744,0.111237,0.359951,0.353206,0.642,0.1285,0.0711,0.1834,ok
KPC3_436_5,0.291374,0.026702,0.291374,0.486601,0.480965,0.719,0.1202,0.0824,0.2888,ok
KPC3_436_8,0.0,0.0,0.0,0.0,0.0,0.35,0.0778,0.0158,0.011,ok
KPC3_4372,0.092335,0.035045,0.092335,0.355927,0.312403,0.629,0.1677,0.038,0.1367,ok
KPC3_4379,0.013361,0.012258,0.013361,0.336439,0.292963,0.551,0.296,0.026,0.1075,ok
KPC3_437_3,0.012362,0.0,0.012362,0.324903,0.012362,0.339,0.1428,0.0174,0.0481,ok
KPC3_437_8,0.095224,0.014534,0.095224,0.364903,0.322737,0.533,0.1102,0.0481,0.148,ok
KPC3_4385,0.417142,0.046609,0.417142,0.620269,0.616525,0.781,0.1364,0.1279,0.4103,ok
KPC3_4388,0.016496,0.013252,0.016496,0.367781,0.356418,0.571,0.2258,0.0416,0.167,ok
KPC3_438_0,0.0,0.0,0.0,0.0,0.0,0.349,0.1694,0.017,0.028,ok
KPC3_438_4,0.0,0.0,0.0,0.0,0.0,0.231,0.2429,0.0128,0.0,ok
KPC3_438_7,0.027931,0.0,0.027931,0.357247,0.064995,0.434,0.2303,0.0184,0.095,ok
KPC3_4391,0.0,0.0,0.0,0.0,0.0,0.165,0.112,0.0103,0.0,ok
KPC3_4394,0.0,0.0,0.0,0.0,0.0,0.478,0.1486,0.0189,0.041,ok
KPC3_439_7,0.0,0.0,0.0,0.0,0.0,0.403,0.1598,0.023,0.0195,ok
KPC3_439_8,0.0,0.0,0.0,0.0,0.0,0.41,0.1324,0.0215,0.0226,ok
KPC3_4400,0.0,0.0,0.0,0.0,0.0,0.322,0.0468,0.0152,0.0,ok
KPC3_4404,0.0,0.0,0.0,0.0,0.0,0.307,0.3624,0.0147,0.0,ok
KPC3_440_5,0.13309,0.015353,0.13309,0.350062,0.333986,0.646,0.0659,0.0462,0.1913,ok
KPC3_4419,0.31637,0.078139,0.31637,0.469419,0.465072,0.724,0.2021,0.0653,0.2649,ok
KPC3_441_0,0.0,0.0,0.0,0.0,0.0,0.435,0.0957,0.023,0.0242,ok
KPC3_441_1,0.0,0.0,0.0,0.0,0.0,0.282,0.1114,0.0193,0.0148,ok
KPC3_441_2,0.050891,0.013017,0.050891,0.339142,0.258252,0.543,0.1422,0.048,0.1213,ok
KPC3_441_4,0.0,0.0,0.0,0.0,0.0,0.242,0.0668,0.0147,0.0,ok
KPC3_441_7,0.0,0.0,0.0,0.0,0.0,0.292,0.0805,0.014,0.0,ok
KPC3_4420,0.407219,0.044377,0.407219,0.612268,0.60931,0.752,0.3514,0.1408,0.3707,ok
KPC3_4421,0.018191,0.016082,0.018191,0.391768,0.385758,0.616,0.2176,0.0588,0.1816,ok
KPC3_4422,0.236916,0.02421,0.236916,0.456692,0.452849,0.703,0.2011,0.0756,0.2487,ok
KPC3_4424,0.062312,0.017576,0.062312,0.386502,0.371918,0.507,0.1522,0.0303,0.1721,ok
KPC3_4428,0.012213,0.011787,0.012213,0.307396,0.241939,0.479,0.2401,0.0284,0.0856,ok
KPC3_442_0,0.0,0.0,0.0,0.0,0.0,0.22,0.2518,0.0143,0.0065,ok
KPC3_442_5,0.0,0.0,0.0,0.0,0.0,0.372,0.256,0.0165,0.021,ok
KPC3_442_7,0.0,0.0,0.0,0.0,0.0,0.166,0.1569,0.011,0.0,ok
KPC3_4434,0.0,0.0,0.0,0.0,0.0,0.425,0.1509,0.0177,0.0231,ok
KPC3_443_1,0.527588,0.079281,0.527588,0.742675,0.740147,0.85,0.1557,0.2533,0.4791,ok
KPC3_443_2,0.036453,0.012892,0.036453,0.323053,0.171868,0.587,0.0658,0.0351,0.1111,ok
KPC3_443_3,0.360293,0.046062,0.360293,0.621342,0.617444,0.794,0.1412,0.1687,0.3675,ok
KPC3_444_1,0.011939,0.0,0.011939,0.311048,0.011939,0.367,0.1525,0.0165,0.0594,ok
KPC3_444_3,0.470698,0.076068,0.470698,0.550843,0.546399,0.777,0.4003,0.2,0.4034,ok
KPC3_444_5,0.155459,0.013773,0.155459,0.372614,0.301958,0.608,0.0869,0.0517,0.1495,ok
KPC3_4452,0.0,0.0,0.0,0.0,0.0,0.332,0.186,0.0149,0.0083,ok
KPC3_4455,0.012166,0.0,0.012166,0.304868,0.012166,0.447,0.1023,0.0158,0.0566,ok
KPC3_4458,0.155045,0.025729,0.155045,0.475714,0.471778,0.685,0.183,0.0822,0.2675,ok
KPC3_4459,0.296309,0.032428,0.296309,0.541995,0.538004,0.719,0.2734,0.106,0.3227,ok
KPC3_445_9,0.555145,0.072643,0.555145,0.682803,0.680282,0.786,0.1415,0.4285,0.4645,ok
KPC3_446_4,0.595552,0.110301,0.595552,0.804738,0.802162,0.875,0.2254,0.6016,0.5587,ok
KPC3_4471,0.052934,0.027981,0.052934,0.496098,0.492947,0.671,0.3917,0.1065,0.2758,ok
KPC3_4473,0.0,0.0,0.0,0.0,0.0,0.39,0.3064,0.0195,0.0184,ok
KPC3_4478,0.038242,0.014,0.038242,0.335713,0.310178,0.56,0.2151,0.0445,0.1319,ok
KPC3_447_9,0.051155,0.012605,0.051155,0.346306,0.194047,0.58,0.0624,0.0311,0.1319,ok
KPC3_4480,0.148161,0.020338,0.148161,0.424118,0.408462,0.585,0.1734,0.0501,0.2003,ok
KPC3_4482,0.0,0.0,0.0,0.0,0.0,0.311,0.1055,0.0143,0.0,ok
KPC3_4488,0.514065,0.049798,0.514065,0.638931,0.635394,0.808,0.2748,0.1499,0.4312,ok
KPC3_448_2,0.0,0.0,0.0,0.0,0.0,0.266,0.1335,0.014,0.0126,ok
KPC3_448_7,0.0,0.0,0.0,0.0,0.0,0.178,0.0767,0.0118,0.0,ok
KPC3_448_9,0.0,0.0,0.0,0.0,0.0,0.188,0.1252,0.0122,0.0,ok
KPC3_449_0,0.0,0.0,0.0,0.0,0.0,0.366,0.2471,0.015,0.0174,ok
KPC3_449_1,0.012495,0.011057,0.012495,0.324225,0.080706,0.53,0.2248,0.0257,0.0727,ok
KPC3_449_2,0.0,0.0,0.0,0.0,0.0,0.24,0.2265,0.0125,0.0,ok
KPC3_449_3,0.0,0.0,0.0,0.0,0.0,0.262,0.1488,0.0129,0.0,ok
KPC3_449_4,0.0,0.0,0.0,0.0,0.0,0.245,0.1158,0.0133,0.0,ok
KPC3_449_5,0.0,0.0,0.0,0.0,0.0,0.245,0.103,0.0126,0.0,ok
KPC3_449_7,0.0,0.0,0.0,0.0,0.0,0.202,0.1514,0.0119,0.0,ok
KPC3_449_8,0.011322,0.0,0.011322,0.303456,0.011322,0.428,0.181,0.0167,0.0279,ok
KPC3_4501,0.617392,0.088647,0.617392,0.754958,0.752574,0.848,0.1554,0.2984,0.5364,ok
KPC3_4503,0.124239,0.027221,0.124239,0.48583,0.482577,0.682,0.2394,0.0935,0.2772,ok
KPC3_4506,0.314921,0.052783,0.314921,0.635664,0.632737,0.771,0.3028,0.2306,0.3836,ok
KPC3_4507,0.16584,0.036143,0.16584,0.556426,0.554023,0.713,0.1006,0.1255,0.3237,ok
KPC3_4508,0.015294,0.014034,0.015294,0.349899,0.329667,0.467,0.1896,0.0346,0.1281,ok
KPC3_450_6,0.370263,0.026494,0.370263,0.487186,0.482559,0.716,0.1243,0.0962,0.3131,ok
KPC3_451_0,0.0,0.0,0.0,0.0,0.0,0.203,0.0819,0.0138,0.0,ok
KPC3_451_6,0.0,0.0,0.0,0.0,0.0,0.345,0.1058,0.0147,0.0096,ok
KPC3_451_8,0.0,0.0,0.0,0.0,0.0,0.173,0.2337,0.0119,0.0,ok
KPC3_451_9,0.0,0.0,0.0,0.0,0.0,0.228,0.0644,0.0117,0.0,ok
KPC3_4529,0.0,0.0,0.0,0.0,0.0,0.425,0.2329,0.0194,0.0256,ok
KPC3_452_3,0.522693,0.153276,0.522693,0.626031,0.620448,0.738,0.226,0.2863,0.3873,ok
KPC3_4536,0.010903,0.0,0.010903,0.292979,0.010903,0.465,0.2615,0.0182,0.0496,ok
KPC3_453_4,0.224429,0.024144,0.224429,0.433611,0.427546,0.675,0.1375,0.1,0.2365,ok
KPC3_4541,0.0,0.0,0.0,0.0,0.0,0.253,0.2143,0.0127,0.0,ok
KPC3_4542,0.289907,0.019684,0.289907,0.427931,0.406902,0.645,0.2891,0.0381,0.2068,ok
KPC3_4543,0.453549,0.082101,0.453549,0.507696,0.501912,0.731,0.3977,0.1013,0.3207,ok
KPC3_4544,0.012388,0.011834,0.012388,0.321851,0.167224,0.534,0.2907,0.0246,0.0785,ok
KPC3_4545,0.0,0.0,0.0,0.0,0.0,0.392,0.1027,0.0196,0.0083,ok
KPC3_4547,0.0,0.0,0.0,0.0,0.0,0.304,0.1418,0.0133,0.0,ok
KPC3_454_0,0.065117,0.014415,0.065117,0.337367,0.31518,0.615,0.0586,0.0367,0.1674,ok
KPC3_454_6,0.509497,0.077169,0.509497,0.740517,0.737343,0.848,0.1732,0.2608,0.4858,ok
KPC3_4557,0.01173,0.011245,0.01173,0.293128,0.01173,0.487,0.1437,0.025,0.0648,ok
KPC3_4559,0.016499,0.012595,0.016499,0.367636,0.353562,0.56,0.2747,0.0471,0.1613,ok
KPC3_4560,0.30492,0.033757,0.30492,0.524505,0.518485,0.653,0.3601,0.0992,0.2924,ok
KPC3_4564,0.60922,0.109786,0.60922,0.790969,0.788419,0.857,0.1831,0.3125,0.5003,ok
KPC3_4567,0.059549,0.016557,0.059549,0.374407,0.357566,0.584,0.1184,0.031,0.1706,ok
KPC3_456_3,0.311441,0.020502,0.311441,0.421112,0.404587,0.657,0.0886,0.06,0.2502,ok
KPC3_456_5,0.011039,0.0,0.011039,0.286066,0.011039,0.343,0.1708,0.0145,0.0397,ok
KPC3_456_6,0.0,0.0,0.0,0.0,0.0,0.377,0.0475,0.0147,0.0093,ok
KPC3_4572,0.020162,0.013658,0.020162,0.414308,0.409676,0.601,0.1798,0.0611,0.2033,ok
KPC3_4576,0.459957,0.08435,0.459957,0.743443,0.74108,0.819,0.2623,0.2193,0.4574,ok
KPC3_4576_2,0.459957,0.08435,0.459957,0.743443,0.74108,0.819,0.2623,0.2193,0.4574,ok
KPC3_4576_3,0.016218,0.013571,0.016218,0.367537,0.351402,0.479,0.2121,0.0279,0.1759,ok
KPC3_4576_4,0.262178,0.033754,0.262178,0.53218,0.529872,0.712,0.1959,0.093,0.312,ok
KPC3_4578,0.607578,0.12605,0.607578,0.828476,0.826658,0.878,0.2293,0.3537,0.5433,ok
KPC3_457_2,0.57382,0.082016,0.57382,0.744268,0.74125,0.848,0.1378,0.3188,0.5008,ok
KPC3_457_3,0.0,0.0,0.0,0.0,0.0,0.366,0.0505,0.0162,0.0248,ok
KPC3_457_5,0.077832,0.012812,0.077832,0.336804,0.24546,0.595,0.0638,0.0377,0.127,ok
KPC3_4581,0.226232,0.040174,0.226232,0.56422,0.560344,0.72,0.1179,0.1372,0.3407,ok
KPC3_4585,0.249951,0.052963,0.249951,0.652085,0.649852,0.804,0.1573,0.18,0.3798,ok
KPC3_4586,0.367031,0.069303,0.367031,0.705403,0.70336,0.807,0.1943,0.2209,0.4253,ok
KPC3_458_3,0.0,0.0,0.0,0.0,0.0,0.186,0.1138,0.0124,0.0,ok
KPC3_458_5,0.0,0.0,0.0,0.0,0.0,0.232,0.1342,0.0127,0.0,ok
KPC3_458_6,0.0,0.0,0.0,0.0,0.0,0.358,0.1943,0.015,0.0,ok
KPC3_458_8,0.0,0.0,0.0,0.0,0.0,0.287,0.1661,0.0133,0.0058,ok
KPC3_458_9,0.0,0.0,0.0,0.0,0.0,0.186,0.1242,0.0124,0.0,ok
KPC3_4593,0.011883,0.0,0.011883,0.297435,0.011883,0.485,0.0969,0.0253,0.0545,ok
KPC3_4597,0.392374,0.054764,0.392374,0.641449,0.638603,0.785,0.2899,0.188,0.3803,ok
KPC3_4599,0.516232,0.089019,0.516232,0.7649,0.763163,0.842,0.2105,0.2253,0.4635,ok
KPC3_459_2,0.091606,0.013465,0.091606,0.347616,0.287804,0.613,0.0937,0.0423,0.1581,ok
KPC3_45_1,0.0,0.0,0.0,0.0,0.0,0.248,0.158,0.0124,0.0174,ok
KPC3_45_2,0.0,0.0,0.0,0.0,0.0,0.241,0.0752,0.0123,0.0,ok
KPC3_4602,0.473178,0.144506,0.473178,0.663805,0.661203,0.817,0.1111,0.092,0.4268,ok
KPC3_4606,0.0,0.0,0.0,0.0,0.0,0.35,0.1678,0.0161,0.0,ok
KPC3_4607,0.0,0.0,0.0,0.0,0.0,0.389,0.1581,0.0154,0.0,ok
KPC3_4615,0.056775,0.013374,0.056775,0.341962,0.280176,0.566,0.3057,0.0296,0.1125,ok
KPC3_461_3,0.488482,0.043148,0.488482,0.612971,0.609199,0.813,0.2286,0.1592,0.4293,ok
KPC3_461_5,0.665999,0.125509,0.665999,0.829382,0.82759,0.894,0.2102,0.3568,0.5977,ok
KPC3_4623,0.274138,0.040842,0.274138,0.580516,0.578197,0.742,0.2698,0.1467,0.3457,ok
KPC3_4626,0.220591,0.053718,0.220591,0.651151,0.648958,0.761,0.3326,0.2242,0.3772,ok
KPC3_4627,0.367286,0.043648,0.367286,0.590357,0.587252,0.76,0.2721,0.1389,0.3508,ok
KPC3_4628,0.084316,0.024098,0.084316,0.454413,0.447954,0.629,0.2988,0.0787,0.2453,ok
KPC3_4631,0.024246,0.014567,0.024246,0.345986,0.328358,0.559,0.2342,0.0352,0.1355,ok
KPC3_4633,0.256047,0.028879,0.256047,0.506831,0.503738,0.699,0.1933,0.0624,0.2986,ok
KPC3_4636,0.162367,0.018656,0.162367,0.400626,0.3946,0.649,0.1001,0.069,0.213,ok
KPC3_463_1,0.536432,0.065059,0.536432,0.697786,0.695047,0.831,0.0786,0.2059,0.4932,ok
KPC3_463_6,0.242282,0.022167,0.242282,0.437412,0.427692,0.692,0.0813,0.0943,0.2532,ok
KPC3_463_8,0.160413,0.015862,0.160413,0.359952,0.342052,0.651,0.0839,0.0619,0.1863,ok
KPC3_4641,0.0,0.0,0.0,0.0,0.0,0.217,0.1685,0.0148,0.01,ok
KPC3_4645,0.0,0.0,0.0,0.0,0.0,0.345,0.1105,0.0151,0.0,ok
KPC3_4646,0.436314,0.121564,0.436314,0.592316,0.588066,0.765,0.3757,0.1521,0.3706,ok
KPC3_464_0,0.097471,0.012426,0.097471,0.378149,0.21753,0.566,0.1296,0.0501,0.1283,ok
KPC3_4653,0.0,0.0,0.0,0.0,0.0,0.452,0.1213,0.0178,0.0279,ok
KPC3_4654,0.014031,0.012093,0.014031,0.344601,0.322663,0.531,0.2026,0.0336,0.1205,ok
KPC3_4664,0.090598,0.013292,0.090598,0.396709,0.245884,0.518,0.4017,0.0249,0.1307,ok
KPC3_466_0,0.057706,0.015616,0.057706,0.36106,0.346887,0.609,0.08,0.0446,0.1645,ok
KPC3_466_4,0.0,0.0,0.0,0.0,0.0,0.248,0.0866,0.0127,0.0,ok
KPC3_4672,0.013779,0.01345,0.013779,0.340699,0.313326,0.544,0.1617,0.0235,0.1159,ok
KPC3_4674,0.060268,0.013743,0.060268,0.340076,0.280988,0.57,0.3086,0.0274,0.1235,ok
KPC3_4678,0.013602,0.012599,0.013602,0.337101,0.312168,0.535,0.2434,0.0343,0.1053,ok
KPC3_4681,0.337494,0.069542,0.337494,0.677216,0.675176,0.77,0.3579,0.3706,0.4022,ok
KPC3_4686,0.287066,0.0352,0.287066,0.544715,0.541518,0.72,0.0809,0.121,0.3362,ok
KPC3_468_3,0.275646,0.017791,0.275646,0.392141,0.3546,0.694,0.1609,0.0717,0.2058,ok
KPC3_4694,0.387926,0.039864,0.387926,0.579071,0.57524,0.756,0.264,0.1477,0.3623,ok
KPC3_4695,0.071043,0.021219,0.071043,0.430393,0.423236,0.63,0.1415,0.0557,0.2267,ok
KPC3_4696,0.0,0.0,0.0,0.0,0.0,0.425,0.1647,0.0213,0.0455,ok
KPC3_4697,0.014855,0.014849,0.014855,0.34681,0.322303,0.559,0.1853,0.0381,0.1388,ok
KPC3_4699,0.017845,0.01313,0.017845,0.38674,0.376674,0.564,0.1989,0.0422,0.1746,ok
KPC3_469_0,0.035085,0.01324,0.035085,0.348007,0.291715,0.52,0.111,0.029,0.1158,ok
KPC3_469_1,0.299791,0.052167,0.299791,0.412829,0.375197,0.68,0.1746,0.0746,0.215,ok
KPC3_46_3,0.68914,0.104822,0.68914,0.798067,0.795948,0.888,0.228,0.4106,0.5932,ok
KPC3_4700,0.117295,0.035694,0.117295,0.551271,0.548154,0.714,0.2129,0.0918,0.3054,ok
KPC3_4705,0.676114,0.161977,0.676114,0.858615,0.857456,0.892,0.2835,0.3669,0.5703,ok
KPC3_4708,0.300574,0.050467,0.300574,0.640061,0.637863,0.774,0.2393,0.1415,0.3782,ok
KPC3_470_5,0.181648,0.022472,0.181648,0.442181,0.434098,0.681,0.1305,0.1058,0.2537,ok
KPC3_470_6,0.088772,0.017861,0.088772,0.388312,0.380502,0.625,0.0465,0.0468,0.1994,ok
KPC3_4711,0.109678,0.028164,0.109678,0.492153,0.488138,0.682,0.2373,0.1007,0.2753,ok
KPC3_471_4,0.01319,0.012344,0.01319,0.32714,0.278419,0.52,0.0599,0.0334,0.1001,ok
KPC3_471_8,0.093651,0.013985,0.093651,0.345468,0.317675,0.606,0.2809,0.0485,0.139,ok
KPC3_4727,0.0,0.0,0.0,0.0,0.0,0.352,0.0668,0.0149,0.0,ok
KPC3_4729,0.013342,0.011938,0.013342,0.338043,0.15435,0.503,0.225,0.022,0.0849,ok
KPC3_472_0,0.16787,0.021706,0.16787,0.434145,0.423559,0.712,0.0811,0.0546,0.2297,ok
KPC3_472_1,0.464648,0.039402,0.464648,0.586424,0.582446,0.794,0.1539,0.1927,0.4272,ok
KPC3_473_3,0.01171,0.0,0.01171,0.292181,0.01171,0.486,0.1339,0.0256,0.0482,ok
KPC3_473_6,0.215112,0.020509,0.215112,0.419311,0.405292,0.703,0.1185,0.0732,0.2347,ok
KPC3_473_9,0.0,0.0,0.0,0.0,0.0,0.422,0.0641,0.0195,0.0177,ok
KPC3_4743,0.013344,0.012627,0.013344,0.336958,0.267295,0.553,0.1553,0.0265,0.0994,ok
KPC3_4744,0.0,0.0,0.0,0.0,0.0,0.353,0.2378,0.0161,0.0013,ok
KPC3_4745,0.233159,0.042353,0.233159,0.455943,0.450914,0.656,0.2811,0.0517,0.2213,ok
KPC3_4749,0.01168,0.0,0.01168,0.308123,0.01168,0.484,0.1295,0.0171,0.039,ok
KPC3_474_7,0.146347,0.012474,0.146347,0.388497,0.192272,0.615,0.1736,0.0647,0.1479,ok
KPC3_4750,0.112945,0.014312,0.112945,0.351706,0.314375,0.592,0.208,0.0322,0.145,ok
KPC3_4751,0.020698,0.019654,0.020698,0.421607,0.416321,0.606,0.2287,0.054,0.218,ok
KPC3_4752,0.0,0.0,0.0,0.0,0.0,0.386,0.1219,0.0177,0.034,ok
KPC3_4757,0.122757,0.02453,0.122757,0.46092,0.457854,0.654,0.207,0.0562,0.2441,ok
KPC3_475_6,0.0,0.0,0.0,0.0,0.0,0.446,0.0624,0.024,0.0231,ok
KPC3_475_9,0.01464,0.012109,0.01464,0.316337,0.153314,0.572,0.0594,0.0357,0.0991,ok
KPC3_4766,0.165528,0.024116,0.165528,0.459414,0.452947,0.676,0.2803,0.0934,0.2524,ok
KPC3_4773,0.0,0.0,0.0,0.0,0.0,0.306,0.2191,0.0174,0.0085,ok
KPC3_4778,0.0,0.0,0.0,0.0,0.0,0.378,0.1942,0.0183,0.0419,ok
KPC3_4779,0.0,0.0,0.0,0.0,0.0,0.233,0.2432,0.0118,0.0,ok
KPC3_4782,0.191361,0.015477,0.191361,0.366048,0.335596,0.6,0.2024,0.0305,0.1584,ok
KPC3_4785,0.0,0.0,0.0,0.0,0.0,0.396,0.1117,0.0139,0.0051,ok
KPC3_4786,0.0,0.0,0.0,0.0,0.0,0.309,0.1188,0.0134,0.0,ok
KPC3_4787,0.095266,0.040202,0.095266,0.450409,0.447496,0.675,0.3392,0.085,0.2369,ok
KPC3_4791,0.020087,0.01888,0.020087,0.406301,0.395455,0.598,0.2758,0.0479,0.199,ok
KPC3_4795,0.43596,0.043181,0.43596,0.607098,0.60337,0.789,0.0754,0.1142,0.3853,ok
KPC3_479_1,0.226203,0.015081,0.226203,0.370929,0.318649,0.675,0.194,0.0587,0.1762,ok
KPC3_479_4,0.0,0.0,0.0,0.0,0.0,0.257,0.1158,0.0125,0.0,ok
KPC3_479_7,0.546639,0.054228,0.546639,0.667386,0.664553,0.82,0.1509,0.1544,0.4534,ok
KPC3_47_5,0.011926,0.0,0.011926,0.307587,0.011926,0.307,0.0892,0.0153,0.0265,ok
KPC3_4800,0.238926,0.030475,0.238926,0.518689,0.514669,0.719,0.078,0.1136,0.3163,ok
KPC3_4800_2,0.238926,0.030475,0.238926,0.518689,0.514669,0.719,0.078,0.1136,0.3163,ok
KPC3_4800_3,0.486883,0.089974,0.486883,0.762402,0.759493,0.834,0.0896,0.1977,0.4626,ok
KPC3_4800_4,0.546545,0.111193,0.546545,0.802299,0.800264,0.866,0.1121,0.2547,0.51,ok
KPC3_4802,0.0,0.0,0.0,0.0,0.0,0.433,0.0602,0.0221,0.029,ok
KPC3_4802_2,0.0,0.0,0.0,0.0,0.0,0.433,0.0602,0.0221,0.029,ok
KPC3_4802_3,0.0,0.0,0.0,0.0,0.0,0.379,0.0909,0.0184,0.017,ok
KPC3_4802_4,0.014878,0.013126,0.014878,0.346278,0.336601,0.576,0.2464,0.042,0.1553,ok
KPC3_4803,0.513079,0.085757,0.513079,0.74759,0.745814,0.833,0.257,0.2298,0.5079,ok
KPC3_4805,0.539384,0.083865,0.539384,0.747122,0.744732,0.849,0.1377,0.2156,0.4973,ok
KPC3_4807,0.012686,0.010853,0.012686,0.312198,0.090264,0.494,0.1603,0.0284,0.0734,ok
KPC3_4809,0.321184,0.050894,0.321184,0.633444,0.631262,0.767,0.2074,0.1425,0.3713,ok
KPC3_480_4,0.0,0.0,0.0,0.0,0.0,0.232,0.1367,0.0128,0.0,ok
KPC3_480_6,0.0,0.0,0.0,0.0,0.0,0.353,0.1452,0.0146,0.0312,ok
KPC3_480_8,0.078824,0.013675,0.078824,0.353735,0.307319,0.581,0.1049,0.0351,0.1291,ok
KPC3_4816,0.0,0.0,0.0,0.0,0.0,0.368,0.1741,0.0166,0.0152,ok
KPC3_4817,0.011737,0.0,0.011737,0.310391,0.017118,0.52,0.1779,0.0214,0.0517,ok
KPC3_481_8,0.013263,0.011589,0.013263,0.321742,0.025504,0.509,0.2716,0.0391,0.0851,ok
KPC3_4820,0.538093,0.076595,0.538093,0.725007,0.723769,0.822,0.2306,0.2249,0.4746,ok
KPC3_4821,0.650363,0.131325,0.650363,0.831024,0.829247,0.883,0.2495,0.3992,0.5623,ok
KPC3_4824,0.35794,0.047962,0.35794,0.626334,0.624128,0.764,0.3155,0.1761,0.3757,ok
KPC3_4825,0.278466,0.037062,0.278466,0.553314,0.550212,0.723,0.2279,0.1391,0.3282,ok
KPC3_4826,0.330645,0.030603,0.330645,0.522126,0.518127,0.732,0.1621,0.1008,0.3297,ok
KPC3_4827,0.309409,0.044908,0.309409,0.616868,0.613856,0.747,0.2209,0.1635,0.3685,ok
KPC3_4829,0.330903,0.031058,0.330903,0.518297,0.515157,0.725,0.1482,0.0833,0.319,ok
KPC3_482_2,0.013577,0.0129,0.013577,0.329289,0.243843,0.519,0.1117,0.0284,0.0983,ok
KPC3_482_4,0.122295,0.015955,0.122295,0.364544,0.352444,0.62,0.1615,0.0484,0.1857,ok
KPC3_4830,0.015617,0.013322,0.015617,0.352659,0.341293,0.576,0.2555,0.0442,0.1529,ok
KPC3_4833,0.622165,0.092164,0.622165,0.760078,0.757758,0.85,0.3768,0.3625,0.507,ok
KPC3_4834,0.087264,0.03216,0.087264,0.507656,0.505332,0.669,0.3819,0.183,0.2938,ok
KPC3_4836,0.292677,0.048278,0.292677,0.618638,0.615648,0.748,0.2067,0.1615,0.3614,ok
KPC3_4837,0.084797,0.020999,0.084797,0.422432,0.41766,0.623,0.2437,0.0762,0.2305,ok
KPC3_4849,0.0,0.0,0.0,0.0,0.0,0.306,0.1433,0.0135,0.0,ok
KPC3_484_0,0.012965,0.0,0.012965,0.324766,0.030982,0.484,0.1604,0.0259,0.0632,ok
KPC3_484_4,0.011734,0.0,0.011734,0.304102,0.011734,0.421,0.0748,0.0155,0.0449,ok
KPC3_4851,0.156348,0.040394,0.156348,0.586896,0.585369,0.733,0.2329,0.1176,0.3349,ok
KPC3_4855,0.274531,0.028751,0.274531,0.505822,0.50183,0.707,0.3607,0.1076,0.2843,ok
KPC3_485_1,0.300191,0.031389,0.300191,0.443324,0.429803,0.684,0.1803,0.0831,0.2196,ok
KPC3_4863,0.070844,0.023066,0.070844,0.450428,0.444868,0.641,0.1569,0.0643,0.2351,ok
KPC3_4866,0.011165,0.0,0.011165,0.286349,0.011165,0.467,0.0453,0.0215,0.0576,ok
KPC3_4868,0.12153,0.012091,0.12153,0.338931,0.186586,0.632,0.0713,0.0329,0.1319,ok
KPC3_486_2,0.0,0.0,0.0,0.0,0.0,0.276,0.0734,0.0143,0.009,ok
KPC3_486_4,0.106844,0.01257,0.106844,0.382661,0.158497,0.589,0.1177,0.0344,0.1296,ok
KPC3_486_6,0.0,0.0,0.0,0.0,0.0,0.18,0.0872,0.0118,0.0,ok
KPC3_487_1,0.286787,0.022854,0.286787,0.449825,0.445806,0.718,0.1041,0.0904,0.2769,ok
KPC3_487_8,0.013307,0.011344,0.013307,0.322682,0.013307,0.543,0.1216,0.0338,0.0678,ok
KPC3_488_3,0.530388,0.06747,0.530388,0.710668,0.707956,0.836,0.0971,0.2216,0.4727,ok
KPC3_488_4,0.290685,0.026438,0.290685,0.48284,0.477052,0.733,0.1042,0.129,0.2877,ok
KPC3_4891,0.015289,0.012855,0.015289,0.359495,0.317087,0.458,0.3158,0.0263,0.1225,ok
KPC3_4894,0.012145,0.0,0.012145,0.310307,0.012145,0.426,0.2679,0.0191,0.0441,ok
KPC3_4900,0.0,0.0,0.0,0.0,0.0,0.394,0.1425,0.0181,0.0154,ok
KPC3_4901,0.437839,0.085499,0.437839,0.750189,0.747858,0.834,0.1659,0.2061,0.4626,ok
KPC3_4905,0.59393,0.101871,0.59393,0.791321,0.788707,0.869,0.1343,0.1943,0.5456,ok
KPC3_4907,0.030266,0.016979,0.030266,0.377296,0.369017,0.574,0.1361,0.0412,0.1948,ok
KPC3_490_9,0.034563,0.012285,0.034563,0.34844,0.08865,0.524,0.172,0.0297,0.1073,ok
KPC3_4916,0.012021,0.0,0.012021,0.318946,0.012021,0.469,0.2503,0.021,0.0484,ok
KPC3_4917,0.0,0.0,0.0,0.0,0.0,0.264,0.1192,0.0133,0.0,ok
KPC3_4920,0.095728,0.016355,0.095728,0.37321,0.360419,0.639,0.1579,0.0426,0.1836,ok
KPC3_4921,0.079789,0.017995,0.079789,0.395746,0.385027,0.683,0.2963,0.0832,0.1935,ok
KPC3_4924,0.49672,0.075887,0.49672,0.744047,0.741637,0.852,0.0984,0.1407,0.4703,ok
KPC3_4925,0.32831,0.038458,0.32831,0.566653,0.561404,0.709,0.2444,0.0837,0.3261,ok
KPC3_4926,0.058673,0.017719,0.058673,0.389764,0.378383,0.635,0.2161,0.05,0.1863,ok
KPC3_4929,0.373146,0.031017,0.373146,0.52892,0.525022,0.749,0.2343,0.1061,0.3403,ok
KPC3_492_5,0.0,0.0,0.0,0.0,0.0,0.309,0.153,0.0121,0.0,ok
KPC3_492_7,0.02494,0.012757,0.02494,0.324191,0.282027,0.568,0.1963,0.0401,0.1142,ok
KPC3_492_9,0.013407,0.0,0.013407,0.331441,0.065929,0.487,0.2253,0.0307,0.0705,ok
KPC3_4934,0.133084,0.029082,0.133084,0.500256,0.496388,0.663,0.2147,0.0861,0.2705,ok
KPC3_4936,0.0,0.0,0.0,0.0,0.0,0.441,0.1109,0.0166,0.0148,ok
KPC3_4939,0.042001,0.021779,0.042001,0.435157,0.427335,0.62,0.2045,0.057,0.2187,ok
KPC3_493_3,0.112652,0.015175,0.112652,0.366621,0.337388,0.622,0.0844,0.0423,0.1682,ok
KPC3_493_5,0.056106,0.013617,0.056106,0.340908,0.311878,0.599,0.0813,0.0404,0.1443,ok
KPC3_493_8,0.051021,0.013053,0.051021,0.337323,0.289342,0.579,0.0649,0.0352,0.129,ok
KPC3_4942,0.231577,0.022353,0.231577,0.451749,0.437431,0.722,0.2203,0.0602,0.2341,ok
KPC3_4943,0.446369,0.066262,0.446369,0.681198,0.678028,0.792,0.3145,0.1916,0.4143,ok
KPC3_4946,0.023424,0.011243,0.023424,0.34567,0.079115,0.535,0.3024,0.027,0.0968,ok
KPC3_4948,0.573529,0.084595,0.573529,0.728418,0.726131,0.82,0.1988,0.2041,0.4871,ok
KPC3_4949,0.012718,0.0,0.012718,0.318724,0.218856,0.461,0.3087,0.0276,0.0621,ok
KPC3_4950,0.279571,0.034995,0.279571,0.523179,0.520137,0.721,0.1665,0.0731,0.3102,ok
KPC3_4953,0.014825,0.012196,0.014825,0.352519,0.334278,0.503,0.2607,0.0318,0.1178,ok
KPC3_4957,0.0,0.0,0.0,0.0,0.0,0.354,0.093,0.0157,0.0,ok
KPC3_4958,0.634494,0.114569,0.634494,0.799912,0.797405,0.881,0.3271,0.274,0.5573,ok
KPC3_495_0,0.012496,0.011853,0.012496,0.309621,0.176944,0.498,0.1162,0.0323,0.083,ok
KPC3_495_6,0.584762,0.084773,0.584762,0.761972,0.759025,0.861,0.1757,0.2455,0.5495,ok
KPC3_4962,0.01268,0.011986,0.01268,0.319412,0.272792,0.519,0.1475,0.0321,0.0928,ok
KPC3_4964,0.045632,0.017332,0.045632,0.386799,0.37868,0.596,0.3978,0.0441,0.1732,ok
KPC3_4969,0.061426,0.016542,0.061426,0.378196,0.366328,0.626,0.1232,0.0414,0.1776,ok
KPC3_496_6,0.013856,0.012353,0.013856,0.340288,0.066028,0.465,0.0761,0.0297,0.0904,ok
KPC3_4970,0.399521,0.056034,0.399521,0.66327,0.660512,0.78,0.3405,0.1979,0.4263,ok
KPC3_4971,0.0,0.0,0.0,0.0,0.0,0.367,0.1626,0.0163,0.0103,ok
KPC3_4975,0.052362,0.01413,0.052362,0.339173,0.289657,0.568,0.1485,0.0291,0.1246,ok
KPC3_4978,0.015101,0.012049,0.015101,0.353636,0.329307,0.461,0.1554,0.0253,0.1435,ok
KPC3_4979,0.016545,0.012418,0.016545,0.373874,0.359424,0.532,0.2836,0.0371,0.1369,ok
KPC3_497_2,0.011264,0.0,0.011264,0.302972,0.011264,0.438,0.1554,0.0149,0.023,ok
KPC3_497_5,0.0,0.0,0.0,0.0,0.0,0.215,0.15,0.0122,0.0,ok
KPC3_497_6,0.0,0.0,0.0,0.0,0.0,0.187,0.0944,0.0121,0.0,ok
KPC3_497_7,0.0,0.0,0.0,0.0,0.0,0.154,0.0451,0.0114,0.0,ok
KPC3_497_8,0.270311,0.061762,0.270311,0.421962,0.416919,0.72,0.1651,0.0797,0.2264,ok
KPC3_4982,0.013314,0.011895,0.013314,0.330081,0.26574,0.427,0.2691,0.0238,0.0932,ok
KPC3_4995,0.0,0.0,0.0,0.0,0.0,0.35,0.2265,0.0152,0.0329,ok
KPC3_4997,0.309693,0.09148,0.309693,0.533774,0.527917,0.724,0.1993,0.0678,0.2967,ok
KPC3_499_5,0.012106,0.0,0.012106,0.302112,0.012106,0.516,0.0979,0.0261,0.0584,ok
KPC3_499_6,0.0,0.0,0.0,0.0,0.0,0.448,0.1342,0.0197,0.024,ok
KPC3_499_9,0.317571,0.028046,0.317571,0.499314,0.492817,0.718,0.2088,0.1021,0.3012,ok
KPC3_49_2,0.0,0.0,0.0,0.0,0.0,0.247,0.0738,0.0128,0.0,ok
KPC3_49_4,0.0,0.0,0.0,0.0,0.0,0.278,0.0794,0.0126,0.0,ok
KPC3_49_9,0.0,0.0,0.0,0.0,0.0,0.209,0.1288,0.0124,0.0,ok
KPC3_4_0,0.0,0.0,0.0,0.0,0.0,0.231,0.1377,0.0136,0.0048,ok
KPC3_500_9,0.533506,0.07225,0.533506,0.650738,0.648672,0.804,0.0923,0.1506,0.4577,ok
KPC3_501_0,0.011315,0.0,0.011315,0.298929,0.011315,0.252,0.1946,0.0137,0.0404,ok
KPC3_502_6,0.334025,0.062901,0.334025,0.685999,0.683914,0.798,0.0972,0.1675,0.4114,ok
KPC3_503_0,0.0142,0.010845,0.0142,0.34021,0.020686,0.547,0.0721,0.0273,0.076,ok
KPC3_503_3,0.0,0.0,0.0,0.0,0.0,0.231,0.0896,0.0137,0.0,ok
KPC3_503_6,0.012221,0.0,0.012221,0.307527,0.012221,0.449,0.1129,0.0226,0.0557,ok
KPC3_504_8,0.317363,0.026831,0.317363,0.487107,0.483171,0.733,0.1561,0.1238,0.2894,ok
KPC3_507_2,0.011871,0.0,0.011871,0.295899,0.011871,0.463,0.0367,0.0212,0.0476,ok
KPC3_508_0,0.177052,0.026444,0.177052,0.486254,0.47706,0.714,0.1294,0.0971,0.2732,ok
KPC3_508_3,0.184992,0.023119,0.184992,0.451006,0.443594,0.696,0.075,0.0844,0.265,ok
KPC3_509_6,0.0,0.0,0.0,0.0,0.0,0.212,0.0386,0.0125,0.0,ok
KPC3_50_3,0.303964,0.037261,0.303964,0.564644,0.55901,0.751,0.1338,0.2049,0.3254,ok
KPC3_50_6,0.112869,0.016723,0.112869,0.370227,0.359288,0.652,0.1214,0.0661,0.2085,ok
KPC3_511_0,0.0,0.0,0.0,0.0,0.0,0.379,0.137,0.0197,0.0073,ok
KPC3_511_9,0.0,0.0,0.0,0.0,0.0,0.33,0.163,0.0136,0.0,ok
KPC3_512_0,0.666283,0.156402,0.666283,0.724108,0.721454,0.825,0.2976,0.3492,0.5207,ok
KPC3_512_2,0.0,0.0,0.0,0.0,0.0,0.284,0.124,0.0124,0.0089,ok
KPC3_512_4,0.0,0.0,0.0,0.0,0.0,0.167,0.0968,0.01,0.0,ok
KPC3_512_6,0.500484,0.092214,0.500484,0.65311,0.64967,0.812,0.2216,0.1373,0.4258,ok
KPC3_512_9,0.0,0.0,0.0,0.0,0.0,0.264,0.1758,0.0112,0.0,ok
KPC3_513_2,0.01119,0.0,0.01119,0.294594,0.01119,0.345,0.1293,0.0151,0.0384,ok
KPC3_515_3,0.501014,0.064018,0.501014,0.607838,0.589195,0.813,0.1306,0.1346,0.3074,ok
KPC3_515_8,0.01189,0.0,0.01189,0.306411,0.01734,0.463,0.0953,0.0298,0.0655,ok
KPC3_515_9,0.0,0.0,0.0,0.0,0.0,0.285,0.1114,0.0142,0.0163,ok
KPC3_516_1,0.012718,0.01226,0.012718,0.309777,0.223893,0.556,0.0409,0.0316,0.1065,ok
KPC3_518_1,0.030498,0.0,0.030498,0.337368,0.097223,0.54,0.077,0.0291,0.0763,ok
KPC3_518_2,0.149626,0.017953,0.149626,0.355394,0.322397,0.638,0.2094,0.0412,0.1598,ok
KPC3_51_1,0.02158,0.01379,0.02158,0.332838,0.305179,0.564,0.0956,0.0412,0.1264,ok
KPC3_51_3,0.0,0.0,0.0,0.0,0.0,0.228,0.1026,0.0127,0.0,ok
KPC3_51_5,0.375925,0.028067,0.375925,0.501934,0.49797,0.737,0.1098,0.1518,0.3381,ok
KPC3_51_7,0.513921,0.050264,0.513921,0.639751,0.636132,0.797,0.199,0.1711,0.46,ok
KPC3_520_2,0.012923,0.0,0.012923,0.330175,0.016846,0.474,0.1526,0.0179,0.0512,ok
KPC3_520_8,0.0,0.0,0.0,0.0,0.0,0.241,0.2361,0.0118,0.0,ok
KPC3_521_4,0.075608,0.013737,0.075608,0.374637,0.280472,0.599,0.0933,0.0303,0.1324,ok
KPC3_521_9,0.0,0.0,0.0,0.0,0.0,0.295,0.1127,0.0142,0.0,ok
KPC3_522_6,0.011987,0.0,0.011987,0.306965,0.036113,0.459,0.1108,0.0233,0.0766,ok
KPC3_523_5,0.40951,0.046945,0.40951,0.628882,0.624277,0.806,0.156,0.1465,0.3903,ok
KPC3_524_9,0.799503,0.354651,0.799503,0.947845,0.947202,0.952,0.1859,0.5336,0.6663,ok
KPC3_525_2,0.508807,0.180015,0.508807,0.712324,0.709979,0.814,0.1908,0.2509,0.4798,ok
KPC3_525_9,0.0,0.0,0.0,0.0,0.0,0.139,0.1143,0.0116,0.0,ok
KPC3_526_0,0.0,0.0,0.0,0.0,0.0,0.351,0.1288,0.0179,0.0316,ok
KPC3_526_6,0.0,0.0,0.0,0.0,0.0,0.279,0.1516,0.0143,0.0218,ok
KPC3_526_7,0.0,0.0,0.0,0.0,0.0,0.215,0.1155,0.013,0.0,ok
KPC3_528_1,0.0,0.0,0.0,0.0,0.0,0.183,0.1023,0.0128,0.0,ok
KPC3_528_6,0.0,0.0,0.0,0.0,0.0,0.163,0.083,0.0115,0.0,ok
KPC3_528_9,0.09951,0.012156,0.09951,0.359026,0.174212,0.604,0.227,0.0384,0.1062,ok
KPC3_529_4,0.011533,0.0,0.011533,0.304689,0.011533,0.237,0.1333,0.0127,0.0338,ok
KPC3_529_6,0.0,0.0,0.0,0.0,0.0,0.313,0.1051,0.0142,0.0,ok
KPC3_529_8,0.0,0.0,0.0,0.0,0.0,0.255,0.0681,0.0119,0.0,ok
KPC3_52_2,0.012891,0.0,0.012891,0.328971,0.03081,0.431,0.1444,0.017,0.0666,ok
KPC3_52_4,0.0,0.0,0.0,0.0,0.0,0.242,0.1059,0.0121,0.0,ok
KPC3_52_6,0.011245,0.0,0.011245,0.300043,0.011245,0.374,0.175,0.0152,0.0409,ok
KPC3_530_0,0.144455,0.013596,0.144455,0.35368,0.311162,0.619,0.1031,0.0281,0.1354,ok
KPC3_530_3,0.561567,0.122986,0.561567,0.659291,0.655962,0.818,0.2576,0.1659,0.4605,ok
KPC3_531_4,0.0,0.0,0.0,0.0,0.0,0.298,0.2097,0.0133,0.0,ok
KPC3_533_0,0.152572,0.018698,0.152572,0.398681,0.386694,0.663,0.0655,0.0562,0.2215,ok
KPC3_533_1,0.0,0.0,0.0,0.0,0.0,0.28,0.1223,0.0122,0.0096,ok
KPC3_533_5,0.31315,0.026244,0.31315,0.48238,0.475811,0.727,0.071,0.0871,0.2925,ok
KPC3_533_7,0.120044,0.016931,0.120044,0.375153,0.362628,0.643,0.0705,0.0481,0.2019,ok
KPC3_535_4,0.07051,0.015887,0.07051,0.375064,0.349306,0.578,0.2049,0.0319,0.1442,ok
KPC3_535_7,0.0,0.0,0.0,0.0,0.0,0.401,0.13,0.0189,0.0281,ok
KPC3_536_0,0.0,0.0,0.0,0.0,0.0,0.278,0.0779,0.016,0.0,ok
KPC3_536_8,0.0,0.0,0.0,0.0,0.0,0.174,0.1181,0.0115,0.0,ok
KPC3_536_9,0.0,0.0,0.0,0.0,0.0,0.216,0.0905,0.0132,0.0,ok
KPC3_538_6,0.0,0.0,0.0,0.0,0.0,0.369,0.0766,0.0174,0.0107,ok
KPC3_53_3,0.0,0.0,0.0,0.0,0.0,0.234,0.1055,0.0127,0.0,ok
KPC3_53_9,0.0284,0.012159,0.0284,0.341934,0.245204,0.506,0.0899,0.034,0.1113,ok
KPC3_540_0,0.0,0.0,0.0,0.0,0.0,0.322,0.1918,0.0144,0.0,ok
KPC3_540_1,0.0,0.0,0.0,0.0,0.0,0.255,0.0988,0.0132,0.0,ok
KPC3_540_6,0.0,0.0,0.0,0.0,0.0,0.271,0.141,0.0134,0.0096,ok
KPC3_540_9,0.0,0.0,0.0,0.0,0.0,0.298,0.0984,0.0129,0.0209,ok
KPC3_541_0,0.011665,0.0,0.011665,0.311756,0.018827,0.456,0.1714,0.025,0.0516,ok
KPC3_541_9,0.0,0.0,0.0,0.0,0.0,0.247,0.1174,0.0154,0.0071,ok
KPC3_543_2,0.037451,0.011767,0.037451,0.344617,0.11826,0.568,0.1597,0.0292,0.0803,ok
KPC3_543_4,0.0,0.0,0.0,0.0,0.0,0.267,0.0817,0.0141,0.0,ok
KPC3_545_3,0.0,0.0,0.0,0.0,0.0,0.392,0.0658,0.0182,0.0325,ok
KPC3_545_8,0.013005,0.010839,0.013005,0.319319,0.041073,0.513,0.0433,0.0304,0.0897,ok
KPC3_546_2,0.0,0.0,0.0,0.0,0.0,0.282,0.1072,0.014,0.0116,ok
KPC3_546_7,0.012458,0.0,0.012458,0.317306,0.012458,0.369,0.1087,0.0163,0.0589,ok
KPC3_547_0,0.034435,0.012269,0.034435,0.351881,0.111281,0.53,0.2825,0.0355,0.0995,ok
KPC3_547_1,0.0,0.0,0.0,0.0,0.0,0.254,0.1188,0.0125,0.0147,ok
KPC3_547_6,0.0,0.0,0.0,0.0,0.0,0.373,0.1569,0.0132,0.0203,ok
KPC3_549_8,0.0,0.0,0.0,0.0,0.0,0.264,0.1025,0.0134,0.011,ok
KPC3_54_5,0.0,0.0,0.0,0.0,0.0,0.21,0.0399,0.0125,0.0,ok
KPC3_54_7,0.0,0.0,0.0,0.0,0.0,0.255,0.0531,0.0154,0.0,ok
KPC3_54_9,0.0,0.0,0.0,0.0,0.0,0.362,0.1042,0.0153,0.0129,ok
KPC3_550_3,0.017116,0.011755,0.017116,0.350315,0.066341,0.502,0.1161,0.0299,0.0962,ok
KPC3_552_3,0.627126,0.103717,0.627126,0.785568,0.783518,0.862,0.2302,0.2197,0.5284,ok
KPC3_553_6,0.312278,0.020463,0.312278,0.424187,0.396247,0.731,0.3499,0.1356,0.2305,ok
KPC3_554_0,0.656371,0.124861,0.656371,0.816318,0.815378,0.875,0.1838,0.275,0.5991,ok
KPC3_554_3,0.550167,0.068892,0.550167,0.713594,0.710295,0.847,0.1666,0.2551,0.4934,ok
KPC3_554_5,0.477618,0.06311,0.477618,0.69663,0.693207,0.819,0.1813,0.27,0.4409,ok
KPC3_554_7,0.371714,0.031398,0.371714,0.531282,0.527229,0.755,0.0999,0.1476,0.36,ok
KPC3_554_9,0.547041,0.066564,0.547041,0.710637,0.70797,0.833,0.1388,0.3048,0.487,ok
KPC3_556_1,0.016656,0.013145,0.016656,0.323854,0.067522,0.588,0.338,0.0347,0.0721,ok
KPC3_556_2,0.022655,0.010709,0.022655,0.34292,0.0666,0.528,0.0759,0.0244,0.095,ok
KPC3_556_6,0.027076,0.01238,0.027076,0.347943,0.08859,0.602,0.1696,0.0332,0.0975,ok
KPC3_557_1,0.0,0.0,0.0,0.0,0.0,0.263,0.1345,0.0118,0.0107,ok
KPC3_557_4,0.0,0.0,0.0,0.0,0.0,0.317,0.1206,0.0134,0.0046,ok
KPC3_557_7,0.0,0.0,0.0,0.0,0.0,0.196,0.2039,0.0119,0.0,ok
KPC3_558_0,0.013414,0.011534,0.013414,0.331133,0.048373,0.487,0.1904,0.0269,0.0842,ok
KPC3_558_7,0.0,0.0,0.0,0.0,0.0,0.34,0.1359,0.0142,0.0231,ok
KPC3_559_8,0.0,0.0,0.0,0.0,0.0,0.352,0.1315,0.0168,0.0135,ok
KPC3_55_7,0.0,0.0,0.0,0.0,0.0,0.149,0.1779,0.0115,0.0,ok
KPC3_560_2,0.634828,0.122863,0.634828,0.711133,0.708074,0.84,0.1776,0.3071,0.5189,ok
KPC3_560_5,0.016239,0.010912,0.016239,0.350131,0.078808,0.479,0.1317,0.0266,0.0912,ok
KPC3_561_1,0.018024,0.0,0.018024,0.334493,0.063919,0.518,0.1623,0.0294,0.0854,ok
KPC3_562_2,0.029897,0.011227,0.029897,0.322614,0.063934,0.555,0.1013,0.0282,0.0881,ok
KPC3_563_8,0.011106,0.0,0.011106,0.284694,0.011106,0.473,0.0442,0.0196,0.049,ok
KPC3_566_4,0.0,0.0,0.0,0.0,0.0,0.316,0.0702,0.0169,0.0176,ok
KPC3_567_1,0.0,0.0,0.0,0.0,0.0,0.176,0.0808,0.0112,0.0,ok
KPC3_568_1,0.214773,0.017173,0.214773,0.382826,0.367343,0.7,0.2016,0.0821,0.2109,ok
KPC3_568_5,0.613111,0.082441,0.613111,0.754447,0.752687,0.867,0.3385,0.295,0.5326,ok
KPC3_568_6,0.015634,0.014932,0.015634,0.349797,0.323124,0.586,0.1276,0.0435,0.146,ok
KPC3_568_7,0.011837,0.011359,0.011837,0.299877,0.011837,0.52,0.1247,0.0259,0.0685,ok
KPC3_568_9,0.626938,0.101077,0.626938,0.787563,0.785453,0.868,0.1571,0.3058,0.5683,ok
KPC3_569_8,0.467371,0.083606,0.467371,0.590932,0.587317,0.771,0.255,0.1919,0.3922,ok
KPC3_56_6,0.0,0.0,0.0,0.0,0.0,0.157,0.2883,0.0113,0.0,ok
KPC3_56_9,0.010928,0.0,0.010928,0.297749,0.010928,0.352,0.1046,0.0152,0.0332,ok
KPC3_570_2,0.0,0.0,0.0,0.0,0.0,0.415,0.2883,0.0153,0.0,ok
KPC3_570_9,0.0,0.0,0.0,0.0,0.0,0.269,0.0616,0.016,0.0,ok
KPC3_571_0,0.0,0.0,0.0,0.0,0.0,0.438,0.2798,0.02,0.024,ok
KPC3_571_4,0.051548,0.012579,0.051548,0.349056,0.217062,0.551,0.3131,0.0543,0.1047,ok
KPC3_571_6,0.0,0.0,0.0,0.0,0.0,0.296,0.2036,0.015,0.0,ok
KPC3_572_1,0.0,0.0,0.0,0.0,0.0,0.298,0.0252,0.0169,0.0,ok
KPC3_572_5,0.011332,0.0,0.011332,0.288874,0.011332,0.34,0.0638,0.0152,0.0363,ok
KPC3_573_0,0.0,0.0,0.0,0.0,0.0,0.292,0.135,0.0142,0.02,ok
KPC3_577_2,0.016493,0.016005,0.016493,0.364286,0.346996,0.598,0.1189,0.0554,0.1719,ok
KPC3_577_5,0.090297,0.017154,0.090297,0.3751,0.357514,0.649,0.1091,0.0591,0.1956,ok
KPC3_578_1,0.250755,0.023746,0.250755,0.4549,0.449506,0.67,0.0846,0.105,0.2566,ok
KPC3_579_1,0.0,0.0,0.0,0.0,0.0,0.166,0.0579,0.0112,0.0,ok
KPC3_57_0,0.044305,0.01201,0.044305,0.340012,0.106596,0.569,0.1543,0.0279,0.0951,ok
KPC3_57_1,0.418751,0.022031,0.418751,0.44735,0.438905,0.76,0.1528,0.0866,0.2913,ok
KPC3_580_0,0.0,0.0,0.0,0.0,0.0,0.225,0.1337,0.0128,0.0,ok
KPC3_580_1,0.0,0.0,0.0,0.0,0.0,0.336,0.1332,0.0159,0.0054,ok
KPC3_580_8,0.0,0.0,0.0,0.0,0.0,0.327,0.0958,0.0161,0.0,ok
KPC3_580_9,0.012437,0.0,0.012437,0.319206,0.037438,0.447,0.1079,0.0197,0.0548,ok
KPC3_581_5,0.0,0.0,0.0,0.0,0.0,0.252,0.0647,0.0132,0.0,ok
KPC3_581_7,0.436622,0.080893,0.436622,0.511845,0.506698,0.738,0.167,0.1059,0.3563,ok
KPC3_583_1,0.0,0.0,0.0,0.0,0.0,0.201,0.1233,0.012,0.0,ok
KPC3_583_4,0.0,0.0,0.0,0.0,0.0,0.309,0.1736,0.0149,0.0284,ok
KPC3_584_2,0.0,0.0,0.0,0.0,0.0,0.15,0.1098,0.0118,0.0,ok
KPC3_584_6,0.0,0.0,0.0,0.0,0.0,0.243,0.0685,0.0123,0.0,ok
KPC3_584_7,0.0,0.0,0.0,0.0,0.0,0.154,0.0731,0.011,0.0,ok
KPC3_584_8,0.0,0.0,0.0,0.0,0.0,0.25,0.1794,0.0117,0.0,ok
KPC3_584_9,0.0,0.0,0.0,0.0,0.0,0.251,0.22,0.0129,0.0,ok
KPC3_585_1,0.0,0.0,0.0,0.0,0.0,0.333,0.0622,0.0141,0.0158,ok
KPC3_585_3,0.0,0.0,0.0,0.0,0.0,0.321,0.1036,0.0155,0.0155,ok
KPC3_586_1,0.039593,0.012244,0.039593,0.348561,0.088423,0.534,0.168,0.0421,0.1195,ok
KPC3_586_3,0.098392,0.016849,0.098392,0.37969,0.366133,0.6,0.1393,0.0612,0.1818,ok
KPC3_587_3,0.322057,0.030175,0.322057,0.518135,0.514001,0.753,0.1447,0.1428,0.3173,ok
KPC3_588_0,0.49748,0.041076,0.49748,0.601437,0.597721,0.802,0.1864,0.1238,0.4133,ok
KPC3_588_1,0.0,0.0,0.0,0.0,0.0,0.278,0.1294,0.0129,0.0102,ok
KPC3_588_4,0.0,0.0,0.0,0.0,0.0,0.349,0.0617,0.0136,0.0159,ok
KPC3_588_6,0.0,0.0,0.0,0.0,0.0,0.288,0.0509,0.0142,0.0074,ok
KPC3_589_3,0.01852,0.012823,0.01852,0.337825,0.164856,0.521,0.0721,0.031,0.1036,ok
KPC3_589_5,0.400181,0.030807,0.400181,0.52676,0.522842,0.749,0.0987,0.09,0.3527,ok
KPC3_591_3,0.0,0.0,0.0,0.0,0.0,0.26,0.1961,0.0117,0.0,ok
KPC3_591_7,0.012962,0.0,0.012962,0.333138,0.024931,0.414,0.2079,0.0177,0.0585,ok
KPC3_591_8,0.01474,0.0,0.01474,0.360878,0.063699,0.412,0.3477,0.0175,0.0671,ok
KPC3_592_6,0.0,0.0,0.0,0.0,0.0,0.395,0.1581,0.0219,0.0258,ok
KPC3_592_7,0.015567,0.012716,0.015567,0.365055,0.340769,0.548,0.1242,0.0367,0.1414,ok
KPC3_593_2,0.0,0.0,0.0,0.0,0.0,0.344,0.0903,0.0161,0.0169,ok
KPC3_593_7,0.0,0.0,0.0,0.0,0.0,0.171,0.0552,0.0116,0.0,ok
KPC3_595_2,0.0127,0.0,0.0127,0.316572,0.032333,0.477,0.0958,0.0206,0.0607,ok
KPC3_595_3,0.255191,0.020008,0.255191,0.419911,0.4122,0.696,0.1106,0.0778,0.2476,ok
KPC3_595_7,0.269108,0.0222,0.269108,0.442953,0.436766,0.691,0.1307,0.0857,0.2597,ok
KPC3_596_8,0.39418,0.037002,0.39418,0.570319,0.567315,0.763,0.1256,0.1689,0.361,ok
KPC3_598_8,0.011251,0.0,0.011251,0.286715,0.011251,0.393,0.0617,0.0212,0.0244,ok
KPC3_599_5,0.01272,0.011609,0.01272,0.323648,0.055406,0.463,0.1314,0.026,0.0815,ok
KPC3_59_3,0.011479,0.0,0.011479,0.295456,0.011479,0.422,0.1171,0.0185,0.0367,ok
KPC3_59_4,0.233922,0.019273,0.233922,0.411409,0.400587,0.686,0.0781,0.049,0.2332,ok
KPC3_59_5,0.014315,0.0,0.014315,0.342707,0.029713,0.484,0.1404,0.022,0.0815,ok
KPC3_59_6,0.0,0.0,0.0,0.0,0.0,0.252,0.0334,0.0121,0.0,ok
KPC3_5_1,0.0,0.0,0.0,0.0,0.0,0.359,0.1229,0.0161,0.0085,ok
KPC3_600_1,0.27344,0.028277,0.27344,0.502817,0.487725,0.734,0.1229,0.0943,0.2424,ok
KPC3_601_1,0.0,0.0,0.0,0.0,0.0,0.197,0.0736,0.0136,0.0078,ok
KPC3_601_2,0.052416,0.013141,0.052416,0.355975,0.277164,0.554,0.0649,0.0296,0.1318,ok
KPC3_601_3,0.032244,0.012264,0.032244,0.345723,0.116217,0.506,0.0567,0.0263,0.1122,ok
KPC3_601_9,0.154609,0.017414,0.154609,0.389439,0.376618,0.596,0.0895,0.0582,0.1857,ok
KPC3_602_8,0.439371,0.03593,0.439371,0.50062,0.496819,0.747,0.1569,0.152,0.3327,ok
KPC3_603_3,0.472837,0.102219,0.472837,0.52949,0.525177,0.744,0.2414,0.2235,0.351,ok
KPC3_604_0,0.011029,0.0,0.011029,0.28782,0.011029,0.377,0.0707,0.0149,0.0352,ok
KPC3_604_3,0.013557,0.0,0.013557,0.331123,0.042758,0.399,0.1021,0.0188,0.0843,ok
KPC3_604_7,0.383569,0.027565,0.383569,0.496965,0.493067,0.727,0.1998,0.1174,0.3405,ok
KPC3_604_9,0.013233,0.0,0.013233,0.325663,0.025443,0.473,0.1484,0.0204,0.075,ok
KPC3_605_1,0.661445,0.146437,0.661445,0.849545,0.847459,0.896,0.1885,0.5076,0.5795,ok
KPC3_605_8,0.460311,0.047866,0.460311,0.631155,0.627353,0.803,0.0735,0.1781,0.4365,ok
KPC3_606_3,0.011712,0.0,0.011712,0.311667,0.011712,0.439,0.1985,0.0192,0.038,ok
KPC3_606_5,0.0,0.0,0.0,0.0,0.0,0.27,0.1505,0.0139,0.0197,ok
KPC3_606_6,0.012417,0.0,0.012417,0.32466,0.041172,0.398,0.0951,0.0186,0.0517,ok
KPC3_607_6,0.012304,0.0,0.012304,0.308315,0.012304,0.507,0.1374,0.0247,0.0483,ok
KPC3_607_8,0.179635,0.01415,0.179635,0.346275,0.273185,0.681,0.2345,0.0542,0.1565,ok
KPC3_608_1,0.012552,0.011514,0.012552,0.318138,0.02398,0.507,0.1219,0.0286,0.0764,ok
KPC3_608_9,0.0,0.0,0.0,0.0,0.0,0.279,0.2638,0.0136,0.0,ok
KPC3_609_3,0.216637,0.019709,0.216637,0.415465,0.407696,0.679,0.1451,0.071,0.2407,ok
KPC3_60_4,0.062432,0.013135,0.062432,0.327529,0.235118,0.612,0.0963,0.0347,0.1338,ok
KPC3_60_6,0.014581,0.0,0.014581,0.341141,0.018998,0.517,0.1118,0.0237,0.0616,ok
KPC3_610_2,0.0,0.0,0.0,0.0,0.0,0.314,0.0691,0.0161,0.0157,ok
KPC3_610_3,0.0,0.0,0.0,0.0,0.0,0.213,0.1936,0.014,0.0056,ok
KPC3_610_6,0.0,0.0,0.0,0.0,0.0,0.363,0.0886,0.0211,0.0248,ok
KPC3_610_7,0.187255,0.04948,0.187255,0.368621,0.361014,0.656,0.1355,0.0434,0.1799,ok
KPC3_611_7,0.0,0.0,0.0,0.0,0.0,0.316,0.1264,0.0151,0.0143,ok
KPC3_611_8,0.0,0.0,0.0,0.0,0.0,0.27,0.0616,0.0137,0.0,ok
KPC3_612_1,0.475775,0.058894,0.475775,0.67589,0.673863,0.795,0.2355,0.3156,0.4648,ok
KPC3_613_8,0.238265,0.022961,0.238265,0.452108,0.447434,0.696,0.1334,0.08,0.2648,ok
KPC3_615_5,0.058753,0.014208,0.058753,0.350621,0.315092,0.569,0.0787,0.045,0.1545,ok
KPC3_615_7,0.013471,0.012276,0.013471,0.326298,0.128963,0.517,0.0653,0.0361,0.1061,ok
KPC3_616_2,0.0,0.0,0.0,0.0,0.0,0.364,0.1091,0.0153,0.01,ok
KPC3_616_3,0.012147,0.0,0.012147,0.305533,0.012147,0.413,0.1676,0.019,0.0521,ok
KPC3_616_5,0.0,0.0,0.0,0.0,0.0,0.382,0.2192,0.0181,0.0196,ok
KPC3_618_3,0.091456,0.012756,0.091456,0.393979,0.171009,0.542,0.108,0.028,0.1159,ok
KPC3_618_7,0.013242,0.0,0.013242,0.339483,0.027524,0.391,0.1611,0.0197,0.0584,ok
KPC3_619_3,0.0,0.0,0.0,0.0,0.0,0.371,0.0925,0.019,0.0233,ok
KPC3_619_9,0.0,0.0,0.0,0.0,0.0,0.331,0.0385,0.0254,0.0518,ok
KPC3_61_4,0.0,0.0,0.0,0.0,0.0,0.397,0.0719,0.0163,0.0109,ok
KPC3_61_8,0.140109,0.019139,0.140109,0.404966,0.399585,0.649,0.1184,0.0578,0.2043,ok
KPC3_622_2,0.221663,0.025472,0.221663,0.393835,0.387992,0.671,0.1887,0.0505,0.2165,ok
KPC3_622_3,0.0,0.0,0.0,0.0,0.0,0.385,0.1382,0.0135,0.0088,ok
KPC3_622_6,0.695947,0.196169,0.695947,0.737028,0.735042,0.821,0.2658,0.17,0.5417,ok
KPC3_622_8,0.647477,0.172664,0.647477,0.749759,0.747141,0.831,0.1989,0.1752,0.5126,ok
KPC3_623_3,0.012832,0.0,0.012832,0.328869,0.05957,0.485,0.1302,0.0171,0.0639,ok
KPC3_625_2,0.01305,0.012331,0.01305,0.333518,0.135011,0.514,0.0631,0.0299,0.0963,ok
KPC3_625_3,0.0,0.0,0.0,0.0,0.0,0.341,0.0522,0.0159,0.0,ok
KPC3_625_4,0.0,0.0,0.0,0.0,0.0,0.277,0.055,0.0133,0.0,ok
KPC3_625_7,0.0,0.0,0.0,0.0,0.0,0.174,0.1125,0.011,0.0,ok
KPC3_626_5,0.025842,0.013141,0.025842,0.320397,0.248373,0.564,0.115,0.0407,0.1185,ok
KPC3_627_1,0.0,0.0,0.0,0.0,0.0,0.23,0.0617,0.0121,0.0,ok
KPC3_627_3,0.013073,0.0,0.013073,0.327596,0.019055,0.435,0.1549,0.0177,0.0538,ok
KPC3_627_5,0.0,0.0,0.0,0.0,0.0,0.302,0.1434,0.0114,0.0082,ok
KPC3_627_8,0.0,0.0,0.0,0.0,0.0,0.179,0.1071,0.0117,0.0,ok
KPC3_628_3,0.011539,0.0,0.011539,0.308782,0.011539,0.432,0.0963,0.0179,0.0561,ok
KPC3_628_8,0.0,0.0,0.0,0.0,0.0,0.285,0.1104,0.0131,0.021,ok
KPC3_629_0,0.016855,0.013338,0.016855,0.371303,0.35788,0.578,0.0238,0.0562,0.1602,ok
KPC3_629_1,0.268707,0.025504,0.268707,0.467869,0.462959,0.726,0.0987,0.0814,0.285,ok
KPC3_629_4,0.274052,0.044101,0.274052,0.612376,0.606821,0.759,0.2473,0.1926,0.3251,ok
KPC3_62_2,0.011963,0.01143,0.011963,0.30193,0.022017,0.485,0.0879,0.0213,0.0691,ok
KPC3_630_0,0.0,0.0,0.0,0.0,0.0,0.244,0.1226,0.012,0.0,ok
KPC3_631_1,0.0,0.0,0.0,0.0,0.0,0.373,0.0613,0.015,0.025,ok
KPC3_631_2,0.0,0.0,0.0,0.0,0.0,0.338,0.0993,0.0152,0.0,ok
KPC3_631_3,0.0,0.0,0.0,0.0,0.0,0.338,0.054,0.0184,0.0,ok
KPC3_631_4,0.0,0.0,0.0,0.0,0.0,0.218,0.0961,0.012,0.0,ok
KPC3_631_6,0.0,0.0,0.0,0.0,0.0,0.312,0.0547,0.0149,0.0188,ok
KPC3_631_7,0.0,0.0,0.0,0.0,0.0,0.24,0.0822,0.0126,0.0,ok
KPC3_632_3,0.012557,0.0,0.012557,0.315705,0.012557,0.407,0.0754,0.0242,0.0578,ok
KPC3_633_1,0.174241,0.013415,0.174241,0.352477,0.219263,0.647,0.0897,0.0432,0.1556,ok
KPC3_633_8,0.042034,0.012662,0.042034,0.327099,0.247415,0.599,0.0775,0.0419,0.1354,ok
KPC3_634_3,0.02068,0.011835,0.02068,0.316041,0.124949,0.55,0.0396,0.0237,0.1007,ok
KPC3_637_1,0.013562,0.01092,0.013562,0.339409,0.052928,0.543,0.1829,0.0258,0.0651,ok
KPC3_637_8,0.0,0.0,0.0,0.0,0.0,0.239,0.1095,0.0127,0.0,ok
KPC3_638_2,0.42985,0.054303,0.42985,0.655187,0.6515,0.796,0.1878,0.238,0.4087,ok
KPC3_638_6,0.013103,0.012902,0.013103,0.31506,0.261153,0.525,0.3056,0.0455,0.1033,ok
KPC3_638_9,0.197282,0.028884,0.197282,0.4993,0.496045,0.7,0.2391,0.1331,0.2925,ok
KPC3_639_4,0.013269,0.012884,0.013269,0.319203,0.227054,0.439,0.1033,0.0285,0.0749,ok
KPC3_639_7,0.426804,0.065366,0.426804,0.701173,0.699116,0.806,0.1232,0.2287,0.4506,ok
KPC3_641_9,0.0,0.0,0.0,0.0,0.0,0.222,0.112,0.014,0.0,ok
KPC3_644_6,0.0,0.0,0.0,0.0,0.0,0.19,0.0927,0.0115,0.0,ok
KPC3_645_1,0.2253,0.024638,0.2253,0.472075,0.463509,0.717,0.1642,0.0883,0.2359,ok
KPC3_646_3,0.0,0.0,0.0,0.0,0.0,0.296,0.0755,0.0164,0.009,ok
KPC3_648_3,0.405017,0.035937,0.405017,0.563688,0.559841,0.761,0.1368,0.1308,0.37,ok
KPC3_64_4,0.26282,0.020183,0.26282,0.399436,0.387777,0.641,0.2285,0.0508,0.1857,ok
KPC3_64_9,0.010818,0.0,0.010818,0.291338,0.010818,0.405,0.2577,0.0181,0.0508,ok
KPC3_650_2,0.0,0.0,0.0,0.0,0.0,0.288,0.0663,0.0138,0.0,ok
KPC3_650_5,0.121328,0.016379,0.121328,0.367517,0.357601,0.65,0.0938,0.05,0.192,ok
KPC3_650_8,0.0,0.0,0.0,0.0,0.0,0.351,0.057,0.0151,0.0,ok
KPC3_651_5,0.347245,0.030076,0.347245,0.438287,0.424349,0.664,0.1114,0.0799,0.2275,ok
KPC3_652_9,0.0,0.0,0.0,0.0,0.0,0.398,0.0398,0.021,0.03,ok
KPC3_653_1,0.011912,0.011676,0.011912,0.303985,0.024798,0.53,0.121,0.0238,0.0784,ok
KPC3_653_2,0.013862,0.0,0.013862,0.334713,0.045758,0.565,0.1583,0.0237,0.0616,ok
KPC3_653_3,0.129911,0.013226,0.129911,0.348283,0.300027,0.626,0.1175,0.0366,0.1549,ok
KPC3_653_5,0.16022,0.013179,0.16022,0.356255,0.274439,0.638,0.1056,0.0314,0.1427,ok
KPC3_656_5,0.0,0.0,0.0,0.0,0.0,0.256,0.0864,0.0154,0.0016,ok
KPC3_657_2,0.083445,0.015003,0.083445,0.34608,0.326053,0.616,0.0854,0.0492,0.174,ok
KPC3_657_3,0.35413,0.0462,0.35413,0.62382,0.619959,0.78,0.1473,0.2247,0.3863,ok
KPC3_657_4,0.398078,0.039036,0.398078,0.581834,0.577024,0.783,0.1792,0.1852,0.3706,ok
KPC3_659_2,0.0,0.0,0.0,0.0,0.0,0.424,0.0752,0.0192,0.0263,ok
KPC3_659_6,0.0,0.0,0.0,0.0,0.0,0.297,0.042,0.0138,0.0,ok
KPC3_65_7,0.011363,0.0,0.011363,0.294032,0.011363,0.431,0.0562,0.0204,0.0472,ok
KPC3_65_9,0.013542,0.0,0.013542,0.331928,0.013542,0.428,0.1805,0.0196,0.064,ok
KPC3_660_0,0.146778,0.014314,0.146778,0.364202,0.282304,0.645,0.1855,0.0606,0.1538,ok
KPC3_660_1,0.140106,0.014151,0.140106,0.362057,0.225172,0.631,0.2348,0.0748,0.1387,ok
KPC3_660_2,0.117287,0.014073,0.117287,0.357435,0.243318,0.6,0.1972,0.0471,0.1241,ok
KPC3_660_7,0.013993,0.0,0.013993,0.331132,0.013993,0.493,0.1205,0.0204,0.0638,ok
KPC3_662_4,0.489312,0.060145,0.489312,0.610393,0.60748,0.785,0.0938,0.1311,0.4232,ok
KPC3_662_8,0.010773,0.0,0.010773,0.286132,0.010773,0.373,0.1096,0.0138,0.0376,ok
KPC3_663_1,0.121439,0.011638,0.121439,0.368924,0.164587,0.629,0.0936,0.0316,0.1003,ok
KPC3_663_3,0.017036,0.0,0.017036,0.32749,0.060573,0.543,0.1567,0.0258,0.0779,ok
KPC3_663_4,0.333787,0.022729,0.333787,0.452606,0.440546,0.744,0.1809,0.09,0.2608,ok
KPC3_663_7,0.132649,0.015348,0.132649,0.375266,0.188386,0.667,0.1411,0.0515,0.1526,ok
KPC3_663_8,0.25887,0.02201,0.25887,0.440235,0.429186,0.695,0.0908,0.0654,0.2358,ok
KPC3_663_9,0.0,0.0,0.0,0.0,0.0,0.376,0.1034,0.0154,0.0162,ok
KPC3_664_2,0.308791,0.022764,0.308791,0.450078,0.443066,0.699,0.1128,0.0639,0.2659,ok
KPC3_664_4,0.687228,0.102099,0.687228,0.789637,0.787582,0.865,0.1361,0.247,0.5904,ok
KPC3_664_5,0.558513,0.05425,0.558513,0.667682,0.664189,0.817,0.1232,0.1647,0.4989,ok
KPC3_664_7,0.308723,0.019173,0.308723,0.409928,0.362239,0.703,0.1116,0.0519,0.2215,ok
KPC3_664_8,0.012518,0.0,0.012518,0.313795,0.031882,0.477,0.1114,0.0253,0.0613,ok
KPC3_664_9,0.577339,0.070932,0.577339,0.702562,0.699449,0.813,0.0761,0.2415,0.4814,ok
KPC3_665_0,0.175179,0.015241,0.175179,0.371464,0.324214,0.632,0.1145,0.0558,0.1709,ok
KPC3_665_1,0.012895,0.0,0.012895,0.322688,0.030822,0.515,0.1148,0.0229,0.0625,ok
KPC3_665_3,0.011293,0.0,0.011293,0.294679,0.011293,0.418,0.08,0.0248,0.0421,ok
KPC3_665_5,0.010967,0.0,0.010967,0.288554,0.010967,0.443,0.0574,0.018,0.0415,ok
KPC3_665_6,0.168892,0.015186,0.168892,0.37569,0.344303,0.637,0.1481,0.0597,0.1818,ok
KPC3_665_8,0.452526,0.039023,0.452526,0.5501,0.546337,0.763,0.1611,0.1317,0.3762,ok
KPC3_668_3,0.037122,0.012025,0.037122,0.354277,0.118069,0.57,0.1635,0.0265,0.088,ok
KPC3_668_4,0.0,0.0,0.0,0.0,0.0,0.27,0.1346,0.0119,0.0,ok
KPC3_668_5,0.010954,0.0,0.010954,0.297048,0.010954,0.455,0.1512,0.0198,0.0391,ok
KPC3_669_1,0.0,0.0,0.0,0.0,0.0,0.332,0.0609,0.0146,0.0,ok
KPC3_66_2,0.011891,0.0,0.011891,0.303381,0.011891,0.444,0.0766,0.0188,0.0411,ok
KPC3_671_1,0.0,0.0,0.0,0.0,0.0,0.371,0.1832,0.0191,0.0102,ok
KPC3_671_3,0.0,0.0,0.0,0.0,0.0,0.206,0.0663,0.0124,0.0,ok
KPC3_671_4,0.012896,0.0,0.012896,0.333601,0.05615,0.479,0.0638,0.0179,0.0555,ok
KPC3_671_5,0.0,0.0,0.0,0.0,0.0,0.249,0.1409,0.0137,0.0,ok
KPC3_671_7,0.0,0.0,0.0,0.0,0.0,0.282,0.175,0.0141,0.0064,ok
KPC3_672_3,0.0,0.0,0.0,0.0,0.0,0.231,0.1226,0.0125,0.0,ok
KPC3_672_7,0.033091,0.012005,0.033091,0.335809,0.127868,0.555,0.094,0.0277,0.1046,ok
KPC3_672_8,0.011831,0.0,0.011831,0.302287,0.011831,0.342,0.15,0.0146,0.0475,ok
KPC3_673_0,0.019918,0.0,0.019918,0.366473,0.087448,0.494,0.1591,0.0202,0.0887,ok
KPC3_675_2,0.0,0.0,0.0,0.0,0.0,0.419,0.1059,0.0162,0.0252,ok
KPC3_675_4,0.0,0.0,0.0,0.0,0.0,0.325,0.1154,0.0151,0.0185,ok
KPC3_675_8,0.017021,0.0,0.017021,0.366971,0.096491,0.553,0.0951,0.0259,0.0787,ok
KPC3_676_7,0.012604,0.0,0.012604,0.314895,0.02229,0.52,0.1299,0.0269,0.0647,ok
KPC3_676_8,0.012872,0.0,0.012872,0.319364,0.012872,0.437,0.1881,0.0181,0.0611,ok
KPC3_677_2,0.0,0.0,0.0,0.0,0.0,0.321,0.1347,0.0143,0.0194,ok
KPC3_677_4,0.0,0.0,0.0,0.0,0.0,0.215,0.0925,0.0149,0.0,ok
KPC3_677_7,0.0,0.0,0.0,0.0,0.0,0.238,0.105,0.0128,0.0,ok
KPC3_677_8,0.115605,0.013564,0.115605,0.385127,0.27164,0.629,0.198,0.0406,0.1347,ok
KPC3_678_9,0.012246,0.0,0.012246,0.321755,0.012246,0.42,0.121,0.0175,0.051,ok
KPC3_679_0,0.373338,0.026129,0.373338,0.491,0.487085,0.735,0.2334,0.0971,0.3019,ok
KPC3_679_7,0.516522,0.047642,0.516522,0.632539,0.628948,0.798,0.1319,0.15,0.452,ok
KPC3_679_8,0.012127,0.0,0.012127,0.308525,0.017685,0.478,0.1133,0.024,0.0674,ok
KPC3_681_1,0.519868,0.113249,0.519868,0.81241,0.810392,0.866,0.2104,0.3441,0.5282,ok
KPC3_681_2,0.014736,0.01283,0.014736,0.340551,0.318232,0.595,0.1275,0.0507,0.1516,ok
KPC3_681_3,0.011699,0.0,0.011699,0.292163,0.011699,0.483,0.0505,0.0259,0.0554,ok
KPC3_681_4,0.140652,0.028633,0.140652,0.504948,0.493994,0.703,0.082,0.0766,0.2561,ok
KPC3_681_5,0.415556,0.039672,0.415556,0.587841,0.583825,0.788,0.1608,0.209,0.3989,ok
KPC3_681_6,0.136532,0.022808,0.136532,0.445763,0.434996,0.682,0.083,0.0797,0.2469,ok
KPC3_681_8,0.011628,0.0,0.011628,0.290875,0.011628,0.541,0.1563,0.0261,0.0559,ok
KPC3_683_2,0.113518,0.014804,0.113518,0.34748,0.327001,0.615,0.0541,0.0494,0.1702,ok
KPC3_683_8,0.02912,0.0,0.02912,0.353222,0.070292,0.554,0.0811,0.026,0.0951,ok
KPC3_684_1,0.133672,0.012967,0.133672,0.358565,0.202881,0.621,0.1035,0.0437,0.1452,ok
KPC3_684_5,0.015037,0.0,0.015037,0.349302,0.044959,0.542,0.1413,0.027,0.0739,ok
KPC3_685_0,0.733874,0.166335,0.733874,0.871375,0.870643,0.904,0.3639,0.5719,0.6606,ok
KPC3_685_4,0.215423,0.019885,0.215423,0.415147,0.402117,0.693,0.1146,0.0745,0.2439,ok
KPC3_685_8,0.016318,0.01347,0.016318,0.366134,0.351356,0.594,0.0984,0.0505,0.1675,ok
KPC3_686_6,0.041029,0.012151,0.041029,0.3324,0.092986,0.559,0.0904,0.0407,0.1057,ok
KPC3_686_8,0.123642,0.014873,0.123642,0.352226,0.328252,0.604,0.1371,0.0437,0.1551,ok
KPC3_687_0,0.0,0.0,0.0,0.0,0.0,0.281,0.1655,0.0152,0.0,ok
KPC3_687_5,0.0,0.0,0.0,0.0,0.0,0.213,0.1401,0.0118,0.0,ok
KPC3_687_7,0.016435,0.011986,0.016435,0.332506,0.256869,0.596,0.2955,0.0484,0.098,ok
KPC3_689_4,0.0,0.0,0.0,0.0,0.0,0.366,0.0923,0.0197,0.0169,ok
KPC3_689_5,0.0,0.0,0.0,0.0,0.0,0.36,0.1334,0.0176,0.0209,ok
KPC3_689_7,0.178039,0.032046,0.178039,0.375628,0.336857,0.635,0.2795,0.0633,0.1616,ok
KPC3_690_6,0.011081,0.0,0.011081,0.291979,0.011081,0.449,0.1636,0.0233,0.0391,ok
KPC3_691_8,0.158654,0.016326,0.158654,0.368845,0.351096,0.662,0.1462,0.0886,0.1835,ok
KPC3_692_3,0.151029,0.018265,0.151029,0.393028,0.381845,0.66,0.0669,0.0587,0.2253,ok
KPC3_692_7,0.168851,0.022221,0.168851,0.441315,0.430584,0.703,0.1331,0.0906,0.2467,ok
KPC3_692_9,0.488067,0.071212,0.488067,0.723647,0.720349,0.834,0.1017,0.2174,0.4646,ok
KPC3_694_2,0.011329,0.0,0.011329,0.297265,0.011329,0.414,0.1572,0.0174,0.031,ok
KPC3_694_3,0.0,0.0,0.0,0.0,0.0,0.273,0.1466,0.014,0.0,ok
KPC3_695_2,0.023249,0.012405,0.023249,0.336624,0.099833,0.552,0.2337,0.027,0.0706,ok
KPC3_697_7,0.012368,0.0,0.012368,0.31335,0.012368,0.437,0.0885,0.0215,0.035,ok
KPC3_698_0,0.143284,0.013049,0.143284,0.355734,0.183918,0.572,0.1348,0.0499,0.1206,ok
KPC3_699_7,0.011739,0.011583,0.011739,0.303459,0.13571,0.51,0.1912,0.0307,0.0852,ok
KPC3_69_2,0.0,0.0,0.0,0.0,0.0,0.22,0.1184,0.0123,0.0,ok
KPC3_6_1,0.0,0.0,0.0,0.0,0.0,0.25,0.1069,0.0116,0.0,ok
KPC3_6_5,0.163202,0.016482,0.163202,0.38041,0.361949,0.594,0.0881,0.0637,0.1779,ok
KPC3_701_7,0.252426,0.02262,0.252426,0.448929,0.440276,0.695,0.1156,0.0848,0.2498,ok
KPC3_702_0,0.013209,0.0,0.013209,0.323129,0.037678,0.495,0.1075,0.022,0.0814,ok
KPC3_702_3,0.56143,0.068905,0.56143,0.714598,0.711352,0.843,0.337,0.415,0.4929,ok
KPC3_702_6,0.012804,0.0,0.012804,0.315532,0.026624,0.493,0.1691,0.0228,0.0624,ok
KPC3_702_7,0.071691,0.0,0.071691,0.341327,0.111025,0.586,0.1282,0.0281,0.0825,ok
KPC3_703_2,0.012317,0.0,0.012317,0.312546,0.012317,0.443,0.145,0.0289,0.0575,ok
KPC3_703_5,0.17197,0.019708,0.17197,0.416254,0.404828,0.627,0.0695,0.0679,0.2089,ok
KPC3_703_9,0.331876,0.023001,0.331876,0.454447,0.446732,0.698,0.2274,0.071,0.2627,ok
KPC3_704_5,0.0,0.0,0.0,0.0,0.0,0.276,0.1801,0.0151,0.024,ok
KPC3_705_6,0.253843,0.045507,0.253843,0.617146,0.614029,0.763,0.1382,0.1818,0.3456,ok
KPC3_705_8,0.017441,0.012543,0.017441,0.322367,0.23,0.557,0.0684,0.0451,0.1239,ok
KPC3_706_2,0.0,0.0,0.0,0.0,0.0,0.415,0.222,0.0151,0.0102,ok
KPC3_706_3,0.060301,0.012779,0.060301,0.356752,0.124294,0.536,0.1256,0.0274,0.1092,ok
KPC3_706_4,0.0,0.0,0.0,0.0,0.0,0.145,0.1178,0.0116,0.0,ok
KPC3_706_7,0.0,0.0,0.0,0.0,0.0,0.287,0.1026,0.0135,0.0,ok
KPC3_708_6,0.012722,0.0,0.012722,0.320531,0.026457,0.469,0.1076,0.0218,0.0666,ok
KPC3_70_3,0.0,0.0,0.0,0.0,0.0,0.362,0.145,0.0189,0.0224,ok
KPC3_70_7,0.3432,0.062963,0.3432,0.460283,0.456609,0.721,0.1821,0.0641,0.2508,ok
KPC3_710_3,0.0,0.0,0.0,0.0,0.0,0.265,0.1491,0.0118,0.0,ok
KPC3_710_7,0.011196,0.0,0.011196,0.300977,0.011196,0.351,0.1359,0.0129,0.0359,ok
KPC3_710_8,0.0,0.0,0.0,0.0,0.0,0.251,0.1013,0.0137,0.0064,ok
KPC3_713_4,0.0,0.0,0.0,0.0,0.0,0.264,0.0535,0.0126,0.0233,ok
KPC3_713_5,0.184871,0.013271,0.184871,0.355804,0.253935,0.655,0.1367,0.0495,0.1516,ok
KPC3_715_0,0.016917,0.012081,0.016917,0.330766,0.079532,0.499,0.0897,0.0236,0.0881,ok
KPC3_715_2,0.50518,0.069347,0.50518,0.554639,0.551705,0.762,0.1453,0.1165,0.3643,ok
KPC3_715_8,0.01233,0.011544,0.01233,0.316806,0.034814,0.458,0.0862,0.0221,0.078,ok
KPC3_715_9,0.741312,0.207596,0.741312,0.774498,0.772548,0.835,0.1453,0.4447,0.5305,ok
KPC3_716_4,0.013507,0.0,0.013507,0.327517,0.040554,0.468,0.2275,0.0295,0.0733,ok
KPC3_716_9,0.238058,0.018227,0.238058,0.397674,0.386777,0.69,0.0602,0.0541,0.2236,ok
KPC3_719_5,0.022914,0.013344,0.022914,0.341687,0.236621,0.515,0.1848,0.0246,0.0872,ok
KPC3_719_7,0.0,0.0,0.0,0.0,0.0,0.283,0.1428,0.0131,0.0061,ok
KPC3_720_0,0.0,0.0,0.0,0.0,0.0,0.402,0.149,0.0177,0.024,ok
KPC3_720_6,0.0,0.0,0.0,0.0,0.0,0.346,0.0693,0.0187,0.0027,ok
KPC3_720_8,0.454312,0.10622,0.454312,0.669914,0.666575,0.811,0.2488,0.1491,0.4163,ok
KPC3_722_0,0.163081,0.013628,0.163081,0.381568,0.27546,0.636,0.0817,0.0431,0.1526,ok
KPC3_722_2,0.134265,0.016632,0.134265,0.374613,0.361818,0.642,0.096,0.0528,0.183,ok
KPC3_722_3,0.136504,0.017612,0.136504,0.388309,0.377673,0.628,0.0877,0.0522,0.1883,ok
KPC3_723_5,0.011922,0.011541,0.011922,0.299947,0.019237,0.533,0.0878,0.0252,0.0691,ok
KPC3_724_2,0.0,0.0,0.0,0.0,0.0,0.248,0.109,0.0124,0.0,ok
KPC3_724_3,0.010969,0.0,0.010969,0.297952,0.010969,0.38,0.1199,0.0161,0.0252,ok
KPC3_724_5,0.017976,0.0,0.017976,0.351876,0.086496,0.471,0.1221,0.0261,0.0829,ok
KPC3_724_6,0.010913,0.0,0.010913,0.29687,0.010913,0.38,0.2292,0.0209,0.038,ok
KPC3_724_8,0.0,0.0,0.0,0.0,0.0,0.271,0.0706,0.0178,0.0107,ok
KPC3_725_3,0.0,0.0,0.0,0.0,0.0,0.302,0.1887,0.0159,0.0,ok
KPC3_726_0,0.0,0.0,0.0,0.0,0.0,0.319,0.0759,0.0133,0.0057,ok
KPC3_728_2,0.012221,0.0,0.012221,0.306864,0.012221,0.356,0.0986,0.0174,0.0366,ok
KPC3_728_3,0.144724,0.013543,0.144724,0.340207,0.258164,0.649,0.0994,0.0377,0.1351,ok
KPC3_728_7,0.664943,0.071946,0.664943,0.730293,0.727774,0.874,0.1199,0.1802,0.5424,ok
KPC3_728_9,0.0,0.0,0.0,0.0,0.0,0.319,0.1257,0.0129,0.0099,ok
KPC3_72_5,0.065414,0.011877,0.065414,0.339652,0.110422,0.565,0.1517,0.03,0.0989,ok
KPC3_72_8,0.16201,0.019229,0.16201,0.408034,0.401976,0.659,0.0902,0.0614,0.2245,ok
KPC3_72_9,0.012968,0.0,0.012968,0.320882,0.036996,0.502,0.1656,0.0251,0.0627,ok
KPC3_732_1,0.01218,0.0,0.01218,0.3113,0.032927,0.455,0.144,0.0222,0.0659,ok
KPC3_732_5,0.0,0.0,0.0,0.0,0.0,0.352,0.1359,0.0158,0.0142,ok
KPC3_733_2,0.351862,0.034145,0.351862,0.549264,0.533665,0.761,0.0879,0.128,0.2718,ok
KPC3_733_3,0.042015,0.0,0.042015,0.331937,0.080259,0.571,0.0745,0.0227,0.0776,ok
KPC3_733_4,0.0,0.0,0.0,0.0,0.0,0.304,0.063,0.0112,0.0204,ok
KPC3_736_1,0.0,0.0,0.0,0.0,0.0,0.203,0.1555,0.0116,0.0,ok
KPC3_736_7,0.414504,0.028337,0.414504,0.469211,0.463889,0.729,0.1566,0.1084,0.2951,ok
KPC3_736_8,0.291001,0.017142,0.291001,0.379186,0.35878,0.676,0.1238,0.0422,0.2041,ok
KPC3_736_9,0.015327,0.012161,0.015327,0.329051,0.065507,0.512,0.1762,0.0349,0.0888,ok
KPC3_737_9,0.0,0.0,0.0,0.0,0.0,0.31,0.1331,0.0142,0.0015,ok
KPC3_738_4,0.0,0.0,0.0,0.0,0.0,0.214,0.1137,0.0123,0.0,ok
KPC3_738_7,0.074223,0.015556,0.074223,0.363493,0.34098,0.603,0.0822,0.0416,0.1586,ok
KPC3_738_8,0.0,0.0,0.0,0.0,0.0,0.411,0.0557,0.0175,0.0295,ok
KPC3_73_0,0.197868,0.014539,0.197868,0.386987,0.302317,0.686,0.0978,0.0453,0.1855,ok
KPC3_742_0,0.0,0.0,0.0,0.0,0.0,0.214,0.0463,0.0116,0.0,ok
KPC3_742_3,0.078191,0.015445,0.078191,0.369526,0.347838,0.569,0.1361,0.0511,0.1537,ok
KPC3_743_8,0.013109,0.01237,0.013109,0.32231,0.199767,0.506,0.161,0.0289,0.101,ok
KPC3_744_1,0.551275,0.183579,0.551275,0.711419,0.711419,0.826,0.3053,0.1971,0.4964,ok
KPC3_745_0,0.0,0.0,0.0,0.0,0.0,0.222,0.124,0.0124,0.0,ok
KPC3_745_1,0.034553,0.020067,0.034553,0.360929,0.34796,0.605,0.1419,0.0536,0.1474,ok
KPC3_745_5,0.0,0.0,0.0,0.0,0.0,0.242,0.1098,0.0146,0.0,ok
KPC3_745_7,0.0,0.0,0.0,0.0,0.0,0.303,0.1318,0.0159,0.0,ok
KPC3_746_1,0.0,0.0,0.0,0.0,0.0,0.211,0.0762,0.0135,0.0,ok
KPC3_746_5,0.0,0.0,0.0,0.0,0.0,0.135,0.0582,0.0115,0.0,ok
KPC3_747_3,0.555256,0.050662,0.555256,0.651125,0.647553,0.822,0.1183,0.1247,0.4742,ok
KPC3_747_4,0.0,0.0,0.0,0.0,0.0,0.231,0.1056,0.0128,0.0,ok
KPC3_748_0,0.22996,0.020438,0.22996,0.420556,0.40574,0.709,0.0795,0.0829,0.235,ok
KPC3_749_3,0.011158,0.0,0.011158,0.285008,0.011158,0.465,0.045,0.0223,0.055,ok
KPC3_749_4,0.493692,0.044205,0.493692,0.614711,0.610871,0.814,0.1265,0.1654,0.4352,ok
KPC3_749_9,0.012,0.0,0.012,0.299963,0.012,0.504,0.0771,0.0219,0.056,ok
KPC3_750_3,0.0,0.0,0.0,0.0,0.0,0.262,0.0461,0.0121,0.0,ok
KPC3_751_7,0.0,0.0,0.0,0.0,0.0,0.333,0.1161,0.017,0.0082,ok
KPC3_751_8,0.012245,0.0,0.012245,0.317102,0.019755,0.467,0.154,0.0194,0.0502,ok
KPC3_752_2,0.012774,0.012442,0.012774,0.310922,0.111822,0.561,0.1248,0.0402,0.1027,ok
KPC3_753_1,0.0,0.0,0.0,0.0,0.0,0.188,0.0918,0.0111,0.0,ok
KPC3_754_7,0.0,0.0,0.0,0.0,0.0,0.399,0.1478,0.0173,0.0259,ok
KPC3_754_8,0.012144,0.0,0.012144,0.309527,0.100621,0.493,0.1138,0.0247,0.0576,ok
KPC3_755_1,0.01232,0.0,0.01232,0.315953,0.01232,0.467,0.1002,0.0211,0.0378,ok
KPC3_755_2,0.0,0.0,0.0,0.0,0.0,0.195,0.0931,0.0126,0.0,ok
KPC3_755_4,0.012265,0.0,0.012265,0.314399,0.058855,0.51,0.1216,0.0378,0.078,ok
KPC3_755_5,0.0,0.0,0.0,0.0,0.0,0.385,0.085,0.0142,0.0129,ok
KPC3_755_6,0.0,0.0,0.0,0.0,0.0,0.357,0.0944,0.0169,0.0182,ok
KPC3_755_7,0.0,0.0,0.0,0.0,0.0,0.338,0.0929,0.0143,0.0134,ok
KPC3_756_2,0.0,0.0,0.0,0.0,0.0,0.324,0.1075,0.012,0.0,ok
KPC3_756_7,0.0,0.0,0.0,0.0,0.0,0.317,0.1036,0.0145,0.0,ok
KPC3_75_0,0.0,0.0,0.0,0.0,0.0,0.214,0.1545,0.0117,0.0,ok
KPC3_75_5,0.010704,0.0,0.010704,0.289754,0.010704,0.351,0.1491,0.0158,0.029,ok
KPC3_75_7,0.0,0.0,0.0,0.0,0.0,0.232,0.0756,0.0134,0.0,ok
KPC3_760_1,0.011063,0.0,0.011063,0.281909,0.011063,0.427,0.1107,0.02,0.0377,ok
KPC3_761_2,0.0,0.0,0.0,0.0,0.0,0.284,0.098,0.013,0.0,ok
KPC3_761_5,0.010982,0.010903,0.010982,0.299425,0.010982,0.427,0.1439,0.0282,0.0545,ok
KPC3_761_6,0.0,0.0,0.0,0.0,0.0,0.346,0.0568,0.0144,0.0,ok
KPC3_761_9,0.011432,0.0,0.011432,0.307931,0.011432,0.411,0.1265,0.0219,0.0418,ok
KPC3_763_0,0.0,0.0,0.0,0.0,0.0,0.339,0.0873,0.0144,0.0155,ok
KPC3_764_0,0.012829,0.012172,0.012829,0.314872,0.27329,0.56,0.0918,0.043,0.1147,ok
KPC3_764_3,0.16215,0.012968,0.16215,0.344664,0.252341,0.637,0.1405,0.0387,0.1444,ok
KPC3_764_6,0.0,0.0,0.0,0.0,0.0,0.33,0.0841,0.0166,0.0,ok
KPC3_764_7,0.015119,0.013274,0.015119,0.349953,0.334086,0.567,0.2169,0.0412,0.1473,ok
KPC3_764_8,0.319202,0.025727,0.319202,0.476007,0.472018,0.702,0.0977,0.1019,0.2933,ok
KPC3_764_9,0.412813,0.042381,0.412813,0.604319,0.601248,0.78,0.1221,0.1291,0.3898,ok
KPC3_766_9,0.031614,0.0,0.031614,0.337236,0.103675,0.542,0.1563,0.0288,0.0678,ok
KPC3_767_6,0.100013,0.019967,0.100013,0.415583,0.40699,0.652,0.1051,0.0558,0.2174,ok
KPC3_768_0,0.609924,0.087836,0.609924,0.770309,0.767516,0.87,0.1685,0.2481,0.5533,ok
KPC3_768_1,0.374624,0.027565,0.374624,0.500691,0.495176,0.74,0.0941,0.0793,0.3244,ok
KPC3_768_2,0.107352,0.014351,0.107352,0.352474,0.261725,0.596,0.0972,0.0502,0.1346,ok
KPC3_768_4,0.0,0.0,0.0,0.0,0.0,0.416,0.0399,0.0175,0.026,ok
KPC3_769_5,0.121137,0.014144,0.121137,0.366457,0.290042,0.628,0.0809,0.0483,0.1545,ok
KPC3_769_8,0.690224,0.126448,0.690224,0.831633,0.829826,0.892,0.4341,0.6943,0.5999,ok
KPC3_769_9,0.086004,0.013916,0.086004,0.3525,0.255169,0.615,0.0694,0.0425,0.132,ok
KPC3_771_0,0.0,0.0,0.0,0.0,0.0,0.149,0.0783,0.0113,0.0,ok
KPC3_771_3,0.0,0.0,0.0,0.0,0.0,0.318,0.141,0.0151,0.0,ok
KPC3_771_9,0.0,0.0,0.0,0.0,0.0,0.198,0.1494,0.0118,0.0,ok
KPC3_772_4,0.012572,0.01198,0.012572,0.313268,0.113858,0.542,0.0801,0.032,0.09,ok
KPC3_772_8,0.549683,0.062127,0.549683,0.69506,0.691703,0.837,0.1274,0.1842,0.4641,ok
KPC3_774_7,0.0,0.0,0.0,0.0,0.0,0.196,0.078,0.0129,0.0,ok
KPC3_776_1,0.137171,0.014371,0.137171,0.368226,0.326548,0.649,0.1623,0.0492,0.166,ok
KPC3_776_5,0.345075,0.032331,0.345075,0.53633,0.533265,0.735,0.0645,0.0942,0.3249,ok
KPC3_778_2,0.188488,0.017137,0.188488,0.376537,0.362343,0.674,0.1067,0.0568,0.1998,ok
KPC3_778_5,0.0,0.0,0.0,0.0,0.0,0.288,0.0513,0.0158,0.0,ok
KPC3_778_6,0.0,0.0,0.0,0.0,0.0,0.462,0.0396,0.021,0.0306,ok
KPC3_779_9,0.318868,0.039538,0.318868,0.583119,0.580715,0.752,0.2067,0.1763,0.3545,ok
KPC3_77_1,0.011253,0.0,0.011253,0.284726,0.011253,0.467,0.1102,0.0233,0.0563,ok
KPC3_77_8,0.023343,0.012807,0.023343,0.317445,0.261726,0.585,0.1068,0.0449,0.1342,ok
KPC3_781_1,0.013377,0.0,0.013377,0.338371,0.060053,0.467,0.2312,0.0238,0.0733,ok
KPC3_781_4,0.470718,0.096733,0.470718,0.543846,0.541055,0.74,0.3429,0.3022,0.3559,ok
KPC3_782_8,0.146006,0.012723,0.146006,0.371297,0.201609,0.616,0.1342,0.047,0.1293,ok
KPC3_783_4,0.0,0.0,0.0,0.0,0.0,0.397,0.08,0.0175,0.0194,ok
KPC3_783_9,0.198848,0.017594,0.198848,0.391193,0.378139,0.668,0.0621,0.0572,0.2055,ok
KPC3_784_1,0.012941,0.010996,0.012941,0.32293,0.030931,0.472,0.059,0.0329,0.082,ok
KPC3_784_6,0.097465,0.013658,0.097465,0.38274,0.245061,0.607,0.12,0.0384,0.1413,ok
KPC3_784_8,0.234748,0.017347,0.234748,0.388818,0.359917,0.675,0.1227,0.0455,0.1765,ok
KPC3_785_0,0.0,0.0,0.0,0.0,0.0,0.16,0.0927,0.0124,0.0,ok
KPC3_785_3,0.0,0.0,0.0,0.0,0.0,0.174,0.0989,0.012,0.0,ok
KPC3_785_4,0.243504,0.049372,0.243504,0.39765,0.317061,0.679,0.1857,0.065,0.1563,ok
KPC3_785_5,0.0,0.0,0.0,0.0,0.0,0.32,0.1126,0.0156,0.0172,ok
KPC3_785_9,0.011796,0.0,0.011796,0.313482,0.026403,0.385,0.1301,0.0186,0.0451,ok
KPC3_786_4,0.0,0.0,0.0,0.0,0.0,0.341,0.097,0.014,0.0,ok
KPC3_787_1,0.0,0.0,0.0,0.0,0.0,0.283,0.0555,0.0137,0.0,ok
KPC3_787_2,0.0,0.0,0.0,0.0,0.0,0.233,0.163,0.0131,0.0,ok
KPC3_788_0,0.0,0.0,0.0,0.0,0.0,0.143,0.1253,0.0115,0.0,ok
KPC3_788_8,0.012064,0.0,0.012064,0.319369,0.015732,0.475,0.2061,0.0199,0.0374,ok
KPC3_78_3,0.281876,0.021005,0.281876,0.429754,0.417559,0.733,0.1764,0.1118,0.2469,ok
KPC3_78_9,0.0,0.0,0.0,0.0,0.0,0.302,0.0591,0.0148,0.0128,ok
KPC3_795_4,0.0,0.0,0.0,0.0,0.0,0.422,0.1005,0.0189,0.0185,ok
KPC3_795_7,0.012473,0.01205,0.012473,0.308679,0.207182,0.528,0.0707,0.0256,0.093,ok
KPC3_796_3,0.014058,0.0,0.014058,0.341653,0.031368,0.456,0.1651,0.0196,0.0759,ok
KPC3_796_7,0.0,0.0,0.0,0.0,0.0,0.4,0.1012,0.0162,0.0223,ok
KPC3_797_4,0.0,0.0,0.0,0.0,0.0,0.288,0.1749,0.0129,0.0,ok
KPC3_798_2,0.012028,0.0,0.012028,0.314429,0.012028,0.378,0.1434,0.0173,0.0446,ok
KPC3_798_4,0.0,0.0,0.0,0.0,0.0,0.341,0.1048,0.0176,0.008,ok
KPC3_799_6,0.012,0.0,0.012,0.306075,0.012,0.429,0.0788,0.0206,0.0452,ok
KPC3_799_8,0.0,0.0,0.0,0.0,0.0,0.193,0.0485,0.0121,0.0,ok
KPC3_799_9,0.0,0.0,0.0,0.0,0.0,0.274,0.0436,0.014,0.0,ok
KPC3_79_1,0.443214,0.104704,0.443214,0.539882,0.536278,0.745,0.1302,0.146,0.3581,ok
KPC3_7_2,0.0,0.0,0.0,0.0,0.0,0.264,0.0379,0.0128,0.0,ok
KPC3_7_4,0.0,0.0,0.0,0.0,0.0,0.226,0.0589,0.0125,0.0,ok
KPC3_801_0,0.688766,0.172077,0.688766,0.756805,0.754265,0.817,0.278,0.635,0.534,ok
KPC3_802_6,0.240425,0.020892,0.240425,0.438282,0.420265,0.622,0.1865,0.0885,0.2244,ok
KPC3_802_7,0.013538,0.0,0.013538,0.33877,0.068402,0.503,0.1095,0.022,0.0629,ok
KPC3_803_3,0.0,0.0,0.0,0.0,0.0,0.237,0.1183,0.014,0.0,ok
KPC3_803_7,0.0,0.0,0.0,0.0,0.0,0.332,0.2287,0.0158,0.0235,ok
KPC3_804_1,0.0,0.0,0.0,0.0,0.0,0.286,0.0934,0.0159,0.0,ok
KPC3_805_0,0.223054,0.020534,0.223054,0.420707,0.407616,0.708,0.1172,0.067,0.2235,ok
KPC3_805_4,0.013673,0.013024,0.013673,0.325397,0.278868,0.597,0.0985,0.0478,0.1354,ok
KPC3_805_7,0.217064,0.023191,0.217064,0.452224,0.44565,0.715,0.1039,0.0842,0.2602,ok
KPC3_806_1,0.0,0.0,0.0,0.0,0.0,0.214,0.1383,0.0109,0.0,ok
KPC3_806_3,0.0,0.0,0.0,0.0,0.0,0.39,0.1293,0.0154,0.0036,ok
KPC3_806_5,0.051355,0.012255,0.051355,0.335861,0.191753,0.617,0.1906,0.0405,0.0979,ok
KPC3_807_1,0.0,0.0,0.0,0.0,0.0,0.223,0.048,0.0126,0.0,ok
KPC3_807_7,0.528921,0.05264,0.528921,0.65352,0.650676,0.801,0.1591,0.1841,0.4706,ok
KPC3_807_8,0.012212,0.012175,0.012212,0.306706,0.148211,0.509,0.087,0.0241,0.0943,ok
KPC3_807_9,0.340436,0.02548,0.340436,0.480121,0.474521,0.734,0.099,0.0819,0.3006,ok
KPC3_808_5,0.027096,0.012765,0.027096,0.31718,0.267214,0.579,0.0937,0.0346,0.13,ok
KPC3_808_9,0.584231,0.080035,0.584231,0.749944,0.747504,0.858,0.1803,0.2935,0.5289,ok
KPC3_809_0,0.0,0.0,0.0,0.0,0.0,0.25,0.1601,0.0142,0.0064,ok
KPC3_809_1,0.390997,0.064776,0.390997,0.467583,0.462553,0.731,0.1362,0.0733,0.2799,ok
KPC3_809_3,0.0,0.0,0.0,0.0,0.0,0.233,0.1518,0.0115,0.0,ok
KPC3_809_7,0.011585,0.0,0.011585,0.306376,0.011585,0.53,0.2151,0.0197,0.0406,ok
KPC3_809_9,0.013437,0.0,0.013437,0.338471,0.044436,0.419,0.1424,0.0176,0.0599,ok
KPC3_810_6,0.31769,0.039738,0.31769,0.481818,0.476557,0.71,0.2214,0.0738,0.2696,ok
KPC3_810_8,0.01371,0.012376,0.01371,0.338243,0.285705,0.512,0.162,0.0414,0.1135,ok
KPC3_811_2,0.013121,0.0,0.013121,0.324006,0.031348,0.463,0.1038,0.0199,0.0618,ok
KPC3_811_4,0.012573,0.012286,0.012573,0.315284,0.145136,0.547,0.1159,0.0286,0.0957,ok
KPC3_811_5,0.011028,0.0,0.011028,0.287772,0.011028,0.453,0.0709,0.0256,0.0518,ok
KPC3_811_6,0.333854,0.02284,0.333854,0.455813,0.447143,0.722,0.1214,0.0982,0.2672,ok
KPC3_811_8,0.0,0.0,0.0,0.0,0.0,0.369,0.1991,0.0135,0.0139,ok
KPC3_812_7,0.0,0.0,0.0,0.0,0.0,0.296,0.0693,0.0149,0.011,ok
KPC3_813_5,0.389498,0.041345,0.389498,0.584009,0.580898,0.752,0.2053,0.2045,0.3827,ok
KPC3_813_6,0.541852,0.107556,0.541852,0.800595,0.798488,0.87,0.1637,0.2651,0.5302,ok
KPC3_814_0,0.012425,0.011237,0.012425,0.322762,0.068414,0.502,0.1674,0.0235,0.0788,ok
KPC3_814_5,0.011703,0.0,0.011703,0.309941,0.011703,0.384,0.2922,0.0165,0.0286,ok
KPC3_814_8,0.0,0.0,0.0,0.0,0.0,0.398,0.1384,0.0161,0.0229,ok
KPC3_816_2,0.01317,0.011468,0.01317,0.336328,0.094943,0.538,0.1477,0.0327,0.0826,ok
KPC3_816_4,0.0,0.0,0.0,0.0,0.0,0.426,0.1413,0.0214,0.0138,ok
KPC3_816_8,0.0,0.0,0.0,0.0,0.0,0.28,0.1325,0.0136,0.0,ok
KPC3_818_2,0.0,0.0,0.0,0.0,0.0,0.334,0.2051,0.0147,0.0,ok
KPC3_818_5,0.0,0.0,0.0,0.0,0.0,0.229,0.2241,0.0135,0.0074,ok
KPC3_819_0,0.42805,0.036176,0.42805,0.526087,0.517857,0.696,0.1979,0.0639,0.3256,ok
KPC3_819_3,0.0,0.0,0.0,0.0,0.0,0.31,0.144,0.0125,0.0,ok
KPC3_819_8,0.330983,0.033701,0.330983,0.459985,0.45472,0.678,0.0897,0.1064,0.2665,ok
KPC3_81_8,0.786806,0.186745,0.786806,0.836716,0.835479,0.888,0.2968,0.3721,0.6616,ok
KPC3_820_0,0.059735,0.011491,0.059735,0.394413,0.15053,0.545,0.2093,0.023,0.1087,ok
KPC3_820_1,0.02783,0.012061,0.02783,0.429089,0.136823,0.529,0.2368,0.0237,0.1064,ok
KPC3_820_3,0.0,0.0,0.0,0.0,0.0,0.331,0.2269,0.0151,0.0128,ok
KPC3_820_8,0.0,0.0,0.0,0.0,0.0,0.213,0.1017,0.0112,0.0132,ok
KPC3_820_9,0.012041,0.0,0.012041,0.315694,0.01386,0.375,0.1496,0.0171,0.0415,ok
KPC3_821_2,0.0,0.0,0.0,0.0,0.0,0.445,0.0833,0.0228,0.0398,ok
KPC3_822_0,0.570175,0.072319,0.570175,0.729597,0.726396,0.853,0.178,0.2508,0.5105,ok
KPC3_822_8,0.0,0.0,0.0,0.0,0.0,0.336,0.0968,0.016,0.0061,ok
KPC3_823_8,0.707359,0.131462,0.707359,0.831008,0.829196,0.898,0.1829,0.3088,0.6196,ok
KPC3_824_4,0.012691,0.0,0.012691,0.317725,0.034271,0.511,0.1136,0.0215,0.0758,ok
KPC3_824_6,0.012376,0.0,0.012376,0.312355,0.019964,0.464,0.0966,0.0215,0.0608,ok
KPC3_825_5,0.043172,0.012952,0.043172,0.361453,0.202625,0.533,0.1005,0.0255,0.1144,ok
KPC3_826_9,0.0,0.0,0.0,0.0,0.0,0.422,0.0986,0.0195,0.029,ok
KPC3_827_5,0.248275,0.018253,0.248275,0.393336,0.380724,0.692,0.1049,0.0581,0.2272,ok
KPC3_827_8,0.026042,0.014449,0.026042,0.339619,0.318467,0.576,0.0774,0.0459,0.1435,ok
KPC3_828_3,0.378646,0.031066,0.378646,0.529707,0.523238,0.775,0.0884,0.0853,0.3358,ok
KPC3_828_6,0.288151,0.019395,0.288151,0.40907,0.398846,0.698,0.0957,0.0909,0.2434,ok
KPC3_829_7,0.377685,0.034127,0.377685,0.549081,0.545011,0.771,0.0677,0.1009,0.3627,ok
KPC3_831_0,0.489528,0.054247,0.489528,0.663289,0.659629,0.829,0.1099,0.159,0.4542,ok
KPC3_831_3,0.466406,0.054337,0.466406,0.662818,0.6599,0.817,0.1337,0.2079,0.4398,ok
KPC3_831_9,0.07659,0.014566,0.07659,0.341061,0.320411,0.629,0.0959,0.0512,0.1721,ok
KPC3_832_0,0.01597,0.013126,0.01597,0.32362,0.216678,0.57,0.2211,0.0356,0.1051,ok
KPC3_832_9,0.025435,0.014139,0.025435,0.340761,0.275443,0.542,0.163,0.0331,0.1104,ok
KPC3_833_0,0.0,0.0,0.0,0.0,0.0,0.263,0.1822,0.0157,0.0198,ok
KPC3_833_2,0.0,0.0,0.0,0.0,0.0,0.356,0.1566,0.0138,0.0,ok
KPC3_833_4,0.010788,0.0,0.010788,0.29139,0.010788,0.438,0.2059,0.0183,0.027,ok
KPC3_833_8,0.0,0.0,0.0,0.0,0.0,0.207,0.1415,0.0126,0.0,ok
KPC3_833_9,0.0,0.0,0.0,0.0,0.0,0.426,0.2415,0.0183,0.0042,ok
KPC3_834_2,0.164106,0.013703,0.164106,0.369205,0.272629,0.626,0.1502,0.0487,0.1462,ok
KPC3_837_8,0.01286,0.012177,0.01286,0.326175,0.034719,0.531,0.1458,0.0225,0.0751,ok
KPC3_83_1,0.0,0.0,0.0,0.0,0.0,0.316,0.1762,0.0134,0.0158,ok
KPC3_83_5,0.0,0.0,0.0,0.0,0.0,0.258,0.0468,0.0124,0.0,ok
KPC3_840_6,0.012601,0.0,0.012601,0.318398,0.026209,0.459,0.1771,0.0176,0.0579,ok
KPC3_841_7,0.012232,0.01198,0.012232,0.306561,0.191489,0.512,0.0707,0.0283,0.0956,ok
KPC3_842_0,0.122613,0.013994,0.122613,0.395859,0.203974,0.589,0.2331,0.0392,0.1171,ok
KPC3_842_1,0.0,0.0,0.0,0.0,0.0,0.236,0.1352,0.0127,0.0166,ok
KPC3_843_4,0.083245,0.012058,0.083245,0.342053,0.114999,0.617,0.1376,0.0519,0.1164,ok
KPC3_843_9,0.097129,0.017463,0.097129,0.381097,0.361748,0.658,0.0959,0.0655,0.1944,ok
KPC3_844_4,0.36611,0.031925,0.36611,0.416937,0.393813,0.691,0.1277,0.057,0.219,ok
KPC3_845_0,0.013323,0.011274,0.013323,0.318915,0.025619,0.532,0.0708,0.0313,0.0916,ok
KPC3_845_1,0.013473,0.012735,0.013473,0.32116,0.151027,0.527,0.1302,0.0472,0.0976,ok
KPC3_845_6,0.218808,0.022217,0.218808,0.437242,0.430705,0.699,0.1548,0.1387,0.2623,ok
KPC3_845_7,0.420278,0.05809,0.420278,0.679233,0.675599,0.818,0.2479,0.3963,0.4307,ok
KPC3_845_9,0.467919,0.060023,0.467919,0.68719,0.683601,0.825,0.2951,0.4283,0.4572,ok
KPC3_847_1,0.011673,0.01099,0.011673,0.299602,0.011673,0.454,0.1532,0.0236,0.07,ok
KPC3_847_2,0.135951,0.012603,0.135951,0.351397,0.175127,0.621,0.1781,0.0336,0.1152,ok
KPC3_847_3,0.036302,0.011498,0.036302,0.342136,0.083749,0.555,0.1164,0.029,0.0944,ok
KPC3_847_6,0.0,0.0,0.0,0.0,0.0,0.395,0.0914,0.0196,0.0231,ok
KPC3_848_9,0.074508,0.028061,0.074508,0.494009,0.490767,0.675,0.1099,0.0953,0.2796,ok
KPC3_849_2,0.069013,0.014238,0.069013,0.350742,0.292066,0.512,0.1014,0.0663,0.1348,ok
KPC3_850_1,0.0,0.0,0.0,0.0,0.0,0.261,0.094,0.0129,0.0084,ok
KPC3_850_8,0.011161,0.0,0.011161,0.299756,0.011161,0.419,0.1506,0.0181,0.043,ok
KPC3_851_4,0.0,0.0,0.0,0.0,0.0,0.367,0.0853,0.0194,0.008,ok
KPC3_852_4,0.0,0.0,0.0,0.0,0.0,0.221,0.1466,0.0125,0.0,ok
KPC3_853_0,0.0,0.0,0.0,0.0,0.0,0.167,0.0575,0.0114,0.0,ok
KPC3_853_7,0.478438,0.067348,0.478438,0.576998,0.572693,0.764,0.2053,0.1592,0.3791,ok
KPC3_854_3,0.0,0.0,0.0,0.0,0.0,0.403,0.0755,0.0225,0.0341,ok
KPC3_854_8,0.0,0.0,0.0,0.0,0.0,0.276,0.0882,0.0146,0.0,ok
KPC3_855_2,0.516857,0.06167,0.516857,0.614787,0.609917,0.749,0.093,0.0952,0.4293,ok
KPC3_856_1,0.0,0.0,0.0,0.0,0.0,0.146,0.067,0.0116,0.0,ok
KPC3_856_3,0.060719,0.013038,0.060719,0.349488,0.210443,0.543,0.131,0.029,0.1183,ok
KPC3_857_4,0.015229,0.0,0.015229,0.34766,0.015229,0.457,0.1913,0.0231,0.0649,ok
KPC3_858_8,0.0,0.0,0.0,0.0,0.0,0.248,0.065,0.015,0.0102,ok
KPC3_859_3,0.074606,0.012804,0.074606,0.344311,0.214707,0.593,0.0573,0.0409,0.1333,ok
KPC3_85_3,0.169743,0.017206,0.169743,0.381026,0.35977,0.674,0.1043,0.0516,0.1835,ok
KPC3_85_5,0.47602,0.038884,0.47602,0.584132,0.579449,0.803,0.0848,0.1374,0.4079,ok
KPC3_85_8,0.0,0.0,0.0,0.0,0.0,0.296,0.083,0.0133,0.0,ok
KPC3_860_0,0.0,0.0,0.0,0.0,0.0,0.268,0.0609,0.0115,0.0,ok
KPC3_860_2,0.0,0.0,0.0,0.0,0.0,0.204,0.0712,0.0124,0.0,ok
KPC3_860_8,0.0,0.0,0.0,0.0,0.0,0.266,0.0879,0.0139,0.0174,ok
KPC3_863_4,0.011529,0.0,0.011529,0.299037,0.011529,0.407,0.1976,0.0162,0.0481,ok
KPC3_865_0,0.0,0.0,0.0,0.0,0.0,0.32,0.1311,0.0151,0.0186,ok
KPC3_865_1,0.0,0.0,0.0,0.0,0.0,0.286,0.1081,0.0127,0.0099,ok
KPC3_865_4,0.010887,0.0,0.010887,0.288306,0.010887,0.398,0.0972,0.0184,0.0307,ok
KPC3_865_7,0.0,0.0,0.0,0.0,0.0,0.278,0.0824,0.0136,0.0,ok
KPC3_865_8,0.0,0.0,0.0,0.0,0.0,0.378,0.1324,0.0166,0.0268,ok
KPC3_866_0,0.0,0.0,0.0,0.0,0.0,0.377,0.1033,0.0191,0.017,ok
KPC3_867_3,0.153756,0.017139,0.153756,0.385661,0.373803,0.627,0.072,0.0545,0.1899,ok
KPC3_867_5,0.0,0.0,0.0,0.0,0.0,0.349,0.2054,0.0163,0.0143,ok
KPC3_867_7,0.01142,0.0,0.01142,0.297686,0.01142,0.434,0.1493,0.0183,0.0334,ok
KPC3_869_4,0.0,0.0,0.0,0.0,0.0,0.219,0.1667,0.0117,0.0,ok
KPC3_870_7,0.126284,0.018712,0.126284,0.409519,0.396915,0.628,0.2127,0.0667,0.1746,ok
KPC3_871_7,0.012929,0.0,0.012929,0.335168,0.042822,0.365,0.1274,0.0189,0.0448,ok
KPC3_871_8,0.0,0.0,0.0,0.0,0.0,0.266,0.0612,0.0122,0.0,ok
KPC3_874_1,0.0,0.0,0.0,0.0,0.0,0.313,0.1267,0.0146,0.0,ok
KPC3_874_5,0.013906,0.0,0.013906,0.344772,0.083514,0.5,0.1395,0.0286,0.0852,ok
KPC3_874_6,0.047722,0.012114,0.047722,0.342602,0.209664,0.575,0.1033,0.0263,0.1001,ok
KPC3_874_7,0.0,0.0,0.0,0.0,0.0,0.379,0.1953,0.0175,0.0251,ok
KPC3_874_8,0.0,0.0,0.0,0.0,0.0,0.334,0.0587,0.0158,0.0149,ok
KPC3_876_0,0.0,0.0,0.0,0.0,0.0,0.223,0.1244,0.0127,0.0,ok
KPC3_876_1,0.436279,0.03507,0.436279,0.555386,0.550738,0.755,0.085,0.1917,0.3785,ok
KPC3_876_7,0.694669,0.117156,0.694669,0.804973,0.803057,0.873,0.239,0.2728,0.5553,ok
KPC3_876_9,0.014522,0.011216,0.014522,0.320938,0.060411,0.56,0.0737,0.0306,0.0931,ok
KPC3_877_0,0.0,0.0,0.0,0.0,0.0,0.35,0.0596,0.0179,0.0121,ok
KPC3_877_5,0.499929,0.050087,0.499929,0.644861,0.641147,0.793,0.1954,0.2201,0.457,ok
KPC3_877_7,0.0,0.0,0.0,0.0,0.0,0.399,0.0758,0.015,0.0283,ok
KPC3_877_8,0.044587,0.012253,0.044587,0.333658,0.082761,0.593,0.1346,0.0373,0.1017,ok
KPC3_877_9,0.299922,0.02483,0.299922,0.469922,0.462599,0.72,0.1032,0.1067,0.2672,ok
KPC3_878_6,0.070152,0.011772,0.070152,0.352965,0.144167,0.552,0.0993,0.0366,0.1024,ok
KPC3_87_0,0.038824,0.011975,0.038824,0.349364,0.099442,0.537,0.2358,0.0334,0.097,ok
KPC3_87_5,0.097288,0.01232,0.097288,0.375713,0.171237,0.596,0.1717,0.0418,0.129,ok
KPC3_87_6,0.0,0.0,0.0,0.0,0.0,0.213,0.0536,0.0125,0.0,ok
KPC3_880_2,0.296127,0.021186,0.296127,0.43494,0.426603,0.671,0.1644,0.0917,0.2293,ok
KPC3_880_9,0.0,0.0,0.0,0.0,0.0,0.296,0.1164,0.0133,0.0,ok
KPC3_882_7,0.016609,0.012321,0.016609,0.340689,0.0665,0.531,0.0859,0.033,0.096,ok
KPC3_883_1,0.0,0.0,0.0,0.0,0.0,0.33,0.1711,0.0165,0.0281,ok
KPC3_884_0,0.0,0.0,0.0,0.0,0.0,0.259,0.1244,0.0132,0.007,ok
KPC3_885_1,0.013464,0.0,0.013464,0.330943,0.046541,0.506,0.2407,0.0334,0.0722,ok
KPC3_885_2,0.011965,0.0,0.011965,0.306323,0.011965,0.405,0.1852,0.0168,0.03,ok
KPC3_885_8,0.013726,0.0,0.013726,0.335134,0.067405,0.529,0.1788,0.0274,0.0811,ok
KPC3_886_5,0.0,0.0,0.0,0.0,0.0,0.18,0.0697,0.0109,0.0,ok
KPC3_887_5,0.065991,0.013257,0.065991,0.359746,0.275257,0.57,0.217,0.0557,0.1366,ok
KPC3_888_5,0.192402,0.017371,0.192402,0.377462,0.364793,0.651,0.0696,0.0534,0.1946,ok
KPC3_889_8,0.299163,0.021745,0.299163,0.437009,0.426794,0.712,0.0914,0.0818,0.2504,ok
KPC3_88_2,0.0,0.0,0.0,0.0,0.0,0.452,0.1217,0.025,0.0367,ok
KPC3_890_4,0.187539,0.020934,0.187539,0.426101,0.418021,0.679,0.1271,0.086,0.2556,ok
KPC3_890_5,0.454296,0.048595,0.454296,0.640106,0.63631,0.805,0.1306,0.1931,0.4454,ok
KPC3_890_7,0.334319,0.034514,0.334319,0.551532,0.547489,0.75,0.1539,0.155,0.3449,ok
KPC3_891_0,0.551964,0.066658,0.551964,0.62397,0.601416,0.76,0.2182,0.0863,0.3738,ok
KPC3_892_1,0.400059,0.036643,0.400059,0.48668,0.482198,0.717,0.1217,0.0912,0.3133,ok
KPC3_892_2,0.023263,0.010823,0.023263,0.332201,0.084642,0.536,0.1215,0.0219,0.0759,ok
KPC3_893_0,0.0,0.0,0.0,0.0,0.0,0.392,0.1016,0.017,0.0268,ok
KPC3_893_1,0.0,0.0,0.0,0.0,0.0,0.405,0.1673,0.0194,0.0249,ok
KPC3_894_4,0.013934,0.0,0.013934,0.333812,0.037542,0.498,0.0986,0.0223,0.0742,ok
KPC3_897_5,0.297826,0.042418,0.297826,0.404409,0.397206,0.688,0.2257,0.0619,0.2056,ok
KPC3_897_6,0.0,0.0,0.0,0.0,0.0,0.177,0.0336,0.0119,0.0,ok
KPC3_898_0,0.429903,0.052464,0.429903,0.525073,0.516987,0.702,0.2882,0.0835,0.3257,ok
KPC3_898_3,0.153773,0.027388,0.153773,0.409951,0.396088,0.621,0.3162,0.0462,0.1852,ok
KPC3_899_4,0.0,0.0,0.0,0.0,0.0,0.169,0.0373,0.0128,0.0,ok
KPC3_89_0,0.0,0.0,0.0,0.0,0.0,0.24,0.111,0.0126,0.0,ok
KPC3_89_2,0.0,0.0,0.0,0.0,0.0,0.306,0.1097,0.0184,0.0158,ok
KPC3_8_2,0.535959,0.064292,0.535959,0.703695,0.700985,0.828,0.19,0.2121,0.5,ok
KPC3_900_1,0.0,0.0,0.0,0.0,0.0,0.242,0.1171,0.0118,0.0,ok
KPC3_900_3,0.0,0.0,0.0,0.0,0.0,0.352,0.1435,0.0164,0.0157,ok
KPC3_900_5,0.106534,0.013981,0.106534,0.359386,0.179493,0.633,0.1583,0.0475,0.137,ok
KPC3_900_6,0.328199,0.02611,0.328199,0.483918,0.477686,0.715,0.1265,0.103,0.288,ok
KPC3_905_0,0.0,0.0,0.0,0.0,0.0,0.273,0.0975,0.0147,0.0264,ok
KPC3_905_3,0.216241,0.015342,0.216241,0.385857,0.336925,0.66,0.1016,0.0532,0.1835,ok
KPC3_905_6,0.52821,0.036034,0.52821,0.569145,0.562889,0.805,0.2147,0.1671,0.4023,ok
KPC3_906_0,0.012157,0.011362,0.012157,0.313704,0.019614,0.482,0.2185,0.0343,0.066,ok
KPC3_907_4,0.523833,0.052494,0.523833,0.655771,0.652047,0.845,0.3129,0.3139,0.468,ok
KPC3_907_7,0.012384,0.010709,0.012384,0.304594,0.012384,0.564,0.165,0.0284,0.0658,ok
KPC3_907_8,0.579646,0.093591,0.579646,0.780916,0.778653,0.864,0.2496,0.4784,0.5425,ok
KPC3_908_7,0.0,0.0,0.0,0.0,0.0,0.201,0.0531,0.0137,0.0,ok
KPC3_908_8,0.428061,0.108819,0.428061,0.628736,0.599419,0.813,0.2699,0.1841,0.3283,ok
KPC3_909_4,0.028801,0.013858,0.028801,0.332746,0.31283,0.584,0.0763,0.0406,0.1412,ok
KPC3_909_8,0.107365,0.013075,0.107365,0.358488,0.269611,0.6,0.1834,0.04,0.1387,ok
KPC3_90_1,0.112349,0.013814,0.112349,0.35727,0.20631,0.655,0.1037,0.0397,0.1424,ok
KPC3_90_2,0.0,0.0,0.0,0.0,0.0,0.297,0.102,0.0139,0.0,ok
KPC3_90_3,0.01145,0.0,0.01145,0.28969,0.01145,0.479,0.1064,0.0255,0.0562,ok
KPC3_90_5,0.283773,0.028042,0.283773,0.498389,0.488517,0.728,0.1584,0.1472,0.2661,ok
KPC3_910_2,0.0,0.0,0.0,0.0,0.0,0.206,0.0809,0.0106,0.0,ok
KPC3_911_1,0.162264,0.018608,0.162264,0.398493,0.381483,0.681,0.1146,0.0648,0.2073,ok
KPC3_913_2,0.0,0.0,0.0,0.0,0.0,0.29,0.0355,0.0135,0.0,ok
KPC3_913_8,0.31652,0.019362,0.31652,0.409839,0.390262,0.726,0.0739,0.075,0.2455,ok
KPC3_914_1,0.0,0.0,0.0,0.0,0.0,0.225,0.0987,0.0138,0.0,ok
KPC3_915_2,0.136389,0.01845,0.136389,0.397263,0.38707,0.665,0.0751,0.0588,0.2172,ok
KPC3_915_8,0.548021,0.079697,0.548021,0.74756,0.745741,0.839,0.1925,0.2918,0.5266,ok
KPC3_916_8,0.71179,0.209764,0.71179,0.736062,0.73149,0.831,0.2978,0.136,0.5547,ok
KPC3_917_2,0.012799,0.0,0.012799,0.319625,0.024622,0.432,0.0999,0.02,0.0615,ok
KPC3_918_2,0.043367,0.012895,0.043367,0.338615,0.220257,0.563,0.1261,0.0472,0.121,ok
KPC3_91_3,0.0,0.0,0.0,0.0,0.0,0.349,0.1513,0.0157,0.015,ok
KPC3_91_4,0.0,0.0,0.0,0.0,0.0,0.274,0.1447,0.0161,0.0285,ok
KPC3_920_3,0.0,0.0,0.0,0.0,0.0,0.339,0.0894,0.0154,0.0128,ok
KPC3_920_9,0.0,0.0,0.0,0.0,0.0,0.255,0.1361,0.0133,0.0234,ok
KPC3_921_3,0.01256,0.0,0.01256,0.315485,0.028081,0.476,0.1086,0.0251,0.0638,ok
KPC3_921_4,0.060266,0.013543,0.060266,0.345178,0.281792,0.57,0.123,0.0317,0.1276,ok
KPC3_921_5,0.087129,0.013622,0.087129,0.338479,0.288499,0.58,0.2699,0.0434,0.13,ok
KPC3_921_9,0.0,0.0,0.0,0.0,0.0,0.272,0.1409,0.0137,0.0152,ok
KPC3_922_1,0.059422,0.015694,0.059422,0.362896,0.352496,0.631,0.0873,0.0706,0.1687,ok
KPC3_923_0,0.513988,0.060829,0.513988,0.629682,0.626151,0.805,0.1828,0.2247,0.4273,ok
KPC3_923_5,0.012625,0.0,0.012625,0.319329,0.020363,0.401,0.2732,0.0205,0.0807,ok
KPC3_923_6,0.012709,0.0,0.012709,0.320051,0.042101,0.424,0.1194,0.0197,0.0713,ok
KPC3_923_8,0.013299,0.0,0.013299,0.329687,0.061633,0.528,0.1157,0.0261,0.0765,ok
KPC3_924_3,0.012319,0.0,0.012319,0.312744,0.01418,0.416,0.1371,0.022,0.0629,ok
KPC3_924_5,0.011341,0.0,0.011341,0.295505,0.011341,0.475,0.0746,0.0182,0.0325,ok
KPC3_925_9,0.075129,0.012135,0.075129,0.333994,0.123212,0.632,0.1877,0.0401,0.1153,ok
KPC3_927_1,0.049528,0.012115,0.049528,0.333238,0.117858,0.56,0.2062,0.0427,0.0931,ok
KPC3_928_4,0.0,0.0,0.0,0.0,0.0,0.303,0.0828,0.0125,0.0137,ok
KPC3_930_1,0.434357,0.042549,0.434357,0.571307,0.566067,0.745,0.1391,0.1226,0.3865,ok
KPC3_930_5,0.105645,0.015111,0.105645,0.357277,0.3389,0.588,0.0623,0.0373,0.1505,ok
KPC3_930_9,0.011998,0.011563,0.011998,0.30748,0.033086,0.483,0.1599,0.0233,0.0802,ok
KPC3_931_0,0.011745,0.0,0.011745,0.312347,0.011745,0.435,0.1968,0.0231,0.0519,ok
KPC3_934_2,0.283864,0.027308,0.283864,0.489997,0.485087,0.722,0.1215,0.1009,0.2999,ok
KPC3_934_3,0.023079,0.01251,0.023079,0.314746,0.211866,0.587,0.102,0.0356,0.1166,ok
KPC3_934_6,0.190329,0.02478,0.190329,0.465215,0.459502,0.706,0.1381,0.0869,0.2619,ok
KPC3_935_0,0.074894,0.017905,0.074894,0.385716,0.377994,0.616,0.2198,0.0627,0.1942,ok
KPC3_935_6,0.014454,0.014439,0.014454,0.339472,0.318979,0.592,0.1009,0.044,0.1508,ok
KPC3_935_9,0.011728,0.011006,0.011728,0.294301,0.011728,0.515,0.0785,0.0296,0.0647,ok
KPC3_936_4,0.0,0.0,0.0,0.0,0.0,0.179,0.0502,0.0109,0.0,ok
KPC3_936_5,0.012219,0.0,0.012219,0.321891,0.012219,0.504,0.3292,0.0205,0.0447,ok
KPC3_936_7,0.0,0.0,0.0,0.0,0.0,0.225,0.179,0.0135,0.0,ok
KPC3_936_9,0.0,0.0,0.0,0.0,0.0,0.359,0.2046,0.0146,0.0091,ok
KPC3_937_1,0.0,0.0,0.0,0.0,0.0,0.203,0.2029,0.0134,0.0,ok
KPC3_937_2,0.0,0.0,0.0,0.0,0.0,0.277,0.1447,0.0144,0.021,ok
KPC3_937_4,0.011027,0.0,0.011027,0.298457,0.011027,0.386,0.0955,0.0174,0.029,ok
KPC3_938_7,0.0,0.0,0.0,0.0,0.0,0.192,0.0536,0.0115,0.0,ok
KPC3_93_0,0.0,0.0,0.0,0.0,0.0,0.251,0.1796,0.0122,0.0,ok
KPC3_93_1,0.012215,0.0,0.012215,0.318719,0.025418,0.486,0.1292,0.0225,0.054,ok
KPC3_93_6,0.0,0.0,0.0,0.0,0.0,0.306,0.0947,0.0153,0.0,ok
KPC3_93_7,0.054739,0.012851,0.054739,0.353574,0.247466,0.529,0.1964,0.0392,0.1183,ok
KPC3_940_1,0.065495,0.014337,0.065495,0.374875,0.317257,0.606,0.1574,0.0343,0.1449,ok
KPC3_942_1,0.435918,0.040346,0.435918,0.592337,0.588353,0.814,0.2036,0.1711,0.4063,ok
KPC3_942_7,0.404055,0.036533,0.404055,0.565064,0.561844,0.776,0.1167,0.1325,0.382,ok
KPC3_942_9,0.052905,0.012964,0.052905,0.322678,0.239992,0.601,0.102,0.0406,0.1297,ok
KPC3_944_5,0.0,0.0,0.0,0.0,0.0,0.336,0.0838,0.0152,0.0,ok
KPC3_945_1,0.0,0.0,0.0,0.0,0.0,0.219,0.0722,0.0112,0.0,ok
KPC3_945_2,0.0,0.0,0.0,0.0,0.0,0.192,0.1256,0.0121,0.0,ok
KPC3_945_6,0.012229,0.0,0.012229,0.320229,0.062198,0.442,0.189,0.0211,0.0659,ok
KPC3_946_0,0.634714,0.091086,0.634714,0.772303,0.769365,0.881,0.2188,0.4801,0.5551,ok
KPC3_946_1,0.376662,0.038268,0.376662,0.566426,0.559984,0.772,0.1879,0.3008,0.3404,ok
KPC3_946_3,0.081022,0.013105,0.081022,0.319898,0.252926,0.621,0.0896,0.0465,0.1351,ok
KPC3_946_5,0.011497,0.0,0.011497,0.287668,0.011497,0.447,0.0784,0.0232,0.0472,ok
KPC3_947_7,0.201951,0.025701,0.201951,0.476725,0.471167,0.68,0.0746,0.0796,0.2646,ok
KPC3_948_8,0.0,0.0,0.0,0.0,0.0,0.169,0.0557,0.0111,0.0,ok
KPC3_949_2,0.013601,0.0,0.013601,0.342463,0.066851,0.471,0.2998,0.0239,0.0755,ok
KPC3_949_4,0.32767,0.038703,0.32767,0.407483,0.390324,0.635,0.2211,0.0693,0.2095,ok
KPC3_951_4,0.403144,0.028883,0.403144,0.508318,0.505062,0.759,0.145,0.1664,0.3508,ok
KPC3_952_0,0.0,0.0,0.0,0.0,0.0,0.243,0.211,0.0143,0.0,ok
KPC3_952_5,0.010931,0.0,0.010931,0.294754,0.010931,0.443,0.1563,0.0201,0.0275,ok
KPC3_952_8,0.0,0.0,0.0,0.0,0.0,0.367,0.1123,0.0201,0.0,ok
KPC3_953_7,0.139652,0.018181,0.139652,0.390675,0.374508,0.674,0.1019,0.0672,0.2084,ok
KPC3_954_0,0.072309,0.014377,0.072309,0.345971,0.295685,0.574,0.1443,0.031,0.1318,ok
KPC3_954_4,0.7458,0.184554,0.7458,0.854153,0.852666,0.895,0.3172,0.4386,0.6493,ok
KPC3_954_5,0.0,0.0,0.0,0.0,0.0,0.27,0.0486,0.014,0.0,ok
KPC3_955_3,0.011164,0.0,0.011164,0.288402,0.011164,0.46,0.1333,0.0216,0.0471,ok
KPC3_955_4,0.342427,0.025315,0.342427,0.475615,0.466862,0.721,0.3426,0.1112,0.2601,ok
KPC3_955_6,0.0,0.0,0.0,0.0,0.0,0.178,0.0517,0.0107,0.0,ok
KPC3_955_9,0.0,0.0,0.0,0.0,0.0,0.38,0.102,0.018,0.0176,ok
KPC3_958_0,0.01259,0.0,0.01259,0.306147,0.026185,0.53,0.0719,0.0246,0.0695,ok
KPC3_958_1,0.573204,0.099675,0.573204,0.785283,0.784178,0.856,0.1618,0.3571,0.5549,ok
KPC3_958_2,0.0,0.0,0.0,0.0,0.0,0.437,0.0511,0.02,0.0307,ok
KPC3_958_8,0.363833,0.026488,0.363833,0.484258,0.471531,0.772,0.1533,0.091,0.295,ok
KPC3_958_9,0.057946,0.012721,0.057946,0.333312,0.084012,0.585,0.0763,0.0341,0.1039,ok
KPC3_95_0,0.246803,0.015465,0.246803,0.367833,0.326622,0.686,0.2666,0.0621,0.1858,ok
KPC3_95_7,0.011244,0.0,0.011244,0.289882,0.011244,0.38,0.0961,0.021,0.035,ok
KPC3_960_4,0.0,0.0,0.0,0.0,0.0,0.263,0.0904,0.0139,0.0154,ok
KPC3_962_3,0.0,0.0,0.0,0.0,0.0,0.229,0.1155,0.0137,0.0126,ok
KPC3_963_0,0.011179,0.0,0.011179,0.300118,0.011179,0.423,0.1649,0.0167,0.0245,ok
KPC3_963_3,0.0,0.0,0.0,0.0,0.0,0.389,0.1882,0.0209,0.041,ok
KPC3_963_4,0.0,0.0,0.0,0.0,0.0,0.219,0.0939,0.0125,0.0,ok
KPC3_963_5,0.0,0.0,0.0,0.0,0.0,0.232,0.2086,0.0143,0.0,ok
KPC3_963_8,0.0,0.0,0.0,0.0,0.0,0.159,0.1143,0.0107,0.0,ok
KPC3_964_2,0.0,0.0,0.0,0.0,0.0,0.292,0.0671,0.012,0.0,ok
KPC3_964_7,0.0,0.0,0.0,0.0,0.0,0.36,0.1106,0.0148,0.0169,ok
KPC3_965_9,0.0,0.0,0.0,0.0,0.0,0.268,0.1875,0.013,0.0,ok
KPC3_966_3,0.178331,0.016785,0.178331,0.379453,0.368258,0.64,0.0884,0.0571,0.1879,ok
KPC3_966_6,0.0,0.0,0.0,0.0,0.0,0.357,0.0694,0.0162,0.0151,ok
KPC3_967_7,0.01257,0.01218,0.01257,0.314149,0.125396,0.515,0.1318,0.0301,0.0944,ok
KPC3_969_0,0.0,0.0,0.0,0.0,0.0,0.266,0.1706,0.0139,0.0,ok
KPC3_969_2,0.01322,0.0,0.01322,0.33578,0.063212,0.417,0.2122,0.022,0.0639,ok
KPC3_969_8,0.0,0.0,0.0,0.0,0.0,0.467,0.1591,0.0297,0.0295,ok
KPC3_971_1,0.0,0.0,0.0,0.0,0.0,0.37,0.0972,0.0182,0.0268,ok
KPC3_971_3,0.011706,0.0,0.011706,0.29278,0.011706,0.438,0.1233,0.0209,0.0373,ok
KPC3_971_4,0.057747,0.012658,0.057747,0.332343,0.26617,0.606,0.1231,0.0545,0.1448,ok
KPC3_971_9,0.012021,0.011544,0.012021,0.298253,0.012021,0.534,0.0799,0.0299,0.0704,ok
KPC3_973_4,0.242163,0.032744,0.242163,0.53382,0.529719,0.726,0.0919,0.1028,0.321,ok
KPC3_973_7,0.021638,0.018349,0.021638,0.429496,0.421345,0.63,0.2359,0.0654,0.2208,ok
KPC3_973_8,0.046032,0.025383,0.046032,0.467785,0.463706,0.655,0.1223,0.07,0.2641,ok
KPC3_974_2,0.0,0.0,0.0,0.0,0.0,0.191,0.1478,0.0131,0.0,ok
KPC3_974_4,0.019933,0.0,0.019933,0.347374,0.098841,0.51,0.1273,0.0241,0.0801,ok
KPC3_974_7,0.0,0.0,0.0,0.0,0.0,0.354,0.0959,0.0171,0.0435,ok
KPC3_974_9,0.12153,0.012959,0.12153,0.373991,0.288167,0.603,0.1408,0.0336,0.1325,ok
KPC3_976_1,0.026284,0.010764,0.026284,0.323691,0.079966,0.506,0.0796,0.0366,0.0735,ok
KPC3_976_3,0.384393,0.025381,0.384393,0.483785,0.468769,0.726,0.1268,0.0793,0.3003,ok
KPC3_976_5,0.323227,0.029766,0.323227,0.459229,0.453056,0.717,0.1805,0.0666,0.2668,ok
KPC3_976_6,0.0,0.0,0.0,0.0,0.0,0.306,0.1572,0.0142,0.0,ok
KPC3_976_7,0.481077,0.047445,0.481077,0.566754,0.563058,0.769,0.2331,0.1115,0.4014,ok
KPC3_976_9,0.0,0.0,0.0,0.0,0.0,0.345,0.0578,0.0194,0.0,ok
KPC3_978_1,0.0,0.0,0.0,0.0,0.0,0.248,0.0441,0.0138,0.0,ok
KPC3_97_2,0.021006,0.010897,0.021006,0.327153,0.051104,0.518,0.1343,0.0219,0.0618,ok
KPC3_980_7,0.0,0.0,0.0,0.0,0.0,0.283,0.2268,0.0135,0.0108,ok
KPC3_980_9,0.0,0.0,0.0,0.0,0.0,0.2,0.1475,0.0114,0.0,ok
KPC3_981_6,0.0,0.0,0.0,0.0,0.0,0.368,0.2315,0.0152,0.0167,ok
KPC3_982_2,0.0,0.0,0.0,0.0,0.0,0.34,0.1158,0.0168,0.0221,ok
KPC3_982_6,0.0,0.0,0.0,0.0,0.0,0.308,0.0509,0.0186,0.0135,ok
KPC3_983_1,0.0,0.0,0.0,0.0,0.0,0.285,0.1365,0.0159,0.0,ok
KPC3_984_5,0.451318,0.033744,0.451318,0.552373,0.547649,0.771,0.1825,0.1656,0.3899,ok
KPC3_986_2,0.468103,0.066969,0.468103,0.583369,0.579741,0.776,0.1757,0.2652,0.4087,ok
KPC3_986_4,0.16024,0.016802,0.16024,0.385831,0.362377,0.585,0.1282,0.0602,0.1796,ok
KPC3_986_6,0.011223,0.0,0.011223,0.295827,0.011223,0.366,0.1551,0.0161,0.0375,ok
KPC3_987_0,0.0,0.0,0.0,0.0,0.0,0.326,0.1238,0.0131,0.0052,ok
KPC3_987_3,0.0,0.0,0.0,0.0,0.0,0.319,0.2077,0.0139,0.0176,ok
KPC3_987_7,0.0,0.0,0.0,0.0,0.0,0.3,0.095,0.0138,0.0051,ok
KPC3_989_6,0.010856,0.0,0.010856,0.278078,0.010856,0.455,0.0908,0.0214,0.0299,ok
KPC3_990_6,0.424738,0.03853,0.424738,0.586507,0.582706,0.772,0.088,0.124,0.3891,ok
KPC3_991_8,0.0,0.0,0.0,0.0,0.0,0.387,0.0575,0.0181,0.0305,ok
KPC3_993_3,0.029478,0.0,0.029478,0.360995,0.09654,0.551,0.1969,0.0282,0.0888,ok
KPC3_994_3,0.0,0.0,0.0,0.0,0.0,0.194,0.0946,0.0115,0.0,ok
KPC3_994_5,0.0,0.0,0.0,0.0,0.0,0.203,0.1281,0.0106,0.0,ok
KPC3_994_7,0.0,0.0,0.0,0.0,0.0,0.25,0.2267,0.0116,0.0,ok
KPC3_994_8,0.0,0.0,0.0,0.0,0.0,0.318,0.0625,0.0137,0.0364,ok
KPC3_995_3,0.013144,0.012393,0.013144,0.319783,0.209184,0.516,0.1211,0.0316,0.1118,ok
KPC3_995_5,0.296085,0.023029,0.296085,0.450243,0.43639,0.721,0.103,0.0694,0.2434,ok
KPC3_997_0,0.053962,0.013648,0.053962,0.329054,0.198555,0.61,0.1591,0.0365,0.1205,ok
KPC3_99_2,0.0,0.0,0.0,0.0,0.0,0.394,0.2111,0.016,0.027,ok
KPC3_99_6,0.101678,0.013803,0.101678,0.340662,0.316353,0.609,0.2054,0.048,0.1431,ok
rank0001_KPC3_0252,0.014294,0.012278,0.014294,0.355325,0.317795,0.542,0.2877,0.0555,0.1049,ok
rank0002_KPC3_2018,0.0,0.0,0.0,0.0,0.0,0.287,0.2033,0.0164,0.0,ok
rank0003_KPC3_2913,0.0,0.0,0.0,0.0,0.0,0.218,0.0462,0.0125,0.0,ok
rank0004_KPC3_1403,0.45954,0.106436,0.45954,0.588863,0.583834,0.787,0.4072,0.1779,0.3864,ok
rank0005_KPC3_3337,0.012946,0.011904,0.012946,0.332459,0.196021,0.47,0.198,0.0304,0.0886,ok
rank0006_KPC3_0367,0.0,0.0,0.0,0.0,0.0,0.19,0.0992,0.0134,0.0,ok
rank0007_KPC3_4655,0.0,0.0,0.0,0.0,0.0,0.169,0.1056,0.0125,0.0,ok
rank0008_KPC3_0365,0.0,0.0,0.0,0.0,0.0,0.405,0.4213,0.0193,0.0036,ok
rank0009_KPC3_1943,0.0,0.0,0.0,0.0,0.0,0.475,0.2236,0.0276,0.0265,ok
rank0010_KPC3_3477,0.0,0.0,0.0,0.0,0.0,0.269,0.0985,0.0168,0.0226,ok
rank0011_KPC3_2777,0.0,0.0,0.0,0.0,0.0,0.17,0.0812,0.0128,0.0,ok
rank0012_KPC3_1506,0.0,0.0,0.0,0.0,0.0,0.188,0.0994,0.0141,0.0,ok
rank0013_KPC3_1277,0.013115,0.0,0.013115,0.334328,0.033371,0.528,0.1237,0.025,0.0558,ok
rank0014_KPC3_1767,0.508511,0.10249,0.508511,0.643559,0.640815,0.803,0.4384,0.3185,0.4648,ok
rank0015_KPC3_1581,0.0,0.0,0.0,0.0,0.0,0.138,0.0899,0.0128,0.0,ok
rank0017_KPC3_1882,0.011681,0.0,0.011681,0.312045,0.026149,0.393,0.1138,0.0163,0.0447,ok
rank0018_KPC3_1687,0.0,0.0,0.0,0.0,0.0,0.319,0.1247,0.014,0.0193,ok
rank0019_KPC3_3404,0.080176,0.014938,0.080176,0.345863,0.207177,0.609,0.2809,0.0372,0.1153,ok
rank0020_KPC3_4735,0.0,0.0,0.0,0.0,0.0,0.502,0.2012,0.0279,0.0398,ok
rank0021_KPC3_1157,0.037754,0.01337,0.037754,0.354948,0.258372,0.516,0.3892,0.046,0.126,ok
rank0022_KPC3_3321,0.0,0.0,0.0,0.0,0.0,0.331,0.0994,0.0184,0.0349,ok
rank0024_KPC3_2035,0.012682,0.011172,0.012682,0.326477,0.208966,0.57,0.2745,0.0466,0.0732,ok
rank0025_KPC3_2397,0.516075,0.121741,0.516075,0.67367,0.67104,0.81,0.4385,0.301,0.4651,ok
rank0026_KPC3_4640,0.012627,0.012547,0.012627,0.328498,0.163948,0.502,0.2977,0.0303,0.0908,ok
rank0027_KPC3_1406,0.014035,0.0,0.014035,0.348758,0.058787,0.463,0.1312,0.0181,0.0637,ok
rank0028_KPC3_2159,0.0,0.0,0.0,0.0,0.0,0.169,0.078,0.0116,0.0,ok
rank0029_KPC3_1993,0.0,0.0,0.0,0.0,0.0,0.351,0.1731,0.0224,0.0072,ok
rank0030_KPC3_3450,0.430296,0.04038,0.430296,0.529005,0.525213,0.766,0.2853,0.1091,0.2829,ok
rank0032_KPC3_3014,0.0,0.0,0.0,0.0,0.0,0.388,0.123,0.0156,0.0133,ok
rank0033_KPC3_2089,0.011515,0.010952,0.011515,0.308326,0.011515,0.517,0.2218,0.0322,0.0528,ok
rank0034_KPC3_0923,0.012885,0.012137,0.012885,0.319746,0.012885,0.547,0.0847,0.0269,0.0635,ok
rank0035_KPC3_1621,0.0,0.0,0.0,0.0,0.0,0.283,0.2022,0.0148,0.0158,ok
rank0036_KPC3_0744,0.0,0.0,0.0,0.0,0.0,0.329,0.147,0.0193,0.0081,ok
rank0037_KPC3_1309,0.0,0.0,0.0,0.0,0.0,0.286,0.1207,0.0146,0.0,ok
rank0038_KPC3_0309,0.012195,0.012076,0.012195,0.315486,0.076603,0.499,0.3848,0.032,0.077,ok
rank0039_KPC3_2910,0.0,0.0,0.0,0.0,0.0,0.213,0.1516,0.0132,0.0,ok
rank0040_KPC3_1550,0.0,0.0,0.0,0.0,0.0,0.364,0.1908,0.0137,0.0112,ok
rank0041_KPC3_2477,0.012413,0.011292,0.012413,0.325603,0.073503,0.444,0.1556,0.0273,0.0722,ok
rank0042_KPC3_2388,0.0,0.0,0.0,0.0,0.0,0.432,0.0963,0.0183,0.0038,ok
rank0043_KPC3_2249,0.011106,0.0,0.011106,0.28788,0.011106,0.438,0.0708,0.0131,0.0351,ok
rank0044_KPC3_1874,0.012603,0.0,0.012603,0.313446,0.012603,0.516,0.1684,0.0226,0.0589,ok
rank0045_KPC3_2040,0.011497,0.0,0.011497,0.294409,0.013236,0.53,0.0795,0.0206,0.06,ok
rank0046_KPC3_1585,0.025363,0.013118,0.025363,0.335345,0.291126,0.562,0.131,0.0473,0.1176,ok
rank0047_KPC3_2659,0.0,0.0,0.0,0.0,0.0,0.219,0.0597,0.0112,0.0,ok
rank0048_KPC3_1400,0.0,0.0,0.0,0.0,0.0,0.207,0.1065,0.0135,0.0,ok
rank0049_KPC3_0700,0.374445,0.028832,0.374445,0.510274,0.503006,0.76,0.2182,0.1667,0.3239,ok
rank0050_KPC3_2380,0.012018,0.0,0.012018,0.302481,0.012018,0.506,0.1131,0.0209,0.0605,ok
rank0051_KPC3_0727,0.265793,0.024317,0.265793,0.465528,0.454147,0.725,0.1382,0.0925,0.262,ok
rank0052_KPC3_0721,0.13665,0.017768,0.13665,0.389447,0.374536,0.675,0.1262,0.0761,0.2045,ok
rank0053_KPC3_3976,0.0,0.0,0.0,0.0,0.0,0.366,0.1645,0.0178,0.0077,ok
rank0054_KPC3_2038,0.013921,0.0,0.013921,0.345451,0.079785,0.537,0.2839,0.0282,0.0702,ok
rank0055_KPC3_1419,0.01269,0.010765,0.01269,0.323009,0.24994,0.503,0.3853,0.0381,0.0626,ok
rank0056_KPC3_1944,0.0,0.0,0.0,0.0,0.0,0.347,0.1211,0.0185,0.0255,ok
rank0057_KPC3_1269,0.53447,0.064516,0.53447,0.650245,0.647458,0.795,0.2328,0.2185,0.46,ok
rank0058_KPC3_0707,0.528477,0.060868,0.528477,0.680034,0.67733,0.811,0.1247,0.19,0.4788,ok
rank0059_KPC3_1636,0.15186,0.01768,0.15186,0.390258,0.37473,0.686,0.1686,0.0629,0.1972,ok
rank0060_KPC3_1677,0.0,0.0,0.0,0.0,0.0,0.492,0.1894,0.0183,0.0,ok
rank0062_KPC3_1905,0.308482,0.021382,0.308482,0.376909,0.370348,0.675,0.1811,0.071,0.2192,ok
rank0063_KPC3_0315,0.042316,0.013224,0.042316,0.322784,0.253916,0.576,0.1416,0.0365,0.1251,ok
rank0064_KPC3_0574,0.227205,0.01852,0.227205,0.397153,0.381207,0.679,0.1333,0.0949,0.1974,ok
rank0065_KPC3_1619,0.025646,0.014678,0.025646,0.356748,0.320684,0.523,0.2207,0.0367,0.125,ok
rank0066_KPC3_3663,0.0,0.0,0.0,0.0,0.0,0.403,0.0911,0.0183,0.0223,ok
rank0067_KPC3_1501,0.0,0.0,0.0,0.0,0.0,0.26,0.1222,0.0147,0.0,ok
rank0068_KPC3_0028,0.0,0.0,0.0,0.0,0.0,0.268,0.1471,0.0142,0.0,ok
rank0069_KPC3_1892,0.439346,0.036436,0.439346,0.565857,0.561884,0.782,0.1183,0.1248,0.3888,ok
rank0070_KPC3_2565,0.0,0.0,0.0,0.0,0.0,0.391,0.1594,0.0191,0.0065,ok
rank0071_KPC3_1725,0.0,0.0,0.0,0.0,0.0,0.472,0.1015,0.024,0.0192,ok
rank0072_KPC3_1310,0.0,0.0,0.0,0.0,0.0,0.341,0.0695,0.0166,0.016,ok
rank0073_KPC3_1234,0.012913,0.011924,0.012913,0.325569,0.050522,0.488,0.3835,0.031,0.0733,ok
rank0074_KPC3_1250,0.0,0.0,0.0,0.0,0.0,0.216,0.0833,0.015,0.0,ok
rank0075_KPC3_2289,0.011974,0.0,0.011974,0.300398,0.011974,0.404,0.1381,0.0161,0.0511,ok
rank0076_KPC3_1604,0.0,0.0,0.0,0.0,0.0,0.384,0.09,0.0204,0.0224,ok
rank0077_KPC3_2080,0.0,0.0,0.0,0.0,0.0,0.327,0.1445,0.0185,0.0123,ok
rank0078_KPC3_1535,0.539353,0.072055,0.539353,0.718127,0.714965,0.83,0.1899,0.2203,0.4744,ok
rank0079_KPC3_2886,0.0,0.0,0.0,0.0,0.0,0.256,0.097,0.0113,0.0,ok
rank0080_KPC3_0112,0.0,0.0,0.0,0.0,0.0,0.221,0.0911,0.0109,0.0,ok
rank0081_KPC3_0179,0.361264,0.040129,0.361264,0.588079,0.584135,0.78,0.104,0.1169,0.3464,ok
rank0082_KPC3_2437,0.0,0.0,0.0,0.0,0.0,0.269,0.0451,0.0138,0.0,ok
rank0083_KPC3_2193,0.0,0.0,0.0,0.0,0.0,0.287,0.1919,0.0153,0.0,ok
rank0084_KPC3_1880,0.0,0.0,0.0,0.0,0.0,0.39,0.2235,0.0214,0.0138,ok
rank0085_KPC3_1618,0.011463,0.0,0.011463,0.303591,0.011463,0.31,0.124,0.0178,0.0303,ok
rank0086_KPC3_0125,0.140542,0.016938,0.140542,0.37589,0.364432,0.657,0.1241,0.0656,0.1963,ok
rank0087_KPC3_3468,0.011454,0.0,0.011454,0.294935,0.011454,0.485,0.0855,0.0188,0.0416,ok
rank0088_KPC3_1656,0.0,0.0,0.0,0.0,0.0,0.421,0.2845,0.0253,0.0157,ok
rank0089_KPC3_4016,0.012225,0.0,0.012225,0.303614,0.019721,0.551,0.0662,0.0238,0.0644,ok
rank0090_KPC3_2097,0.0,0.0,0.0,0.0,0.0,0.242,0.1322,0.0162,0.0,ok
rank0091_KPC3_3643,0.0,0.0,0.0,0.0,0.0,0.185,0.112,0.0126,0.0,ok
rank0092_KPC3_2553,0.013807,0.0,0.013807,0.346967,0.051808,0.452,0.1957,0.0192,0.0532,ok
rank0093_KPC3_0236,0.081169,0.014182,0.081169,0.357419,0.304511,0.543,0.1898,0.054,0.1354,ok
rank0094_KPC3_0514,0.0,0.0,0.0,0.0,0.0,0.269,0.1507,0.0132,0.0,ok
rank0095_KPC3_1273,0.0,0.0,0.0,0.0,0.0,0.12,0.0291,0.0108,0.0,ok
rank0096_KPC3_4999,0.149538,0.016125,0.149538,0.35994,0.231639,0.639,0.2474,0.0503,0.1276,ok
rank0097_KPC3_1659,0.0116,0.010919,0.0116,0.309844,0.049023,0.537,0.0812,0.0424,0.0584,ok
rank0098_KPC3_2306,0.0,0.0,0.0,0.0,0.0,0.419,0.0471,0.0143,0.0152,ok
rank0099_KPC3_0928,0.01128,0.0,0.01128,0.291119,0.01128,0.489,0.0887,0.0198,0.0381,ok
rank0100_KPC3_1080,0.050911,0.014191,0.050911,0.336611,0.314976,0.608,0.1192,0.0446,0.1513,ok
rank0101_KPC3_0200,0.22943,0.0233,0.22943,0.452978,0.442396,0.723,0.1318,0.0785,0.2462,ok
rank0102_KPC3_0729,0.440006,0.031506,0.440006,0.532055,0.521453,0.785,0.0792,0.1006,0.3478,ok
rank0103_KPC3_0162,0.0,0.0,0.0,0.0,0.0,0.243,0.1059,0.0116,0.0,ok
rank0104_KPC3_0824,0.280452,0.037069,0.280452,0.562923,0.55976,0.736,0.2438,0.1556,0.3287,ok
rank0105_KPC3_1411,0.229375,0.036005,0.229375,0.411226,0.404594,0.668,0.2633,0.1052,0.2305,ok
rank0106_KPC3_1610,0.0,0.0,0.0,0.0,0.0,0.294,0.1259,0.0169,0.0,ok
rank0107_KPC3_1477,0.522693,0.069923,0.522693,0.719114,0.715796,0.841,0.1998,0.298,0.4691,ok
rank0108_KPC3_1099,0.011841,0.0,0.011841,0.312326,0.011841,0.447,0.1932,0.0193,0.0434,ok
rank0109_KPC3_2248,0.0,0.0,0.0,0.0,0.0,0.226,0.1445,0.0119,0.0,ok
rank0110_KPC3_2084,0.0,0.0,0.0,0.0,0.0,0.219,0.1714,0.0128,0.0,ok
rank0111_KPC3_0348,0.0,0.0,0.0,0.0,0.0,0.375,0.1614,0.017,0.0189,ok
rank0112_KPC3_3208,0.0,0.0,0.0,0.0,0.0,0.436,0.0872,0.0225,0.0058,ok
rank0114_KPC3_2085,0.011749,0.0,0.011749,0.312583,0.011749,0.436,0.1581,0.0187,0.0533,ok
rank0115_KPC3_0579,0.412374,0.035081,0.412374,0.559129,0.553492,0.774,0.1094,0.13,0.35,ok
rank0116_KPC3_2340,0.354539,0.038454,0.354539,0.566705,0.563566,0.765,0.1951,0.1296,0.3479,ok
rank0117_KPC3_0019,0.0,0.0,0.0,0.0,0.0,0.393,0.1646,0.0173,0.0225,ok
rank0118_KPC3_1842,0.0,0.0,0.0,0.0,0.0,0.229,0.0745,0.0145,0.0,ok
rank0119_KPC3_1864,0.0,0.0,0.0,0.0,0.0,0.359,0.208,0.0208,0.0085,ok
rank0120_KPC3_0584,0.013424,0.010826,0.013424,0.326527,0.261622,0.412,0.1192,0.0214,0.087,ok
rank0121_KPC3_1706,0.015136,0.011727,0.015136,0.347239,0.331107,0.567,0.1082,0.05,0.1385,ok
rank0122_KPC3_2024,0.0,0.0,0.0,0.0,0.0,0.286,0.1876,0.0176,0.0043,ok
rank0124_KPC3_0021,0.105791,0.014763,0.105791,0.35995,0.317656,0.605,0.2103,0.0673,0.1426,ok
rank0125_KPC3_2196,0.0,0.0,0.0,0.0,0.0,0.297,0.0977,0.0177,0.0,ok
rank0126_KPC3_1430,0.184027,0.036966,0.184027,0.556753,0.555189,0.709,0.1623,0.153,0.319,ok
rank0127_KPC3_1469,0.0,0.0,0.0,0.0,0.0,0.448,0.1516,0.0278,0.0302,ok
rank0128_KPC3_1952,0.08403,0.016922,0.08403,0.373894,0.360625,0.659,0.2228,0.0875,0.1819,ok
rank0129_KPC3_2153,0.013108,0.01174,0.013108,0.335954,0.29795,0.537,0.1756,0.0505,0.102,ok
rank0130_KPC3_1512,0.01175,0.0,0.01175,0.299127,0.01175,0.497,0.0825,0.0193,0.0411,ok
rank0131_KPC3_1799,0.0,0.0,0.0,0.0,0.0,0.225,0.1243,0.015,0.0,ok
rank0133_KPC3_2773,0.0,0.0,0.0,0.0,0.0,0.246,0.1614,0.0145,0.0,ok
rank0134_KPC3_1808,0.0,0.0,0.0,0.0,0.0,0.267,0.0914,0.0138,0.0,ok
rank0135_KPC3_2182,0.092942,0.013349,0.092942,0.338264,0.30337,0.62,0.0995,0.0427,0.1367,ok
rank0136_KPC3_1682,0.0,0.0,0.0,0.0,0.0,0.231,0.1181,0.0138,0.0,ok
rank0137_KPC3_2325,0.012473,0.0,0.012473,0.323672,0.043246,0.439,0.1859,0.0316,0.0579,ok
rank0138_KPC3_1569,0.4344,0.063599,0.4344,0.692905,0.690113,0.813,0.2415,0.252,0.4389,ok
rank0139_KPC3_0869,0.0,0.0,0.0,0.0,0.0,0.387,0.3363,0.0199,0.0062,ok
rank0140_KPC3_0208,0.106258,0.015359,0.106258,0.352088,0.329841,0.664,0.1466,0.0475,0.1578,ok
rank0141_KPC3_2868,0.020971,0.014163,0.020971,0.340197,0.319002,0.587,0.1412,0.0558,0.139,ok
rank0142_KPC3_0091,0.441147,0.042304,0.441147,0.599812,0.59597,0.792,0.1534,0.164,0.3854,ok
rank0143_KPC3_2467,0.586629,0.20679,0.586629,0.73585,0.733008,0.85,0.3566,0.4733,0.5109,ok
rank0144_KPC3_0651,0.628021,0.16029,0.628021,0.793454,0.79145,0.87,0.3805,0.3807,0.5787,ok
rank0145_KPC3_3800,0.0,0.0,0.0,0.0,0.0,0.427,0.097,0.0237,0.0272,ok
rank0146_KPC3_2211,0.013565,0.01203,0.013565,0.334106,0.320021,0.608,0.1315,0.0532,0.1312,ok
rank0148_KPC3_2393,0.01095,0.0,0.01095,0.29327,0.01095,0.436,0.2241,0.0262,0.0577,ok
rank0150_KPC3_1276,0.012747,0.010921,0.012747,0.3271,0.055499,0.453,0.0952,0.025,0.0761,ok
rank0151_KPC3_3475,0.0,0.0,0.0,0.0,0.0,0.257,0.2206,0.0122,0.0,ok
rank0152_KPC3_2374,0.159049,0.020554,0.159049,0.42119,0.415908,0.647,0.2386,0.1361,0.2314,ok
rank0154_KPC3_1524,0.013055,0.01258,0.013055,0.328105,0.127461,0.451,0.1355,0.0223,0.0805,ok
rank0155_KPC3_0497,0.013275,0.01124,0.013275,0.333534,0.086995,0.561,0.1926,0.0334,0.0903,ok
rank0156_KPC3_0235,0.0,0.0,0.0,0.0,0.0,0.292,0.0923,0.0148,0.0,ok
rank0158_KPC3_0217,0.0,0.0,0.0,0.0,0.0,0.337,0.1384,0.0163,0.0217,ok
rank0159_KPC3_0585,0.0,0.0,0.0,0.0,0.0,0.444,0.0618,0.0224,0.0315,ok
rank0160_KPC3_0718,0.013147,0.0,0.013147,0.331712,0.029367,0.505,0.1974,0.0254,0.0625,ok
rank0161_KPC3_2068,0.011917,0.0,0.011917,0.307418,0.011917,0.439,0.2719,0.0247,0.04,ok
rank0162_KPC3_0426,0.522726,0.061052,0.522726,0.684183,0.680782,0.82,0.1265,0.1745,0.4481,ok
rank0163_KPC3_4416,0.0,0.0,0.0,0.0,0.0,0.276,0.0857,0.014,0.0,ok
rank0164_KPC3_0210,0.0,0.0,0.0,0.0,0.0,0.271,0.1039,0.0151,0.0,ok
rank0165_KPC3_3448,0.190341,0.019328,0.190341,0.414583,0.408444,0.668,0.1496,0.0626,0.2227,ok
rank0166_KPC3_1412,0.011183,0.0,0.011183,0.295812,0.011183,0.471,0.1717,0.023,0.0543,ok
rank0167_KPC3_1747,0.011393,0.0,0.011393,0.30727,0.011393,0.396,0.192,0.0202,0.0432,ok
rank0168_KPC3_1810,0.0,0.0,0.0,0.0,0.0,0.32,0.1324,0.0219,0.029,ok
rank0169_KPC3_0026,0.174359,0.046135,0.174359,0.3719,0.239964,0.709,0.2798,0.0436,0.1449,ok
rank0170_KPC3_1731,0.608972,0.067108,0.608972,0.675199,0.673889,0.807,0.3027,0.2224,0.4502,ok
rank0171_KPC3_1009,0.048395,0.013958,0.048395,0.333934,0.225788,0.623,0.0811,0.0395,0.1185,ok
rank0172_KPC3_1145,0.014286,0.012375,0.014286,0.347372,0.328152,0.562,0.2051,0.0573,0.1241,ok
rank0173_KPC3_1110,0.0,0.0,0.0,0.0,0.0,0.402,0.0729,0.0167,0.0174,ok
rank0174_KPC3_0930,0.0,0.0,0.0,0.0,0.0,0.295,0.1997,0.0186,0.0,ok
rank0175_KPC3_0640,0.597124,0.084743,0.597124,0.757969,0.75501,0.851,0.0904,0.1692,0.4992,ok
rank0176_KPC3_1651,0.256332,0.073211,0.256332,0.455084,0.447764,0.716,0.2787,0.1081,0.2449,ok
rank0177_KPC3_1683,0.672429,0.235139,0.672429,0.756096,0.753391,0.876,0.4461,0.4441,0.5472,ok
rank0178_KPC3_0689,0.0,0.0,0.0,0.0,0.0,0.321,0.1049,0.0177,0.0,ok
rank0178_KPC3_0689_2,0.022009,0.0,0.022009,0.318409,0.068943,0.541,0.1311,0.0356,0.0761,ok
rank0179_KPC3_1744,0.012784,0.012159,0.012784,0.332626,0.170658,0.488,0.1551,0.0356,0.0817,ok
rank0180_KPC3_0606,0.012683,0.0,0.012683,0.313818,0.012683,0.549,0.1988,0.0267,0.0585,ok
rank0181_KPC3_1603,0.0,0.0,0.0,0.0,0.0,0.316,0.1595,0.0171,0.0,ok
rank0182_KPC3_0294,0.011758,0.011564,0.011758,0.305182,0.053976,0.584,0.134,0.0312,0.0638,ok
rank0183_KPC3_0850,0.0,0.0,0.0,0.0,0.0,0.211,0.0636,0.0142,0.0,ok
rank0185_KPC3_0363,0.0,0.0,0.0,0.0,0.0,0.307,0.1468,0.0152,0.0,ok
rank0186_KPC3_4890,0.0,0.0,0.0,0.0,0.0,0.32,0.1303,0.0173,0.0,ok
rank0187_KPC3_1833,0.0,0.0,0.0,0.0,0.0,0.257,0.1389,0.0134,0.0,ok
rank0188_KPC3_1583,0.012611,0.012393,0.012611,0.326344,0.208243,0.507,0.1704,0.0292,0.0819,ok
rank0189_KPC3_1938,0.205413,0.014716,0.205413,0.363794,0.304869,0.686,0.2681,0.0992,0.18,ok
rank0190_KPC3_2191,0.0,0.0,0.0,0.0,0.0,0.274,0.1698,0.016,0.0,ok
rank0191_KPC3_2929,0.0,0.0,0.0,0.0,0.0,0.436,0.0549,0.0193,0.0293,ok
rank0192_KPC3_1084,0.383299,0.02432,0.383299,0.467879,0.46223,0.751,0.0937,0.0679,0.2842,ok
rank0193_KPC3_1340,0.169447,0.014813,0.169447,0.383219,0.317901,0.61,0.0765,0.0541,0.1628,ok
rank0194_KPC3_0765,0.0,0.0,0.0,0.0,0.0,0.245,0.0885,0.0139,0.0,ok
rank0195_KPC3_2116,0.012197,0.0,0.012197,0.318257,0.021577,0.353,0.1139,0.019,0.0424,ok
rank0196_KPC3_0510,0.230785,0.052373,0.230785,0.426409,0.420557,0.691,0.1692,0.1488,0.2252,ok
rank0197_KPC3_4496,0.509449,0.136654,0.509449,0.792002,0.789466,0.862,0.2707,0.2909,0.4765,ok
rank0198_KPC3_0087,0.079514,0.013784,0.079514,0.349629,0.311482,0.582,0.1034,0.0488,0.1285,ok
rank0199_KPC3_0776,0.0,0.0,0.0,0.0,0.0,0.242,0.0856,0.0148,0.0,ok
rank0200_KPC3_3784,0.279172,0.026399,0.279172,0.487287,0.479949,0.733,0.1349,0.0854,0.2842,ok
